customerID,gender,SeniorCitizen,Partner,Dependents,tenure,PhoneService,MultipleLines,InternetService,OnlineSecurity,OnlineBackup,DeviceProtection,TechSupport,StreamingTV,StreamingMovies,Contract,PaperlessBilling,PaymentMethod,MonthlyCharges,TotalCharges,Churn
0000-1803,Male,0,Yes,Yes,65,No,No phone service,No,No internet service,No internet service,No internet service,No internet service,No internet service,No internet service,Two year,Yes,Electronic check,18.25,1217.32,No
0001-7964,Male,1,Yes,No,51,Yes,Yes,No,No internet service,No internet service,No internet service,No internet service,No internet service,No internet service,One year,Yes,Electronic check,26.52,1218.79,Yes
0002-6890,Female,1,No,No,62,Yes,No,Fiber optic,No,Yes,No,No,Yes,No,Month-to-month,No,Mailed check,98.91,5973.23,No
0003-4949,Male,0,Yes,No,28,Yes,Yes,DSL,No,Yes,No,No,No,No,One year,Yes,Bank transfer (automatic),70.17,1898.16,No
0004-4896,Female,0,No,No,28,Yes,No,Fiber optic,No,No,Yes,Yes,No,No,One year,Yes,Credit card (automatic),74.13,2088.05,No
0005-8726,Male,0,No,No,0,Yes,No,Fiber optic,Yes,No,No,No,Yes,No,Month-to-month,No,Electronic check,91.66,,No
0006-1773,Male,0,No,No,49,Yes,Yes,DSL,Yes,Yes,No,Yes,No,Yes,Month-to-month,Yes,Electronic check,75.72,3798.83,No
0007-7275,Male,1,No,Yes,1,Yes,No,DSL,No,No,No,No,Yes,Yes,One year,No,Electronic check,60.41,11.81,No
0008-2813,Female,0,Yes,No,70,Yes,No,Fiber optic,No,No,No,No,Yes,No,Month-to-month,Yes,Electronic check,92.0,6471.85,No
0009-1847,Male,0,Yes,Yes,50,Yes,Yes,Fiber optic,No,Yes,Yes,Yes,No,Yes,Month-to-month,No,Electronic check,104.11,5252.31,No
0010-5737,Female,0,No,No,33,Yes,Yes,Fiber optic,Yes,No,No,Yes,No,No,Two year,Yes,Electronic check,83.73,2758.21,No
0011-9779,Male,0,Yes,No,48,Yes,No,DSL,No,No,No,No,No,Yes,One year,No,Credit card (automatic),70.51,3320.0,No
0012-7621,Female,0,No,No,72,Yes,No,No,No internet service,No internet service,No internet service,No internet service,No internet service,No internet service,Month-to-month,Yes,Credit card (automatic),30.75,2189.88,No
0013-7849,Female,1,No,No,11,Yes,Yes,No,No internet service,No internet service,No internet service,No internet service,No internet service,No internet service,One year,Yes,Mailed check,32.39,311.05,No
0014-7456,Male,0,Yes,No,54,Yes,No,Fiber optic,No,No,Yes,No,Yes,Yes,Month-to-month,Yes,Electronic check,83.88,4468.61,Yes
0015-8073,Male,0,Yes,No,63,Yes,No,DSL,No,Yes,No,No,No,No,One year,Yes,Mailed check,54.4,3343.89,No
0016-5618,Female,0,No,Yes,42,Yes,No,DSL,No,No,No,Yes,Yes,No,Month-to-month,No,Electronic check,55.24,2379.92,No
0017-2152,Female,0,No,Yes,48,Yes,No,Fiber optic,No,No,No,No,Yes,Yes,Month-to-month,Yes,Electronic check,94.22,4663.52,No
0018-8556,Female,0,No,No,36,Yes,Yes,No,No internet service,No internet service,No internet service,No internet service,No internet service,No internet service,Month-to-month,No,Credit card (automatic),33.04,1199.21,No
0019-5053,Male,0,Yes,No,11,Yes,No,Fiber optic,Yes,Yes,No,Yes,No,No,Two year,Yes,Mailed check,74.27,843.61,No
0020-5502,Female,0,No,Yes,71,Yes,No,DSL,No,No,No,No,No,No,Month-to-month,Yes,Bank transfer (automatic),56.95,4027.75,No
0021-4336,Female,0,Yes,No,20,Yes,No,No,No internet service,No internet service,No internet service,No internet service,No internet service,No internet service,One year,Yes,Bank transfer (automatic),29.9,574.94,No
0022-2642,Female,0,Yes,No,28,Yes,Yes,Fiber optic,Yes,Yes,No,No,No,No,Two year,Yes,Electronic check,86.6,2346.25,Yes
0023-9339,Female,0,No,No,71,Yes,No,No,No internet service,No internet service,No internet service,No internet service,No internet service,No internet service,Month-to-month,No,Credit card (automatic),32.75,2403.36,No
0024-8033,Female,1,No,Yes,4,Yes,Yes,Fiber optic,No,No,Yes,No,Yes,Yes,Month-to-month,No,Credit card (automatic),70.71,297.77,No
0025-6794,Male,0,Yes,No,29,Yes,Yes,Fiber optic,No,No,Yes,No,Yes,No,Two year,No,Bank transfer (automatic),84.62,2490.49,No
0026-4621,Male,0,No,Yes,40,Yes,Yes,DSL,No,Yes,No,No,No,Yes,Month-to-month,No,Mailed check,72.34,2877.23,No
0027-8404,Female,0,Yes,Yes,17,Yes,Yes,DSL,Yes,Yes,Yes,Yes,No,Yes,Month-to-month,Yes,Credit card (automatic),82.07,1257.0,No
0028-5908,Male,0,Yes,No,48,No,No phone service,No,No internet service,No internet service,No internet service,No internet service,No internet service,No internet service,Month-to-month,Yes,Bank transfer (automatic),18.25,811.27,No
0029-4990,Male,0,Yes,No,38,Yes,Yes,Fiber optic,Yes,No,Yes,No,No,Yes,Month-to-month,Yes,Credit card (automatic),109.35,4188.66,Yes
0030-5053,Female,0,No,Yes,19,Yes,No,Fiber optic,No,Yes,No,No,No,No,Month-to-month,No,Mailed check,86.57,1666.66,Yes
0031-3044,Male,0,Yes,Yes,15,Yes,No,Fiber optic,Yes,No,Yes,No,Yes,No,Month-to-month,No,Electronic check,84.98,1278.83,No
0032-1829,Male,0,No,No,20,Yes,No,DSL,Yes,Yes,Yes,Yes,No,No,Month-to-month,No,Electronic check,68.33,1416.94,No
0033-5990,Male,0,Yes,No,57,Yes,Yes,No,No internet service,No internet service,No internet service,No internet service,No internet service,No internet service,Month-to-month,No,Electronic check,37.18,2028.31,No
0034-8990,Female,1,Yes,Yes,38,Yes,No,DSL,No,No,No,No,Yes,Yes,Two year,Yes,Electronic check,73.57,2868.35,Yes
0035-1574,Female,0,Yes,Yes,57,Yes,Yes,Fiber optic,No,No,No,No,No,No,Two year,No,Bank transfer (automatic),65.83,3897.49,No
0036-8723,Female,1,Yes,No,52,Yes,No,Fiber optic,No,Yes,Yes,No,Yes,No,One year,No,Mailed check,92.1,4875.75,No
0037-8447,Female,0,No,Yes,58,No,No phone service,Fiber optic,No,No,No,Yes,No,No,Month-to-month,Yes,Bank transfer (automatic),71.15,4103.35,No
0038-3490,Male,0,No,No,62,Yes,No,Fiber optic,No,No,No,No,No,Yes,Two year,Yes,Bank transfer (automatic),95.07,5999.24,No
0039-6684,Male,0,No,No,45,Yes,Yes,No,No internet service,No internet service,No internet service,No internet service,No internet service,No internet service,Month-to-month,No,Electronic check,30.24,1393.87,No
0040-2486,Male,0,Yes,No,26,Yes,No,No,No internet service,No internet service,No internet service,No internet service,No internet service,No internet service,Two year,No,Electronic check,32.19,828.58,No
0041-7822,Male,0,No,No,50,Yes,No,No,No internet service,No internet service,No internet service,No internet service,No internet service,No internet service,Month-to-month,No,Credit card (automatic),28.16,1456.59,No
0042-7304,Male,0,No,No,68,Yes,No,Fiber optic,Yes,No,No,No,Yes,No,Month-to-month,No,Bank transfer (automatic),89.0,6160.41,No
0043-4190,Female,0,Yes,Yes,23,Yes,No,DSL,No,No,Yes,No,Yes,Yes,One year,No,Bank transfer (automatic),83.55,1727.89,No
0044-1611,Female,0,No,No,35,No,No phone service,No,No internet service,No internet service,No internet service,No internet service,No internet service,No internet service,One year,Yes,Electronic check,18.25,479.15,No
0045-9735,Female,0,No,Yes,64,Yes,No,DSL,No,No,No,Yes,No,No,Two year,No,Electronic check,40.56,2475.15,No
0046-5010,Female,0,No,No,43,Yes,Yes,No,No internet service,No internet service,No internet service,No internet service,No internet service,No internet service,Month-to-month,Yes,Electronic check,32.02,1342.66,No
0047-9037,Male,0,No,Yes,10,No,No phone service,DSL,No,Yes,No,No,Yes,Yes,Month-to-month,No,Electronic check,59.6,633.92,No
0048-7100,Female,0,No,No,25,Yes,Yes,No,No internet service,No internet service,No internet service,No internet service,No internet service,No internet service,Month-to-month,Yes,Credit card (automatic),26.94,789.63,Yes
0049-8004,Female,0,No,Yes,18,Yes,Yes,Fiber optic,No,Yes,No,No,No,No,One year,Yes,Mailed check,79.74,1338.38,No
0050-7838,Female,0,No,No,34,Yes,Yes,Fiber optic,No,Yes,Yes,Yes,Yes,No,Two year,Yes,Electronic check,93.24,3284.52,No
0051-2751,Male,0,No,No,72,Yes,No,No,No internet service,No internet service,No internet service,No internet service,No internet service,No internet service,Month-to-month,No,Mailed check,24.58,1733.8,No
0052-4274,Male,0,Yes,Yes,61,Yes,Yes,DSL,Yes,Yes,Yes,No,No,No,One year,Yes,Bank transfer (automatic),44.88,2795.56,No
0053-5200,Female,0,No,No,70,Yes,No,Fiber optic,No,Yes,No,No,Yes,No,Month-to-month,Yes,Electronic check,89.17,6222.0,No
0054-5479,Female,0,No,Yes,54,Yes,No,DSL,No,Yes,Yes,No,No,Yes,One year,Yes,Electronic check,66.96,3508.96,No
0055-1394,Female,0,Yes,No,37,Yes,No,No,No internet service,No internet service,No internet service,No internet service,No internet service,No internet service,Month-to-month,No,Mailed check,27.53,1109.06,No
0056-5918,Male,0,No,No,48,No,No phone service,Fiber optic,Yes,No,Yes,No,No,Yes,Month-to-month,Yes,Credit card (automatic),66.72,3132.12,No
0057-2388,Female,0,No,No,36,Yes,No,DSL,No,No,No,No,No,Yes,Two year,Yes,Mailed check,60.58,2065.71,No
0058-7689,Male,0,No,No,2,Yes,No,DSL,No,No,No,No,Yes,Yes,Two year,No,Bank transfer (automatic),54.47,200.8,No
0059-7146,Male,0,No,No,8,Yes,No,No,No internet service,No internet service,No internet service,No internet service,No internet service,No internet service,One year,No,Electronic check,28.27,273.0,No
0060-9301,Male,0,Yes,No,40,Yes,No,No,No internet service,No internet service,No internet service,No internet service,No internet service,No internet service,Month-to-month,No,Electronic check,26.45,1165.17,No
0061-7702,Female,0,No,No,48,Yes,Yes,No,No internet service,No internet service,No internet service,No internet service,No internet service,No internet service,Month-to-month,No,Electronic check,30.53,1588.98,No
0062-4299,Female,0,No,No,18,Yes,Yes,DSL,Yes,Yes,Yes,Yes,No,Yes,Month-to-month,No,Bank transfer (automatic),62.3,1166.6,No
0063-9706,Female,0,No,No,2,Yes,No,Fiber optic,No,No,Yes,Yes,No,No,Month-to-month,Yes,Mailed check,71.45,46.28,Yes
0064-4697,Male,0,Yes,No,5,Yes,No,Fiber optic,No,No,Yes,No,No,Yes,Month-to-month,Yes,Bank transfer (automatic),86.33,315.67,Yes
0065-3932,Female,0,Yes,Yes,22,Yes,No,Fiber optic,No,Yes,Yes,Yes,No,No,Month-to-month,Yes,Credit card (automatic),92.88,1969.74,No
0066-9148,Female,0,No,No,62,Yes,No,No,No internet service,No internet service,No internet service,No internet service,No internet service,No internet service,One year,Yes,Electronic check,31.44,2083.24,No
0067-4333,Female,1,Yes,Yes,30,Yes,Yes,DSL,No,No,No,No,Yes,No,One year,Yes,Mailed check,62.81,1914.62,No
0068-1687,Male,0,Yes,No,71,Yes,No,Fiber optic,No,Yes,Yes,Yes,No,No,Month-to-month,Yes,Electronic check,75.85,5359.34,No
0069-5225,Male,0,No,No,65,Yes,Yes,DSL,No,No,No,No,No,Yes,One year,No,Electronic check,63.24,4179.69,No
0070-8160,Female,0,No,No,62,Yes,No,Fiber optic,No,Yes,No,No,No,No,One year,Yes,Electronic check,94.9,5937.73,No
0071-2705,Male,0,No,Yes,70,Yes,No,DSL,Yes,Yes,Yes,No,No,No,Month-to-month,No,Bank transfer (automatic),61.2,4288.33,No
0072-5166,Male,1,No,Yes,17,Yes,No,DSL,Yes,No,Yes,No,Yes,No,Month-to-month,No,Bank transfer (automatic),69.63,1246.3,No
0073-2169,Male,0,No,No,71,Yes,Yes,DSL,No,Yes,Yes,Yes,No,No,Month-to-month,No,Credit card (automatic),57.49,3988.21,No
0074-7177,Male,0,No,No,67,Yes,No,DSL,No,No,Yes,No,Yes,No,Month-to-month,Yes,Electronic check,59.09,4157.52,No
0075-5280,Female,0,No,No,58,Yes,Yes,Fiber optic,No,No,Yes,Yes,Yes,No,Month-to-month,No,Credit card (automatic),87.26,4874.88,No
0076-3971,Male,0,No,No,14,Yes,No,Fiber optic,No,Yes,No,No,No,Yes,Month-to-month,No,Mailed check,88.62,1164.98,No
0077-3041,Male,0,No,Yes,21,Yes,No,No,No internet service,No internet service,No internet service,No internet service,No internet service,No internet service,One year,No,Electronic check,27.72,524.56,No
0078-6079,Male,0,Yes,No,47,Yes,No,Fiber optic,No,No,No,No,Yes,Yes,One year,Yes,Electronic check,108.14,5044.85,No
0079-7027,Male,1,Yes,No,3,Yes,No,Fiber optic,Yes,No,Yes,Yes,Yes,No,Month-to-month,No,Credit card (automatic),100.08,279.82,No
0080-9461,Male,1,No,Yes,59,Yes,Yes,No,No internet service,No internet service,No internet service,No internet service,No internet service,No internet service,Two year,Yes,Mailed check,34.33,2109.31,No
0081-4933,Female,0,No,No,31,Yes,No,Fiber optic,No,Yes,No,Yes,No,No,Month-to-month,No,Mailed check,72.06,2263.98,Yes
0082-2446,Male,1,No,Yes,1,Yes,Yes,Fiber optic,No,No,No,No,No,Yes,Month-to-month,No,Mailed check,82.02,53.41,No
0083-8493,Male,0,No,Yes,21,Yes,No,No,No internet service,No internet service,No internet service,No internet service,No internet service,No internet service,Month-to-month,No,Credit card (automatic),31.07,738.88,No
0084-6667,Female,0,No,Yes,28,Yes,Yes,No,No internet service,No internet service,No internet service,No internet service,No internet service,No internet service,One year,Yes,Bank transfer (automatic),29.95,797.47,No
0085-7301,Female,1,Yes,No,47,Yes,No,DSL,No,Yes,Yes,No,Yes,Yes,Month-to-month,Yes,Electronic check,51.8,2428.96,No
0086-1874,Male,0,No,No,43,Yes,Yes,DSL,No,No,Yes,Yes,No,Yes,Month-to-month,No,Bank transfer (automatic),49.54,2067.98,No
0087-3810,Female,0,No,Yes,27,Yes,Yes,DSL,No,Yes,Yes,No,No,No,Month-to-month,No,Electronic check,53.65,1321.34,No
0088-7909,Male,0,Yes,No,45,Yes,Yes,Fiber optic,Yes,Yes,Yes,No,No,Yes,Two year,No,Electronic check,99.92,4473.13,No
0089-8489,Male,0,No,No,65,Yes,No,Fiber optic,No,Yes,No,No,No,Yes,Month-to-month,No,Bank transfer (automatic),73.7,4809.61,No
0090-4916,Male,0,No,No,25,Yes,Yes,DSL,No,No,No,No,No,Yes,Month-to-month,No,Bank transfer (automatic),65.64,1793.04,No
0091-8242,Female,0,No,Yes,27,Yes,No,Fiber optic,Yes,Yes,No,No,No,No,Month-to-month,No,Credit card (automatic),86.24,2298.56,Yes
0092-8574,Female,0,Yes,Yes,7,Yes,No,Fiber optic,Yes,Yes,No,Yes,Yes,No,Month-to-month,No,Credit card (automatic),92.56,636.47,Yes
0093-4486,Male,0,Yes,Yes,27,Yes,No,Fiber optic,Yes,No,Yes,No,No,No,Two year,Yes,Electronic check,95.16,2512.1,No
0094-9081,Male,0,No,No,20,Yes,Yes,DSL,No,Yes,No,No,Yes,No,One year,Yes,Electronic check,67.89,1218.98,No
0095-3594,Female,0,No,No,55,Yes,No,DSL,No,No,No,Yes,No,No,Month-to-month,No,Credit card (automatic),46.79,2509.44,No
0096-3155,Female,0,No,Yes,8,Yes,No,Fiber optic,Yes,Yes,Yes,No,No,Yes,Two year,Yes,Mailed check,88.31,652.42,Yes
0097-7141,Female,0,Yes,No,43,Yes,No,DSL,Yes,No,No,No,Yes,No,One year,Yes,Mailed check,74.16,3266.72,No
0098-6730,Male,0,No,Yes,56,Yes,Yes,Fiber optic,No,Yes,No,No,Yes,No,Month-to-month,No,Electronic check,102.34,5709.11,No
0099-2257,Male,0,Yes,Yes,18,Yes,Yes,Fiber optic,No,No,Yes,Yes,Yes,No,Month-to-month,No,Electronic check,78.32,1394.13,Yes
0100-8493,Female,0,Yes,No,4,Yes,Yes,Fiber optic,No,No,Yes,No,No,No,Month-to-month,Yes,Bank transfer (automatic),77.8,401.9,Yes
0101-2798,Female,1,Yes,Yes,49,Yes,No,No,No internet service,No internet service,No internet service,No internet service,No internet service,No internet service,Two year,Yes,Electronic check,31.86,1619.71,No
0102-8243,Female,0,No,Yes,42,Yes,No,DSL,No,No,No,No,No,No,One year,Yes,Bank transfer (automatic),35.78,1552.97,No
0103-1066,Male,0,No,No,41,Yes,Yes,DSL,Yes,No,Yes,No,Yes,No,One year,No,Mailed check,61.39,2612.26,No
0104-8170,Female,0,Yes,No,64,Yes,No,No,No internet service,No internet service,No internet service,No internet service,No internet service,No internet service,Month-to-month,Yes,Electronic check,30.19,1834.1,No
0105-8081,Female,0,No,No,7,Yes,Yes,Fiber optic,No,Yes,Yes,No,No,Yes,Month-to-month,Yes,Electronic check,84.29,421.94,Yes
0106-8022,Female,0,No,No,14,Yes,Yes,DSL,Yes,Yes,Yes,No,No,Yes,Month-to-month,Yes,Electronic check,79.01,1111.57,Yes
0107-6982,Male,0,No,No,34,Yes,No,Fiber optic,No,No,Yes,No,Yes,Yes,Month-to-month,No,Electronic check,93.32,3130.82,No
0108-5243,Female,0,No,No,41,Yes,No,Fiber optic,No,Yes,Yes,No,No,No,Two year,No,Credit card (automatic),78.93,3327.2,No
0109-7345,Female,1,No,No,67,Yes,No,Fiber optic,No,Yes,No,No,No,No,Two year,Yes,Electronic check,65.84,4399.33,No
0110-3493,Male,0,Yes,No,45,Yes,Yes,No,No internet service,No internet service,No internet service,No internet service,No internet service,No internet service,Month-to-month,Yes,Credit card (automatic),24.7,1280.04,No
0111-8025,Female,0,Yes,Yes,15,Yes,No,DSL,No,Yes,No,No,No,No,Month-to-month,No,Mailed check,61.49,1030.63,No
0112-6000,Female,0,No,No,62,No,No phone service,Fiber optic,Yes,Yes,No,Yes,No,No,Two year,Yes,Mailed check,67.66,4257.13,No
0113-5129,Male,1,No,Yes,30,Yes,No,DSL,No,Yes,Yes,No,Yes,Yes,Month-to-month,Yes,Mailed check,76.63,2393.68,No
0114-5549,Male,1,No,No,63,Yes,Yes,Fiber optic,No,Yes,Yes,No,No,Yes,Month-to-month,Yes,Electronic check,79.55,4931.92,No
0115-6118,Female,0,No,No,20,No,No phone service,Fiber optic,No,No,No,No,No,No,Month-to-month,Yes,Electronic check,76.55,1463.24,No
0116-1335,Female,0,No,No,57,Yes,Yes,No,No internet service,No internet service,No internet service,No internet service,No internet service,No internet service,Month-to-month,Yes,Bank transfer (automatic),26.9,1439.48,No
0117-2258,Female,0,No,No,39,Yes,No,Fiber optic,No,No,Yes,No,Yes,Yes,Two year,Yes,Bank transfer (automatic),95.13,3683.93,No
0118-3209,Male,0,No,No,40,Yes,No,No,No internet service,No internet service,No internet service,No internet service,No internet service,No internet service,Two year,Yes,Mailed check,33.71,1216.36,No
0119-2030,Male,0,Yes,Yes,71,Yes,No,DSL,Yes,No,Yes,Yes,No,No,Month-to-month,No,Electronic check,51.38,3547.62,No
0120-4956,Male,0,No,No,11,Yes,Yes,Fiber optic,No,Yes,No,Yes,Yes,Yes,Two year,No,Electronic check,81.97,855.68,No
0121-7014,Male,1,No,Yes,22,Yes,No,No,No internet service,No internet service,No internet service,No internet service,No internet service,No internet service,Month-to-month,Yes,Electronic check,31.49,526.04,No
0122-6889,Female,0,Yes,No,13,Yes,Yes,DSL,Yes,No,Yes,Yes,No,Yes,One year,Yes,Credit card (automatic),84.03,1073.89,No
0123-5239,Male,0,Yes,No,60,Yes,No,No,No internet service,No internet service,No internet service,No internet service,No internet service,No internet service,Two year,Yes,Mailed check,32.96,1847.11,No
0124-8694,Male,0,No,No,62,Yes,Yes,Fiber optic,No,Yes,No,Yes,No,No,Month-to-month,No,Mailed check,76.85,4720.53,No
0125-6086,Female,0,No,No,61,Yes,No,No,No internet service,No internet service,No internet service,No internet service,No internet service,No internet service,Month-to-month,Yes,Electronic check,32.18,1809.16,No
0126-1712,Male,0,Yes,Yes,17,Yes,Yes,DSL,No,No,No,No,No,Yes,One year,No,Bank transfer (automatic),63.75,1177.05,No
0127-7884,Male,0,Yes,Yes,18,Yes,Yes,Fiber optic,No,Yes,No,No,Yes,Yes,Two year,Yes,Electronic check,112.59,2115.33,No
0128-6170,Male,0,Yes,No,29,Yes,No,DSL,No,No,No,No,Yes,Yes,Month-to-month,Yes,Electronic check,67.96,1889.12,No
0129-6711,Male,0,Yes,Yes,56,Yes,No,No,No internet service,No internet service,No internet service,No internet service,No internet service,No internet service,Two year,Yes,Electronic check,31.67,1764.43,No
0130-6087,Female,0,No,No,54,Yes,Yes,DSL,No,Yes,Yes,No,No,No,One year,No,Credit card (automatic),52.9,2979.54,No
0131-5981,Female,0,No,No,72,Yes,No,Fiber optic,Yes,Yes,Yes,No,No,No,Month-to-month,No,Bank transfer (automatic),66.47,4911.99,No
0132-1815,Female,0,No,No,57,Yes,Yes,Fiber optic,Yes,Yes,Yes,Yes,No,No,Two year,Yes,Bank transfer (automatic),99.5,5639.93,No
0133-6032,Male,0,Yes,Yes,69,Yes,No,No,No internet service,No internet service,No internet service,No internet service,No internet service,No internet service,Two year,No,Credit card (automatic),27.68,1834.13,No
0134-8153,Male,1,Yes,Yes,19,No,No phone service,No,No internet service,No internet service,No internet service,No internet service,No internet service,No internet service,One year,Yes,Bank transfer (automatic),18.25,504.69,No
0135-3735,Female,1,Yes,No,44,Yes,No,No,No internet service,No internet service,No internet service,No internet service,No internet service,No internet service,Month-to-month,No,Electronic check,25.6,1030.67,No
0136-6424,Female,0,No,No,38,Yes,No,DSL,Yes,No,Yes,No,No,Yes,Month-to-month,Yes,Bank transfer (automatic),67.12,2611.13,No
0137-1277,Female,0,No,No,11,No,No phone service,No,No internet service,No internet service,No internet service,No internet service,No internet service,No internet service,Month-to-month,Yes,Electronic check,18.25,171.03,No
0138-4127,Male,0,Yes,No,69,Yes,Yes,Fiber optic,No,No,No,No,Yes,Yes,Month-to-month,No,Mailed check,79.97,5485.6,No
0139-4930,Female,0,No,No,8,Yes,No,Fiber optic,Yes,No,Yes,No,Yes,Yes,Month-to-month,Yes,Electronic check,85.99,631.59,Yes
0140-9843,Female,0,Yes,Yes,62,Yes,No,DSL,Yes,No,Yes,Yes,No,No,One year,Yes,Electronic check,57.96,3621.42,No
0141-2931,Female,0,Yes,No,19,Yes,No,No,No internet service,No internet service,No internet service,No internet service,No internet service,No internet service,Month-to-month,Yes,Bank transfer (automatic),28.48,540.9,No
0142-3488,Male,0,No,No,16,Yes,Yes,Fiber optic,Yes,No,No,No,Yes,No,Month-to-month,No,Bank transfer (automatic),103.38,1541.75,Yes
0143-4676,Female,0,Yes,No,43,Yes,Yes,No,No internet service,No internet service,No internet service,No internet service,No internet service,No internet service,Two year,No,Bank transfer (automatic),29.62,1270.28,No
0144-9932,Female,0,No,No,34,Yes,No,Fiber optic,Yes,Yes,Yes,Yes,Yes,No,One year,Yes,Electronic check,104.83,3505.51,No
0145-8679,Female,0,Yes,No,28,Yes,Yes,Fiber optic,Yes,No,Yes,No,Yes,No,Month-to-month,Yes,Electronic check,87.99,2453.22,No
0146-1312,Female,0,No,No,65,Yes,Yes,DSL,Yes,No,No,No,No,No,Month-to-month,Yes,Credit card (automatic),49.98,3288.21,No
0147-3105,Female,0,Yes,Yes,51,Yes,No,DSL,No,Yes,No,Yes,Yes,Yes,Month-to-month,Yes,Credit card (automatic),80.92,4086.65,No
0148-8394,Male,0,Yes,Yes,44,Yes,No,No,No internet service,No internet service,No internet service,No internet service,No internet service,No internet service,Month-to-month,Yes,Credit card (automatic),30.99,1339.1,No
0149-1524,Male,0,Yes,No,57,Yes,No,Fiber optic,Yes,Yes,Yes,Yes,No,Yes,Two year,Yes,Credit card (automatic),83.24,4687.6,No
0150-8700,Male,0,No,No,58,Yes,Yes,DSL,No,No,Yes,No,No,No,Month-to-month,No,Electronic check,51.59,3024.93,Yes
0151-3532,Male,0,No,No,13,Yes,No,Fiber optic,Yes,No,No,Yes,Yes,Yes,Month-to-month,Yes,Credit card (automatic),81.46,1050.89,No
0152-9257,Male,1,No,No,32,Yes,No,No,No internet service,No internet service,No internet service,No internet service,No internet service,No internet service,One year,Yes,Electronic check,26.08,866.38,No
0153-3642,Female,0,Yes,No,66,Yes,Yes,Fiber optic,No,No,Yes,No,No,No,Month-to-month,Yes,Electronic check,98.34,6497.13,Yes
0154-4908,Male,1,Yes,Yes,59,Yes,Yes,Fiber optic,No,No,Yes,Yes,No,Yes,Two year,Yes,Electronic check,89.89,5451.47,No
0155-6956,Female,0,Yes,No,4,Yes,No,No,No internet service,No internet service,No internet service,No internet service,No internet service,No internet service,Month-to-month,Yes,Credit card (automatic),32.58,162.99,No
0156-2136,Female,0,No,Yes,17,Yes,No,DSL,No,No,Yes,No,Yes,Yes,One year,Yes,Electronic check,73.22,1251.86,No
0157-6012,Male,0,Yes,No,19,Yes,No,Fiber optic,No,Yes,No,No,Yes,No,Two year,Yes,Electronic check,86.73,1661.6,No
0158-5544,Female,0,Yes,No,37,Yes,No,Fiber optic,No,No,No,Yes,Yes,Yes,Two year,Yes,Mailed check,118.48,4520.11,No
0159-8054,Female,0,No,Yes,59,Yes,No,Fiber optic,No,Yes,No,Yes,No,No,Month-to-month,No,Credit card (automatic),79.01,4765.73,Yes
0160-9963,Female,1,No,No,35,Yes,No,DSL,Yes,No,No,No,Yes,Yes,Month-to-month,No,Bank transfer (automatic),62.27,2289.48,No
0161-6978,Female,0,Yes,No,13,Yes,Yes,DSL,Yes,Yes,No,No,No,No,Two year,Yes,Electronic check,52.94,687.54,No
0162-4682,Male,0,Yes,No,40,Yes,No,No,No internet service,No internet service,No internet service,No internet service,No internet service,No internet service,Month-to-month,Yes,Electronic check,28.76,1209.98,No
0163-4657,Male,0,Yes,Yes,16,Yes,No,No,No internet service,No internet service,No internet service,No internet service,No internet service,No internet service,Month-to-month,No,Electronic check,30.61,481.79,No
0164-4761,Female,0,No,Yes,49,Yes,Yes,No,No internet service,No internet service,No internet service,No internet service,No internet service,No internet service,Month-to-month,Yes,Bank transfer (automatic),31.96,1620.5,No
0165-8325,Female,0,Yes,No,71,No,No phone service,Fiber optic,No,No,No,Yes,No,No,Two year,Yes,Credit card (automatic),72.23,5124.93,No
0166-3890,Male,0,No,No,46,Yes,No,DSL,Yes,Yes,No,No,No,Yes,Month-to-month,No,Electronic check,78.12,3583.76,No
0167-2502,Male,0,Yes,No,66,Yes,No,Fiber optic,Yes,No,No,No,No,No,One year,Yes,Electronic check,92.46,6073.79,No
0168-4008,Female,0,No,Yes,39,Yes,Yes,Fiber optic,No,Yes,No,No,No,No,One year,No,Bank transfer (automatic),91.93,3604.98,No
0169-1204,Male,0,No,No,59,Yes,No,DSL,No,Yes,No,No,Yes,Yes,Two year,Yes,Mailed check,67.63,4064.99,No
0170-1955,Female,0,Yes,No,68,Yes,No,DSL,No,No,Yes,No,No,No,Two year,No,Bank transfer (automatic),58.57,4059.63,No
0171-1810,Female,0,Yes,Yes,12,Yes,No,DSL,No,Yes,No,No,No,No,Month-to-month,Yes,Credit card (automatic),45.77,501.87,No
0172-7943,Female,0,Yes,No,48,Yes,No,DSL,Yes,No,No,No,No,No,Month-to-month,No,Bank transfer (automatic),71.98,3451.0,No
0173-7500,Male,0,No,No,18,Yes,Yes,DSL,No,Yes,No,No,Yes,No,Two year,No,Mailed check,66.57,1114.31,No
0174-7270,Female,0,No,No,6,Yes,Yes,Fiber optic,No,No,Yes,No,Yes,Yes,Month-to-month,Yes,Credit card (automatic),98.83,559.87,Yes
0175-5156,Female,0,No,No,17,Yes,No,No,No internet service,No internet service,No internet service,No internet service,No internet service,No internet service,One year,Yes,Electronic check,29.49,449.91,No
0176-7452,Female,0,Yes,Yes,10,Yes,No,Fiber optic,No,No,No,No,No,Yes,One year,No,Bank transfer (automatic),76.36,661.21,Yes
0177-2451,Female,0,Yes,No,13,Yes,No,DSL,Yes,Yes,Yes,No,No,No,Month-to-month,No,Mailed check,74.95,952.27,Yes
0178-9104,Male,0,No,Yes,0,Yes,No,DSL,No,Yes,Yes,No,No,Yes,Month-to-month,No,Mailed check,63.4,,Yes
0179-5508,Female,0,No,No,70,Yes,Yes,Fiber optic,No,No,Yes,Yes,No,Yes,Month-to-month,Yes,Bank transfer (automatic),100.54,7033.99,No
0180-9441,Female,0,No,No,32,Yes,No,Fiber optic,No,Yes,No,Yes,Yes,No,Month-to-month,No,Electronic check,72.23,2388.33,No
0181-2370,Male,0,No,No,12,Yes,No,Fiber optic,No,No,No,Yes,No,No,Month-to-month,Yes,Electronic check,82.65,994.26,No
0182-5475,Male,0,No,No,25,No,No phone service,DSL,No,No,Yes,Yes,No,Yes,Month-to-month,No,Mailed check,58.02,1426.42,No
0183-7266,Female,0,No,No,54,No,No phone service,Fiber optic,No,No,No,No,Yes,No,Two year,Yes,Credit card (automatic),64.1,3559.87,No
0184-5460,Male,0,No,Yes,46,Yes,Yes,Fiber optic,No,Yes,Yes,No,Yes,No,Month-to-month,Yes,Bank transfer (automatic),91.09,4318.73,No
0185-5014,Male,0,No,No,3,Yes,No,DSL,Yes,No,Yes,No,Yes,No,Month-to-month,Yes,Credit card (automatic),73.6,130.76,No
0186-2495,Male,1,No,No,10,Yes,No,No,No internet service,No internet service,No internet service,No internet service,No internet service,No internet service,Month-to-month,Yes,Mailed check,32.39,426.44,No
0187-4428,Male,0,No,No,39,Yes,No,Fiber optic,No,No,No,No,Yes,Yes,One year,Yes,Mailed check,95.07,3727.83,No
0188-3148,Male,0,Yes,No,70,Yes,No,DSL,No,No,Yes,No,No,No,One year,No,Bank transfer (automatic),54.75,3739.23,No
0189-3713,Female,0,No,No,5,Yes,No,Fiber optic,No,Yes,No,No,No,No,One year,Yes,Credit card (automatic),90.75,426.49,No
0190-7152,Female,0,No,No,62,No,No phone service,Fiber optic,No,No,No,Yes,Yes,No,One year,No,Electronic check,58.53,3624.26,No
0191-6671,Female,0,Yes,No,4,Yes,Yes,No,No internet service,No internet service,No internet service,No internet service,No internet service,No internet service,One year,No,Electronic check,29.85,177.66,No
0192-6464,Female,0,No,No,36,Yes,No,DSL,Yes,Yes,No,No,Yes,No,Two year,No,Electronic check,76.13,2778.88,No
0193-4255,Male,0,Yes,No,16,Yes,No,No,No internet service,No internet service,No internet service,No internet service,No internet service,No internet service,Month-to-month,Yes,Electronic check,28.98,437.86,No
0194-9636,Female,0,Yes,Yes,30,Yes,Yes,Fiber optic,No,No,Yes,No,Yes,Yes,One year,No,Electronic check,98.76,3021.56,No
0195-1788,Female,0,Yes,No,67,No,No phone service,Fiber optic,Yes,Yes,Yes,No,Yes,No,Month-to-month,Yes,Credit card (automatic),85.34,5672.05,No
0196-4082,Male,1,No,No,15,Yes,Yes,DSL,No,Yes,No,No,Yes,Yes,Month-to-month,Yes,Credit card (automatic),74.07,1080.17,No
0197-2061,Male,0,No,No,46,Yes,Yes,DSL,Yes,No,Yes,No,No,Yes,Two year,Yes,Bank transfer (automatic),58.59,2849.31,No
0198-4050,Male,0,No,No,24,Yes,No,No,No internet service,No internet service,No internet service,No internet service,No internet service,No internet service,Two year,No,Bank transfer (automatic),29.88,592.06,No
0199-9656,Female,0,Yes,No,47,Yes,No,Fiber optic,No,No,Yes,Yes,No,No,Month-to-month,Yes,Electronic check,100.19,4776.26,No
0200-4296,Female,0,No,No,4,Yes,Yes,No,No internet service,No internet service,No internet service,No internet service,No internet service,No internet service,Month-to-month,Yes,Electronic check,37.5,64.12,No
0201-9176,Male,0,Yes,No,21,Yes,Yes,Fiber optic,No,No,Yes,Yes,No,Yes,One year,Yes,Electronic check,79.24,1697.42,Yes
0202-5455,Female,1,Yes,Yes,69,Yes,No,Fiber optic,No,Yes,Yes,No,No,No,Two year,Yes,Electronic check,81.3,5619.82,No
0203-7296,Female,1,Yes,No,52,Yes,No,No,No internet service,No internet service,No internet service,No internet service,No internet service,No internet service,One year,Yes,Bank transfer (automatic),31.2,1573.54,No
0204-5116,Male,0,No,No,68,Yes,Yes,Fiber optic,Yes,No,Yes,No,Yes,Yes,One year,No,Electronic check,119.79,8142.11,No
0205-3392,Female,0,Yes,No,49,Yes,No,Fiber optic,No,No,No,No,Yes,No,Month-to-month,Yes,Credit card (automatic),78.97,3795.57,No
0206-7877,Male,0,No,No,13,Yes,No,No,No internet service,No internet service,No internet service,No internet service,No internet service,No internet service,Month-to-month,Yes,Mailed check,29.33,425.32,No
0207-9721,Female,0,No,No,33,Yes,Yes,DSL,No,Yes,No,No,No,Yes,Two year,No,Electronic check,52.45,1791.05,No
0208-3371,Male,0,Yes,No,64,Yes,No,Fiber optic,Yes,No,No,No,Yes,No,Month-to-month,Yes,Credit card (automatic),75.17,4910.82,No
0209-8007,Male,1,No,No,49,Yes,Yes,DSL,Yes,No,Yes,Yes,Yes,Yes,One year,Yes,Credit card (automatic),77.61,3939.45,No
0210-3349,Male,0,Yes,Yes,37,Yes,Yes,No,No internet service,No internet service,No internet service,No internet service,No internet service,No internet service,Month-to-month,No,Electronic check,32.18,1168.06,No
0211-7451,Female,0,Yes,No,63,Yes,No,No,No internet service,No internet service,No internet service,No internet service,No internet service,No internet service,Month-to-month,Yes,Credit card (automatic),32.71,2014.55,No
0212-8100,Male,0,Yes,Yes,8,Yes,Yes,No,No internet service,No internet service,No internet service,No internet service,No internet service,No internet service,Month-to-month,No,Electronic check,24.57,153.59,No
0213-5043,Male,0,No,No,70,No,No phone service,Fiber optic,No,No,No,No,Yes,No,Month-to-month,Yes,Electronic check,83.44,5948.32,No
0214-7631,Male,1,No,No,9,Yes,Yes,Fiber optic,No,Yes,No,No,No,Yes,One year,Yes,Electronic check,99.97,865.69,Yes
0215-3449,Female,0,No,No,72,Yes,No,DSL,No,No,No,No,Yes,Yes,Month-to-month,No,Bank transfer (automatic),77.77,5642.76,No
0216-1713,Female,0,No,No,58,Yes,No,Fiber optic,No,No,No,No,Yes,No,Month-to-month,No,Electronic check,72.63,4112.04,No
0217-1867,Female,1,Yes,No,35,Yes,No,No,No internet service,No internet service,No internet service,No internet service,No internet service,No internet service,Two year,Yes,Electronic check,24.51,854.46,No
0218-5022,Female,0,No,No,34,Yes,No,DSL,No,No,No,No,No,Yes,Month-to-month,Yes,Electronic check,60.57,2085.07,No
0219-9122,Male,0,Yes,No,2,Yes,No,DSL,No,Yes,Yes,No,No,No,Month-to-month,No,Electronic check,66.2,116.23,Yes
0220-2148,Male,0,Yes,Yes,23,Yes,No,Fiber optic,No,No,Yes,Yes,Yes,No,Month-to-month,No,Electronic check,70.79,1593.37,No
0221-5101,Male,0,No,Yes,16,Yes,No,Fiber optic,Yes,No,No,No,No,No,Month-to-month,No,Credit card (automatic),83.82,1218.46,Yes
0222-7335,Male,0,Yes,No,51,Yes,Yes,Fiber optic,Yes,No,No,No,Yes,Yes,One year,Yes,Mailed check,89.53,4708.74,No
0223-2821,Male,0,Yes,No,14,No,No phone service,Fiber optic,No,No,No,No,No,No,Two year,No,Bank transfer (automatic),74.2,1060.41,No
0224-7493,Female,0,Yes,No,58,Yes,No,No,No internet service,No internet service,No internet service,No internet service,No internet service,No internet service,Two year,Yes,Bank transfer (automatic),31.99,2011.54,No
0225-3753,Female,1,Yes,Yes,21,Yes,No,DSL,No,Yes,No,No,No,No,Month-to-month,No,Mailed check,68.88,1498.11,No
0226-8277,Male,0,No,Yes,62,Yes,Yes,No,No internet service,No internet service,No internet service,No internet service,No internet service,No internet service,Two year,Yes,Credit card (automatic),31.47,2034.46,No
0227-6212,Female,1,No,No,26,Yes,No,Fiber optic,No,No,No,Yes,No,No,Month-to-month,No,Bank transfer (automatic),89.26,2300.85,No
0228-5921,Female,1,No,No,54,No,No phone service,Fiber optic,Yes,No,No,No,No,Yes,Two year,No,Credit card (automatic),87.86,4753.83,No
0229-2590,Male,0,Yes,Yes,48,Yes,Yes,DSL,Yes,No,No,No,Yes,Yes,Month-to-month,Yes,Bank transfer (automatic),74.71,3598.31,No
0230-5168,Male,0,No,Yes,72,Yes,No,Fiber optic,No,No,No,No,Yes,Yes,Month-to-month,Yes,Electronic check,90.78,6546.1,Yes
0231-8708,Female,0,No,Yes,38,Yes,Yes,No,No internet service,No internet service,No internet service,No internet service,No internet service,No internet service,Two year,Yes,Electronic check,35.56,1495.88,No
0232-1175,Female,0,No,No,25,Yes,No,Fiber optic,No,No,Yes,No,Yes,Yes,Month-to-month,No,Mailed check,94.87,2361.67,No
0233-7825,Female,0,No,No,47,Yes,No,DSL,Yes,No,Yes,Yes,Yes,No,Month-to-month,No,Credit card (automatic),69.74,3289.84,No
0234-5434,Male,0,No,No,2,Yes,No,DSL,Yes,No,Yes,No,No,Yes,Two year,Yes,Credit card (automatic),61.07,79.17,No
0235-7474,Male,0,No,No,70,No,No phone service,No,No internet service,No internet service,No internet service,No internet service,No internet service,No internet service,Two year,No,Mailed check,18.25,1303.23,No
0236-6969,Male,0,No,No,49,Yes,Yes,Fiber optic,No,Yes,Yes,No,No,Yes,Month-to-month,No,Electronic check,85.92,4161.7,No
0237-4888,Male,0,Yes,No,3,Yes,No,DSL,Yes,Yes,Yes,No,No,No,Month-to-month,Yes,Electronic check,58.39,152.36,No
0238-3777,Female,0,Yes,No,12,Yes,No,No,No internet service,No internet service,No internet service,No internet service,No internet service,No internet service,Two year,Yes,Mailed check,30.68,507.93,No
0239-6645,Male,0,No,No,1,Yes,Yes,DSL,No,Yes,Yes,No,Yes,No,Month-to-month,No,Electronic check,68.37,61.38,Yes
0240-2261,Female,0,Yes,No,48,Yes,Yes,No,No internet service,No internet service,No internet service,No internet service,No internet service,No internet service,Month-to-month,Yes,Electronic check,24.34,1091.9,No
0241-6256,Female,1,Yes,No,48,Yes,Yes,DSL,Yes,No,Yes,No,Yes,No,Month-to-month,Yes,Credit card (automatic),73.79,3661.64,No
0242-1852,Male,1,No,No,11,Yes,No,DSL,No,Yes,No,No,Yes,Yes,Month-to-month,No,Bank transfer (automatic),81.07,885.94,Yes
0243-6847,Male,0,Yes,No,39,Yes,No,DSL,Yes,No,No,No,Yes,Yes,Month-to-month,Yes,Credit card (automatic),80.21,3215.19,No
0244-6658,Female,0,Yes,Yes,35,No,No phone service,No,No internet service,No internet service,No internet service,No internet service,No internet service,No internet service,Month-to-month,No,Electronic check,18.25,727.33,No
0245-1759,Female,0,No,No,35,Yes,No,Fiber optic,No,No,No,Yes,No,No,Month-to-month,No,Bank transfer (automatic),70.62,2507.75,No
0246-7816,Female,0,Yes,No,45,Yes,No,DSL,No,No,No,No,No,Yes,Month-to-month,No,Mailed check,60.92,2777.28,No
0247-4741,Male,0,Yes,No,62,Yes,Yes,No,No internet service,No internet service,No internet service,No internet service,No internet service,No internet service,Month-to-month,No,Bank transfer (automatic),27.5,1659.86,No
0248-8081,Male,0,Yes,Yes,66,Yes,No,No,No internet service,No internet service,No internet service,No internet service,No internet service,No internet service,Month-to-month,Yes,Credit card (automatic),36.7,2430.9,No
0249-1374,Female,0,Yes,No,11,Yes,No,Fiber optic,No,Yes,No,Yes,Yes,No,One year,Yes,Electronic check,84.55,1038.37,No
0250-2614,Female,0,Yes,No,68,Yes,No,Fiber optic,No,Yes,Yes,No,No,No,Month-to-month,Yes,Bank transfer (automatic),77.95,5284.78,No
0251-5445,Female,0,No,No,41,Yes,Yes,Fiber optic,Yes,No,No,No,No,No,Month-to-month,Yes,Mailed check,70.4,2821.1,No
0252-2693,Female,1,Yes,No,13,Yes,Yes,DSL,Yes,Yes,No,Yes,Yes,No,Month-to-month,Yes,Mailed check,64.03,705.23,No
0253-3968,Female,0,Yes,Yes,68,Yes,No,No,No internet service,No internet service,No internet service,No internet service,No internet service,No internet service,Two year,Yes,Mailed check,31.4,2150.51,No
0254-6944,Female,0,No,Yes,26,Yes,Yes,Fiber optic,Yes,No,No,No,No,Yes,Month-to-month,No,Electronic check,81.64,2069.23,Yes
0255-2300,Female,1,Yes,No,32,No,No phone service,No,No internet service,No internet service,No internet service,No internet service,No internet service,No internet service,Month-to-month,No,Electronic check,18.25,698.8,No
0256-7098,Male,0,Yes,Yes,70,Yes,No,No,No internet service,No internet service,No internet service,No internet service,No internet service,No internet service,Month-to-month,No,Credit card (automatic),28.73,2048.91,No
0257-1930,Male,0,Yes,No,42,Yes,No,No,No internet service,No internet service,No internet service,No internet service,No internet service,No internet service,Month-to-month,Yes,Bank transfer (automatic),35.01,1489.4,No
0258-2576,Female,0,Yes,No,10,Yes,No,No,No internet service,No internet service,No internet service,No internet service,No internet service,No internet service,Two year,No,Credit card (automatic),27.87,295.39,No
0259-6288,Male,1,Yes,No,5,Yes,No,No,No internet service,No internet service,No internet service,No internet service,No internet service,No internet service,Two year,Yes,Mailed check,29.28,145.91,No
0260-8140,Female,0,Yes,Yes,59,No,No phone service,Fiber optic,No,No,Yes,No,Yes,Yes,Month-to-month,No,Credit card (automatic),86.49,5121.71,No
0261-2535,Male,0,No,No,25,Yes,No,No,No internet service,No internet service,No internet service,No internet service,No internet service,No internet service,Two year,Yes,Bank transfer (automatic),31.56,701.23,No
0262-3699,Female,0,No,No,7,Yes,Yes,No,No internet service,No internet service,No internet service,No internet service,No internet service,No internet service,Month-to-month,Yes,Credit card (automatic),29.84,265.17,No
0263-9325,Male,0,No,Yes,3,Yes,No,DSL,No,No,Yes,No,Yes,Yes,Two year,No,Mailed check,68.51,193.58,No
0264-9906,Female,0,Yes,Yes,69,Yes,No,Fiber optic,No,No,Yes,No,Yes,No,Month-to-month,No,Bank transfer (automatic),102.54,7101.7,No
0265-6228,Male,0,No,No,41,Yes,Yes,Fiber optic,No,Yes,No,No,Yes,No,Month-to-month,Yes,Electronic check,93.04,3730.53,No
0266-5022,Female,0,No,Yes,38,No,No phone service,DSL,Yes,No,No,No,Yes,Yes,Two year,Yes,Mailed check,71.08,2603.64,No
0267-4121,Male,0,Yes,Yes,43,Yes,No,Fiber optic,No,Yes,No,Yes,No,No,Two year,Yes,Electronic check,68.08,2877.95,No
0268-6511,Female,0,No,No,30,Yes,Yes,DSL,No,Yes,No,No,No,Yes,Month-to-month,No,Electronic check,73.84,2214.98,No
0269-6317,Male,0,No,No,69,Yes,No,DSL,No,No,Yes,No,Yes,Yes,Month-to-month,No,Mailed check,80.7,5681.93,No
0270-3652,Female,0,Yes,Yes,43,Yes,Yes,Fiber optic,No,No,No,No,Yes,Yes,Month-to-month,Yes,Mailed check,104.37,4235.17,No
0271-1205,Male,0,No,No,46,Yes,No,DSL,Yes,No,No,No,No,Yes,Month-to-month,No,Credit card (automatic),69.13,3336.34,No
0272-2363,Female,0,Yes,No,65,Yes,Yes,Fiber optic,No,Yes,No,No,No,No,One year,No,Mailed check,75.28,4811.5,No
0273-9626,Male,1,Yes,No,0,Yes,No,Fiber optic,No,Yes,Yes,Yes,No,No,Two year,Yes,Electronic check,79.27,,No
0274-4762,Male,1,Yes,No,23,Yes,No,DSL,Yes,Yes,Yes,Yes,No,Yes,Two year,No,Credit card (automatic),76.19,1819.34,No
0275-5340,Male,0,Yes,Yes,60,Yes,Yes,DSL,Yes,Yes,Yes,Yes,Yes,No,Month-to-month,Yes,Electronic check,60.53,3587.22,No
0276-5203,Female,0,No,Yes,7,Yes,Yes,DSL,No,Yes,Yes,No,No,No,Month-to-month,No,Electronic check,48.86,373.04,No
0277-8043,Female,0,No,No,24,Yes,Yes,Fiber optic,Yes,Yes,No,No,No,No,Two year,Yes,Credit card (automatic),87.19,2048.6,No
0278-1584,Female,0,Yes,No,11,Yes,Yes,Fiber optic,Yes,No,No,Yes,Yes,No,One year,Yes,Bank transfer (automatic),102.99,1119.36,No
0279-1744,Male,0,No,No,52,Yes,No,Fiber optic,No,No,Yes,No,No,No,Month-to-month,Yes,Electronic check,78.42,3974.07,No
0280-3482,Male,1,No,No,61,Yes,Yes,DSL,No,No,Yes,No,Yes,No,One year,Yes,Mailed check,57.87,3496.08,No
0281-5379,Female,0,No,No,19,Yes,Yes,Fiber optic,No,No,No,Yes,Yes,No,Two year,No,Electronic check,93.78,1879.12,Yes
0282-7039,Male,0,No,No,50,Yes,No,No,No internet service,No internet service,No internet service,No internet service,No internet service,No internet service,Month-to-month,No,Mailed check,26.75,1453.59,No
0283-5415,Female,1,No,No,55,No,No phone service,No,No internet service,No internet service,No internet service,No internet service,No internet service,No internet service,Month-to-month,No,Mailed check,18.25,961.83,No
0284-4970,Male,0,No,No,66,Yes,Yes,Fiber optic,No,No,Yes,Yes,Yes,Yes,Month-to-month,Yes,Bank transfer (automatic),90.74,5947.29,No
0285-9439,Female,0,Yes,No,67,Yes,No,DSL,No,Yes,Yes,No,Yes,No,Month-to-month,Yes,Electronic check,64.03,4200.39,No
0286-2449,Female,0,No,No,33,Yes,No,DSL,Yes,Yes,No,Yes,No,No,Month-to-month,No,Electronic check,67.88,2296.92,No
0287-6144,Female,0,Yes,No,5,Yes,No,Fiber optic,No,No,No,No,No,Yes,Two year,No,Mailed check,79.6,409.65,No
0288-5879,Female,1,Yes,No,54,Yes,No,Fiber optic,No,No,No,Yes,No,No,One year,No,Bank transfer (automatic),71.04,3811.98,No
0289-5260,Female,0,Yes,No,39,Yes,No,Fiber optic,No,Yes,No,No,No,Yes,Two year,Yes,Electronic check,89.68,3449.96,No
0290-8267,Female,0,Yes,No,33,Yes,Yes,DSL,No,No,No,No,No,No,Two year,Yes,Mailed check,69.2,2328.26,No
0291-3402,Female,0,No,No,39,Yes,No,No,No internet service,No internet service,No internet service,No internet service,No internet service,No internet service,Month-to-month,Yes,Credit card (automatic),27.71,1067.47,No
0292-9583,Female,1,No,No,47,Yes,No,Fiber optic,No,Yes,No,No,No,Yes,Month-to-month,No,Electronic check,89.53,4253.55,No
0293-3983,Male,0,No,Yes,20,Yes,Yes,No,No internet service,No internet service,No internet service,No internet service,No internet service,No internet service,One year,No,Electronic check,30.0,592.52,No
0294-5904,Female,0,No,No,23,Yes,Yes,No,No internet service,No internet service,No internet service,No internet service,No internet service,No internet service,Month-to-month,No,Mailed check,25.27,653.98,No
0295-5685,Female,0,Yes,No,24,Yes,Yes,Fiber optic,No,Yes,No,No,No,Yes,Month-to-month,No,Mailed check,109.03,2667.33,Yes
0296-8647,Male,1,No,No,36,Yes,No,Fiber optic,No,Yes,No,No,No,No,Two year,Yes,Mailed check,71.55,2520.33,No
0297-4949,Male,0,Yes,Yes,49,Yes,No,No,No internet service,No internet service,No internet service,No internet service,No internet service,No internet service,One year,Yes,Electronic check,28.81,1392.59,No
0298-3560,Female,0,Yes,No,3,Yes,Yes,DSL,No,No,No,No,No,Yes,Two year,No,Bank transfer (automatic),79.81,100.86,Yes
0299-1194,Male,1,No,No,21,Yes,No,DSL,No,Yes,Yes,No,Yes,Yes,One year,Yes,Electronic check,76.7,1638.7,Yes
0300-4272,Male,0,No,Yes,53,Yes,No,DSL,No,Yes,Yes,No,No,No,Month-to-month,No,Credit card (automatic),49.95,2566.3,No
0301-8435,Male,0,Yes,No,2,Yes,Yes,Fiber optic,No,No,Yes,No,No,Yes,Month-to-month,No,Electronic check,86.61,206.02,No
0302-1089,Female,0,Yes,No,58,No,No phone service,Fiber optic,No,No,Yes,Yes,Yes,Yes,Month-to-month,No,Credit card (automatic),98.79,5645.42,No
0303-9064,Female,0,Yes,Yes,56,No,No phone service,DSL,No,No,No,Yes,Yes,No,Month-to-month,No,Electronic check,33.57,1833.36,No
0304-5884,Female,0,No,Yes,23,Yes,Yes,Fiber optic,No,No,No,No,Yes,Yes,Month-to-month,No,Credit card (automatic),105.01,2313.6,No
0305-2262,Male,0,Yes,No,45,Yes,No,Fiber optic,No,No,Yes,No,Yes,Yes,Month-to-month,No,Mailed check,94.78,4367.85,No
0306-3719,Male,0,Yes,No,35,Yes,Yes,No,No internet service,No internet service,No internet service,No internet service,No internet service,No internet service,Two year,Yes,Mailed check,26.11,949.45,No
0307-5985,Male,0,No,No,18,Yes,No,DSL,No,No,Yes,No,Yes,Yes,Two year,No,Credit card (automatic),76.35,1411.79,No
0308-3840,Male,0,No,Yes,10,Yes,Yes,No,No internet service,No internet service,No internet service,No internet service,No internet service,No internet service,Month-to-month,Yes,Electronic check,28.25,158.33,No
0309-1977,Female,1,Yes,Yes,70,No,No phone service,No,No internet service,No internet service,No internet service,No internet service,No internet service,No internet service,Month-to-month,No,Electronic check,18.25,1256.09,No
0310-6993,Female,0,No,No,62,Yes,No,Fiber optic,No,No,No,No,Yes,No,Two year,Yes,Electronic check,68.06,4264.64,No
0311-7049,Male,0,Yes,Yes,65,Yes,No,Fiber optic,Yes,No,No,No,Yes,No,Month-to-month,No,Credit card (automatic),100.23,6585.56,No
0312-2069,Male,0,Yes,No,10,No,No phone service,DSL,No,No,No,No,No,No,Two year,No,Bank transfer (automatic),37.7,341.58,No
0313-3530,Female,0,No,Yes,70,Yes,No,Fiber optic,No,No,No,No,No,Yes,Month-to-month,Yes,Mailed check,86.76,6024.66,No
0314-3194,Female,0,Yes,No,45,Yes,Yes,No,No internet service,No internet service,No internet service,No internet service,No internet service,No internet service,Month-to-month,Yes,Mailed check,29.45,1253.29,No
0315-6934,Male,0,Yes,No,37,Yes,No,DSL,No,No,No,Yes,No,Yes,One year,Yes,Credit card (automatic),59.41,2272.89,No
0316-7571,Female,0,No,No,24,Yes,No,No,No internet service,No internet service,No internet service,No internet service,No internet service,No internet service,Two year,Yes,Electronic check,33.41,652.58,No
0317-7542,Female,0,No,Yes,17,Yes,No,DSL,No,Yes,No,No,Yes,Yes,Month-to-month,Yes,Mailed check,59.58,1024.45,No
0318-9447,Male,0,No,No,23,Yes,No,No,No internet service,No internet service,No internet service,No internet service,No internet service,No internet service,Two year,Yes,Mailed check,27.84,442.24,No
0319-7917,Female,1,No,No,12,Yes,Yes,Fiber optic,No,No,Yes,No,No,Yes,Month-to-month,Yes,Electronic check,87.32,1116.02,No
0320-3885,Female,0,Yes,No,57,Yes,Yes,Fiber optic,Yes,Yes,Yes,No,No,No,Month-to-month,Yes,Mailed check,74.16,4161.83,No
0321-1969,Male,0,No,Yes,69,Yes,Yes,No,No internet service,No internet service,No internet service,No internet service,No internet service,No internet service,Month-to-month,Yes,Bank transfer (automatic),26.96,1946.36,No
0322-6531,Female,0,Yes,Yes,70,Yes,Yes,Fiber optic,No,Yes,Yes,No,Yes,No,Month-to-month,No,Bank transfer (automatic),89.13,6151.7,No
0323-9243,Male,0,No,No,65,Yes,No,DSL,No,Yes,Yes,No,Yes,No,Month-to-month,No,Credit card (automatic),66.46,4340.07,No
0324-9775,Female,0,Yes,No,9,No,No phone service,Fiber optic,No,No,Yes,No,Yes,Yes,Two year,No,Electronic check,94.33,888.1,No
0325-3071,Female,1,Yes,No,54,No,No phone service,DSL,No,Yes,Yes,No,Yes,No,Month-to-month,Yes,Credit card (automatic),55.37,2957.3,No
0326-3127,Female,1,Yes,No,62,Yes,Yes,No,No internet service,No internet service,No internet service,No internet service,No internet service,No internet service,Month-to-month,Yes,Credit card (automatic),31.99,1847.61,No
0327-1336,Male,0,No,No,37,Yes,No,DSL,No,No,No,No,No,Yes,Month-to-month,Yes,Electronic check,51.79,1850.29,No
0328-2271,Female,1,Yes,No,40,No,No phone service,Fiber optic,No,No,Yes,Yes,No,No,One year,Yes,Credit card (automatic),86.8,3406.63,No
0329-5993,Male,0,No,No,28,Yes,Yes,Fiber optic,No,No,No,No,No,No,Month-to-month,No,Mailed check,72.12,2077.87,No
0330-5920,Female,0,No,Yes,60,Yes,No,Fiber optic,Yes,No,No,No,Yes,No,Two year,No,Bank transfer (automatic),103.64,6199.65,No
0331-4337,Female,0,No,Yes,51,Yes,No,Fiber optic,No,No,Yes,Yes,No,No,Month-to-month,Yes,Credit card (automatic),66.38,3448.19,No
0332-3789,Male,0,Yes,No,45,Yes,Yes,Fiber optic,No,Yes,Yes,No,Yes,Yes,One year,No,Electronic check,84.63,3935.71,No
0333-8467,Male,0,Yes,No,0,Yes,Yes,Fiber optic,No,No,No,Yes,No,Yes,Month-to-month,Yes,Credit card (automatic),84.95,,Yes
0334-5139,Male,1,No,No,70,Yes,Yes,DSL,Yes,No,No,No,Yes,Yes,Month-to-month,No,Bank transfer (automatic),89.39,6273.62,No
0335-8273,Female,0,No,Yes,38,Yes,No,No,No internet service,No internet service,No internet service,No internet service,No internet service,No internet service,Two year,Yes,Credit card (automatic),34.84,1291.32,No
0336-9667,Female,0,Yes,Yes,69,Yes,Yes,DSL,No,Yes,No,No,No,Yes,One year,Yes,Credit card (automatic),72.1,5024.12,No
0337-3853,Male,0,No,No,49,Yes,No,No,No internet service,No internet service,No internet service,No internet service,No internet service,No internet service,Month-to-month,No,Electronic check,30.56,1472.99,No
0338-2824,Female,0,Yes,No,38,Yes,Yes,Fiber optic,No,No,No,No,Yes,Yes,Month-to-month,No,Mailed check,103.01,3919.71,No
0339-9575,Female,1,Yes,No,55,Yes,No,No,No internet service,No internet service,No internet service,No internet service,No internet service,No internet service,Month-to-month,Yes,Bank transfer (automatic),30.83,1595.48,No
0340-6712,Male,0,Yes,Yes,18,Yes,No,DSL,No,No,No,Yes,No,Yes,Month-to-month,Yes,Electronic check,61.1,1027.04,No
0341-3617,Male,0,Yes,No,32,Yes,No,No,No internet service,No internet service,No internet service,No internet service,No internet service,No internet service,Month-to-month,Yes,Electronic check,35.51,1145.66,No
0342-6596,Female,0,Yes,No,1,Yes,Yes,Fiber optic,No,No,No,Yes,Yes,No,Month-to-month,Yes,Mailed check,91.37,0.0,Yes
0343-5634,Male,0,No,No,54,Yes,Yes,No,No internet service,No internet service,No internet service,No internet service,No internet service,No internet service,Month-to-month,Yes,Mailed check,32.03,1637.53,No
0344-9148,Male,0,Yes,Yes,23,Yes,Yes,DSL,No,No,No,Yes,No,No,Month-to-month,Yes,Bank transfer (automatic),41.94,978.25,No
0345-3303,Female,0,No,No,6,Yes,Yes,No,No internet service,No internet service,No internet service,No internet service,No internet service,No internet service,Two year,No,Bank transfer (automatic),31.51,192.58,No
0346-9921,Male,0,No,Yes,58,Yes,Yes,Fiber optic,No,No,Yes,No,No,No,One year,No,Credit card (automatic),61.99,3553.32,No
0347-9423,Male,0,No,No,17,Yes,Yes,No,No internet service,No internet service,No internet service,No internet service,No internet service,No internet service,One year,Yes,Bank transfer (automatic),30.75,504.19,No
0348-2626,Female,0,Yes,Yes,16,Yes,No,Fiber optic,Yes,Yes,No,No,No,No,Month-to-month,Yes,Electronic check,82.76,1284.25,No
0349-2481,Female,0,No,No,10,No,No phone service,DSL,Yes,No,Yes,Yes,No,No,Month-to-month,No,Electronic check,48.39,455.01,No
0350-5797,Female,0,Yes,Yes,44,Yes,No,No,No internet service,No internet service,No internet service,No internet service,No internet service,No internet service,Month-to-month,Yes,Mailed check,30.99,1302.18,No
0351-1404,Male,1,No,No,24,Yes,Yes,DSL,No,Yes,No,Yes,Yes,Yes,One year,No,Electronic check,78.78,1768.01,No
0352-3688,Female,1,Yes,No,41,Yes,No,Fiber optic,No,No,Yes,Yes,No,No,Two year,Yes,Credit card (automatic),80.61,3375.41,No
0353-4915,Female,0,No,Yes,25,Yes,No,DSL,No,Yes,No,No,Yes,Yes,Two year,Yes,Bank transfer (automatic),69.5,1780.84,No
0354-9723,Female,0,Yes,Yes,54,Yes,No,No,No internet service,No internet service,No internet service,No internet service,No internet service,No internet service,One year,Yes,Credit card (automatic),28.11,1388.1,No
0355-9930,Female,1,No,No,27,Yes,Yes,Fiber optic,No,No,No,Yes,No,No,One year,Yes,Electronic check,74.95,1925.77,No
0356-2363,Female,0,Yes,No,57,No,No phone service,DSL,Yes,Yes,Yes,No,No,Yes,Month-to-month,No,Electronic check,44.76,2694.01,No
0357-9024,Male,0,Yes,No,34,Yes,Yes,No,No internet service,No internet service,No internet service,No internet service,No internet service,No internet service,Month-to-month,No,Mailed check,32.59,1148.48,No
0358-1818,Male,0,No,No,1,Yes,Yes,DSL,No,No,No,No,No,No,One year,Yes,Bank transfer (automatic),60.29,155.04,No
0359-7736,Female,0,Yes,Yes,31,No,No phone service,DSL,Yes,Yes,Yes,No,Yes,Yes,One year,Yes,Mailed check,62.25,1852.91,No
0360-8609,Female,0,No,No,17,Yes,Yes,No,No internet service,No internet service,No internet service,No internet service,No internet service,No internet service,Month-to-month,Yes,Electronic check,30.48,580.78,No
0361-9016,Female,0,No,Yes,35,Yes,No,DSL,No,No,Yes,Yes,No,No,Two year,Yes,Mailed check,64.75,2211.11,No
0362-3010,Male,0,No,No,9,Yes,No,DSL,No,No,Yes,No,No,No,Month-to-month,Yes,Mailed check,53.18,390.13,No
0363-9040,Male,1,No,No,54,Yes,No,Fiber optic,No,No,No,No,No,No,One year,Yes,Credit card (automatic),62.37,3383.21,No
0364-2043,Male,0,No,No,45,Yes,No,DSL,No,Yes,Yes,Yes,No,No,Month-to-month,No,Bank transfer (automatic),53.96,2337.41,No
0365-5669,Male,0,No,Yes,10,Yes,No,No,No internet service,No internet service,No internet service,No internet service,No internet service,No internet service,One year,No,Mailed check,28.37,250.27,No
0366-5225,Female,0,Yes,Yes,71,Yes,No,No,No internet service,No internet service,No internet service,No internet service,No internet service,No internet service,One year,No,Bank transfer (automatic),29.99,2085.14,No
0367-3843,Female,0,No,No,25,Yes,No,No,No internet service,No internet service,No internet service,No internet service,No internet service,No internet service,Month-to-month,No,Bank transfer (automatic),31.55,601.75,No
0368-1199,Female,0,No,No,15,Yes,Yes,No,No internet service,No internet service,No internet service,No internet service,No internet service,No internet service,Two year,Yes,Mailed check,32.31,340.68,No
0369-7947,Male,0,Yes,No,0,Yes,Yes,No,No internet service,No internet service,No internet service,No internet service,No internet service,No internet service,Month-to-month,Yes,Credit card (automatic),29.62,,No
0370-4019,Female,0,Yes,No,18,Yes,Yes,DSL,Yes,No,No,No,No,No,One year,Yes,Electronic check,68.5,1178.85,No
0371-6954,Female,0,Yes,Yes,2,Yes,No,Fiber optic,No,Yes,Yes,Yes,Yes,No,One year,Yes,Credit card (automatic),78.43,216.48,Yes
0372-4691,Male,0,No,No,35,Yes,No,No,No internet service,No internet service,No internet service,No internet service,No internet service,No internet service,Two year,Yes,Mailed check,30.63,1084.6,No
0373-4362,Male,0,Yes,No,44,Yes,Yes,Fiber optic,No,Yes,Yes,No,No,No,Month-to-month,No,Mailed check,75.52,3310.76,No
0374-8975,Female,1,No,No,27,Yes,No,No,No internet service,No internet service,No internet service,No internet service,No internet service,No internet service,Month-to-month,No,Bank transfer (automatic),35.11,1075.99,No
0375-1850,Male,0,No,No,63,Yes,No,No,No internet service,No internet service,No internet service,No internet service,No internet service,No internet service,Month-to-month,Yes,Mailed check,33.3,2136.52,No
0376-7628,Male,0,No,Yes,70,Yes,Yes,DSL,No,No,No,Yes,Yes,Yes,Month-to-month,No,Mailed check,78.08,5479.43,No
0377-7720,Male,0,Yes,No,22,Yes,No,Fiber optic,No,Yes,No,No,Yes,No,One year,No,Credit card (automatic),80.59,1819.24,No
0378-4419,Male,0,No,No,46,No,No phone service,DSL,Yes,No,No,Yes,Yes,Yes,Month-to-month,No,Mailed check,67.52,3137.04,No
0379-3361,Female,0,No,No,29,Yes,Yes,No,No internet service,No internet service,No internet service,No internet service,No internet service,No internet service,One year,Yes,Credit card (automatic),26.3,754.71,No
0380-1047,Male,0,Yes,No,19,Yes,Yes,No,No internet service,No internet service,No internet service,No internet service,No internet service,No internet service,One year,No,Credit card (automatic),32.47,634.73,No
0381-9430,Male,0,Yes,No,15,Yes,No,Fiber optic,No,No,No,No,No,Yes,Month-to-month,Yes,Mailed check,73.18,1048.46,Yes
0382-9528,Male,0,Yes,No,38,Yes,No,DSL,Yes,Yes,No,No,No,No,Two year,Yes,Credit card (automatic),66.87,2600.47,No
0383-3168,Male,1,No,No,10,Yes,Yes,Fiber optic,No,No,No,No,No,No,Month-to-month,No,Bank transfer (automatic),67.05,645.1,No
0384-1287,Male,0,Yes,Yes,49,Yes,No,DSL,No,No,Yes,No,Yes,Yes,One year,No,Mailed check,74.09,3672.54,No
0385-2104,Male,0,Yes,No,64,Yes,Yes,Fiber optic,No,No,No,Yes,No,No,Two year,Yes,Electronic check,66.15,4197.46,No
0386-1608,Male,1,Yes,No,26,Yes,Yes,No,No internet service,No internet service,No internet service,No internet service,No internet service,No internet service,One year,Yes,Credit card (automatic),30.75,625.44,No
0387-8479,Male,0,Yes,No,41,Yes,No,Fiber optic,No,No,No,Yes,No,No,Month-to-month,Yes,Mailed check,80.92,3342.25,No
0388-9026,Male,0,Yes,No,71,Yes,No,Fiber optic,No,No,Yes,No,Yes,Yes,Month-to-month,No,Mailed check,94.7,6891.24,No
0389-2379,Female,0,No,Yes,51,No,No phone service,No,No internet service,No internet service,No internet service,No internet service,No internet service,No internet service,Month-to-month,No,Electronic check,18.25,858.66,No
0390-7719,Male,0,Yes,No,29,Yes,Yes,No,No internet service,No internet service,No internet service,No internet service,No internet service,No internet service,Month-to-month,No,Electronic check,34.63,991.37,No
0391-2613,Female,0,No,No,64,Yes,Yes,DSL,No,Yes,Yes,No,Yes,Yes,Month-to-month,Yes,Electronic check,80.4,5165.65,No
0392-4304,Male,0,Yes,No,3,Yes,Yes,DSL,Yes,No,Yes,No,Yes,Yes,One year,No,Electronic check,60.91,211.77,No
0393-6393,Male,0,Yes,No,42,Yes,No,DSL,No,No,No,Yes,Yes,Yes,Month-to-month,No,Bank transfer (automatic),71.92,3086.06,No
0394-7478,Male,0,No,No,18,Yes,Yes,DSL,Yes,Yes,Yes,No,Yes,No,Month-to-month,No,Bank transfer (automatic),80.74,1418.92,Yes
0395-8870,Male,0,No,No,13,Yes,Yes,DSL,Yes,Yes,No,No,No,Yes,Two year,Yes,Electronic check,77.86,964.5,No
0396-1403,Female,1,No,No,37,No,No phone service,Fiber optic,Yes,No,No,No,Yes,No,One year,Yes,Bank transfer (automatic),76.15,2735.35,No
0397-2767,Female,1,Yes,No,52,Yes,No,Fiber optic,No,Yes,No,No,No,No,Month-to-month,No,Mailed check,76.83,4029.92,Yes
0398-3524,Male,0,No,No,53,No,No phone service,DSL,Yes,No,No,Yes,No,No,One year,Yes,Electronic check,47.58,2585.51,No
0399-3792,Male,0,No,No,54,Yes,Yes,Fiber optic,No,Yes,No,No,No,No,Two year,No,Bank transfer (automatic),80.21,4357.33,No
0400-9981,Male,0,Yes,No,21,Yes,Yes,Fiber optic,No,Yes,No,Yes,Yes,No,Month-to-month,No,Credit card (automatic),73.08,1544.93,No
0401-7995,Male,0,No,No,30,Yes,No,DSL,Yes,No,Yes,No,No,Yes,Month-to-month,Yes,Mailed check,65.05,1937.4,No
0402-3883,Male,0,Yes,Yes,8,Yes,No,DSL,Yes,No,Yes,No,Yes,No,Month-to-month,No,Bank transfer (automatic),73.63,683.63,No
0403-9745,Female,0,Yes,No,45,Yes,No,DSL,Yes,No,Yes,No,Yes,Yes,Month-to-month,No,Credit card (automatic),60.66,2858.88,No
0404-5493,Female,0,No,No,58,Yes,No,Fiber optic,Yes,Yes,No,No,Yes,Yes,Month-to-month,No,Credit card (automatic),97.75,5657.09,No
0405-5506,Male,0,No,No,35,Yes,No,Fiber optic,No,Yes,No,No,No,No,One year,No,Mailed check,94.78,3248.31,No
0406-4902,Male,0,No,No,22,Yes,No,DSL,No,No,Yes,Yes,No,No,One year,No,Electronic check,58.7,1193.06,No
0407-2294,Male,0,No,No,24,Yes,Yes,DSL,No,No,No,No,Yes,Yes,Month-to-month,No,Mailed check,69.77,1738.21,No
0408-9408,Male,0,Yes,No,47,Yes,Yes,DSL,No,No,Yes,Yes,Yes,No,Month-to-month,Yes,Mailed check,69.17,3160.48,No
0409-1125,Male,0,No,Yes,49,Yes,Yes,DSL,No,Yes,Yes,No,No,No,Two year,No,Credit card (automatic),56.57,2732.91,No
0410-2568,Male,0,No,Yes,34,Yes,No,Fiber optic,No,Yes,No,Yes,No,No,Two year,Yes,Credit card (automatic),88.41,2952.29,No
0411-3066,Male,1,Yes,No,18,Yes,Yes,Fiber optic,No,No,No,Yes,Yes,No,Month-to-month,Yes,Credit card (automatic),77.73,1525.66,Yes
0412-3513,Female,0,Yes,No,29,Yes,Yes,Fiber optic,Yes,No,Yes,No,Yes,No,One year,No,Electronic check,106.6,3158.41,No
0413-2186,Male,0,No,Yes,23,Yes,No,Fiber optic,Yes,No,No,No,No,No,One year,No,Bank transfer (automatic),88.06,2137.18,No
0414-1161,Male,0,Yes,Yes,7,Yes,No,DSL,No,No,Yes,No,Yes,No,One year,Yes,Bank transfer (automatic),80.2,532.97,No
0415-7098,Female,0,No,Yes,29,Yes,Yes,DSL,No,No,Yes,Yes,Yes,No,One year,Yes,Bank transfer (automatic),53.15,1623.33,No
0416-9722,Male,0,No,Yes,61,Yes,No,Fiber optic,No,Yes,No,No,No,No,Month-to-month,Yes,Electronic check,77.9,4817.57,No
0417-2096,Male,0,No,No,44,No,No phone service,Fiber optic,No,No,No,No,No,Yes,Two year,Yes,Credit card (automatic),68.74,3056.44,No
0418-3668,Male,0,No,No,9,Yes,No,No,No internet service,No internet service,No internet service,No internet service,No internet service,No internet service,One year,Yes,Electronic check,30.03,219.84,No
0419-5556,Female,0,No,No,62,Yes,No,Fiber optic,Yes,Yes,Yes,Yes,No,No,One year,Yes,Electronic check,71.19,4414.41,No
0420-9346,Male,1,No,No,15,Yes,No,Fiber optic,No,Yes,Yes,No,No,No,Two year,Yes,Credit card (automatic),102.45,1573.46,No
0421-7247,Female,1,Yes,Yes,44,Yes,No,No,No internet service,No internet service,No internet service,No internet service,No internet service,No internet service,Month-to-month,Yes,Credit card (automatic),34.47,1502.44,No
0422-7894,Male,0,No,No,41,Yes,No,Fiber optic,Yes,No,No,No,No,No,Month-to-month,No,Mailed check,82.49,3332.01,No
0423-6229,Male,0,No,No,53,No,No phone service,No,No internet service,No internet service,No internet service,No internet service,No internet service,No internet service,Month-to-month,No,Mailed check,18.25,1107.64,No
0424-4752,Male,0,No,Yes,55,Yes,No,DSL,No,No,Yes,No,No,Yes,One year,Yes,Electronic check,61.25,3403.58,No
0425-2797,Male,0,No,Yes,21,Yes,No,DSL,Yes,No,No,No,No,No,Month-to-month,No,Credit card (automatic),65.35,1366.76,No
0426-8777,Female,0,No,No,56,Yes,No,Fiber optic,No,No,No,No,No,Yes,Two year,Yes,Mailed check,86.02,4878.08,No
0427-8236,Male,0,No,Yes,42,Yes,No,Fiber optic,No,No,Yes,No,Yes,No,Month-to-month,Yes,Mailed check,79.8,3440.76,No
0428-1225,Male,0,No,Yes,25,Yes,No,Fiber optic,No,No,Yes,No,No,Yes,Month-to-month,Yes,Mailed check,77.43,1860.47,Yes
0429-7437,Female,0,No,No,7,No,No phone service,Fiber optic,No,Yes,Yes,Yes,No,Yes,Two year,No,Electronic check,68.96,328.0,No
0430-1759,Female,0,No,No,41,Yes,No,Fiber optic,No,No,No,Yes,No,Yes,Two year,No,Mailed check,97.26,4013.64,No
0431-7650,Female,0,Yes,Yes,33,No,No phone service,Fiber optic,Yes,No,Yes,No,Yes,No,Two year,No,Electronic check,77.97,2648.78,No
0432-8432,Male,0,Yes,No,34,Yes,Yes,DSL,Yes,No,No,No,No,Yes,Month-to-month,Yes,Credit card (automatic),71.04,2511.58,No
0433-2179,Male,0,No,Yes,50,Yes,No,Fiber optic,Yes,Yes,Yes,No,Yes,Yes,Two year,No,Electronic check,86.62,4375.37,No
0434-4904,Male,0,Yes,No,51,Yes,No,Fiber optic,No,Yes,No,No,No,No,Month-to-month,Yes,Bank transfer (automatic),92.69,4633.52,Yes
0435-2113,Male,0,Yes,No,13,Yes,Yes,DSL,Yes,Yes,Yes,Yes,No,No,One year,Yes,Bank transfer (automatic),57.02,769.6,No
0436-6104,Female,1,Yes,No,21,Yes,No,DSL,No,Yes,No,Yes,No,No,Month-to-month,No,Electronic check,53.11,1165.89,No
0437-9347,Male,0,No,No,65,Yes,Yes,Fiber optic,No,No,No,No,Yes,No,Month-to-month,Yes,Credit card (automatic),89.96,5823.86,No
0438-1727,Female,1,No,No,43,Yes,No,No,No internet service,No internet service,No internet service,No internet service,No internet service,No internet service,Month-to-month,No,Bank transfer (automatic),28.12,1267.66,No
0439-4577,Female,0,No,No,30,Yes,Yes,DSL,No,Yes,Yes,No,No,No,Month-to-month,Yes,Bank transfer (automatic),45.53,1261.25,No
0440-9757,Female,0,No,No,70,Yes,No,DSL,No,No,No,No,No,Yes,Month-to-month,Yes,Bank transfer (automatic),52.97,3832.82,No
0441-3708,Female,0,No,No,48,Yes,No,DSL,No,Yes,No,Yes,No,Yes,Month-to-month,No,Bank transfer (automatic),53.05,2497.96,No
0442-2189,Male,0,Yes,No,62,Yes,No,DSL,No,No,No,Yes,Yes,No,Month-to-month,Yes,Electronic check,48.63,2889.38,No
0443-5396,Male,0,Yes,No,34,Yes,Yes,Fiber optic,Yes,Yes,No,Yes,Yes,No,Month-to-month,Yes,Mailed check,83.02,2761.89,Yes
0444-5574,Male,0,Yes,Yes,11,Yes,No,DSL,Yes,No,Yes,Yes,No,No,Month-to-month,Yes,Credit card (automatic),53.55,647.22,No
0445-6965,Female,0,Yes,No,53,Yes,No,Fiber optic,Yes,No,Yes,No,Yes,Yes,Two year,No,Electronic check,108.53,5813.3,No
0446-3823,Female,0,No,Yes,59,Yes,Yes,No,No internet service,No internet service,No internet service,No internet service,No internet service,No internet service,Two year,No,Mailed check,29.3,1739.55,No
0447-9599,Female,1,Yes,No,42,Yes,Yes,Fiber optic,Yes,Yes,No,No,No,Yes,One year,No,Credit card (automatic),107.41,4349.03,No
0448-5688,Male,1,No,No,31,Yes,No,Fiber optic,Yes,No,No,Yes,No,Yes,One year,Yes,Bank transfer (automatic),94.57,2850.84,No
0449-3577,Female,0,No,No,8,Yes,Yes,No,No internet service,No internet service,No internet service,No internet service,No internet service,No internet service,Month-to-month,No,Mailed check,28.04,194.61,No
0450-9641,Female,0,Yes,Yes,17,Yes,Yes,Fiber optic,No,Yes,Yes,Yes,No,No,One year,No,Electronic check,50.44,831.45,No
0451-9322,Male,1,No,No,67,Yes,No,DSL,Yes,No,No,Yes,Yes,Yes,Two year,No,Electronic check,82.04,5403.24,No
0452-5491,Male,0,No,No,12,Yes,No,DSL,No,Yes,No,Yes,No,No,One year,Yes,Credit card (automatic),56.68,664.52,No
0453-1223,Male,0,No,No,48,Yes,No,No,No internet service,No internet service,No internet service,No internet service,No internet service,No internet service,Month-to-month,Yes,Credit card (automatic),32.12,1618.92,No
0454-6371,Female,0,No,No,48,Yes,No,No,No internet service,No internet service,No internet service,No internet service,No internet service,No internet service,Month-to-month,Yes,Bank transfer (automatic),27.19,1309.27,No
0455-5996,Male,0,No,Yes,34,Yes,No,DSL,No,Yes,No,No,Yes,No,One year,Yes,Credit card (automatic),54.41,1965.78,No
0456-2333,Female,0,No,No,72,Yes,Yes,Fiber optic,No,No,No,No,No,No,Month-to-month,Yes,Mailed check,83.86,6032.14,No
0457-6705,Male,0,No,No,49,Yes,Yes,DSL,Yes,Yes,No,No,No,No,Month-to-month,Yes,Electronic check,76.22,3850.22,No
0458-8566,Female,0,Yes,Yes,70,Yes,Yes,DSL,Yes,Yes,Yes,Yes,No,No,Two year,Yes,Electronic check,61.3,4427.83,No
0459-1952,Male,0,No,No,19,Yes,No,No,No internet service,No internet service,No internet service,No internet service,No internet service,No internet service,One year,Yes,Bank transfer (automatic),28.26,566.92,No
0460-7509,Male,0,No,No,54,Yes,No,Fiber optic,No,Yes,Yes,No,No,No,Month-to-month,Yes,Mailed check,73.75,3993.35,No
0461-2262,Male,0,Yes,No,56,Yes,No,DSL,No,No,No,Yes,No,Yes,Month-to-month,Yes,Credit card (automatic),74.41,4267.35,No
0462-7738,Female,0,Yes,No,67,Yes,No,Fiber optic,Yes,Yes,Yes,No,Yes,Yes,Month-to-month,Yes,Electronic check,100.2,6801.75,Yes
0463-4771,Female,1,Yes,Yes,30,Yes,Yes,No,No internet service,No internet service,No internet service,No internet service,No internet service,No internet service,Two year,Yes,Credit card (automatic),29.73,868.88,No
0464-1058,Male,1,Yes,No,24,No,No phone service,No,No internet service,No internet service,No internet service,No internet service,No internet service,No internet service,Month-to-month,Yes,Credit card (automatic),18.25,413.55,No
0465-9695,Male,0,Yes,No,58,Yes,Yes,Fiber optic,Yes,No,No,No,No,No,Two year,No,Credit card (automatic),64.3,3765.05,No
0466-2493,Female,0,Yes,No,52,Yes,Yes,No,No internet service,No internet service,No internet service,No internet service,No internet service,No internet service,Month-to-month,Yes,Credit card (automatic),30.52,1488.0,No
0467-6363,Female,0,No,No,20,Yes,Yes,Fiber optic,Yes,Yes,No,No,No,No,Two year,No,Mailed check,98.1,1999.37,No
0468-2633,Female,0,No,No,22,Yes,Yes,No,No internet service,No internet service,No internet service,No internet service,No internet service,No internet service,Month-to-month,No,Bank transfer (automatic),27.75,613.47,No
0469-9396,Female,0,No,No,57,Yes,Yes,Fiber optic,No,No,Yes,No,No,No,Month-to-month,No,Bank transfer (automatic),72.34,4037.17,No
0470-7644,Female,0,Yes,No,41,Yes,No,Fiber optic,Yes,Yes,Yes,No,No,Yes,Two year,No,Credit card (automatic),84.03,3413.86,No
0471-8238,Female,0,No,No,66,Yes,No,No,No internet service,No internet service,No internet service,No internet service,No internet service,No internet service,Month-to-month,Yes,Bank transfer (automatic),32.48,2183.76,No
0472-4888,Female,0,Yes,No,46,Yes,No,Fiber optic,No,Yes,No,Yes,No,No,Month-to-month,Yes,Mailed check,86.25,3951.86,No
0473-5205,Female,1,Yes,No,71,Yes,Yes,Fiber optic,Yes,No,No,No,Yes,Yes,Month-to-month,Yes,Credit card (automatic),95.61,6812.26,No
0474-6708,Male,0,No,No,23,Yes,No,No,No internet service,No internet service,No internet service,No internet service,No internet service,No internet service,Month-to-month,Yes,Mailed check,27.07,679.55,No
0475-8062,Female,0,No,No,56,Yes,No,No,No internet service,No internet service,No internet service,No internet service,No internet service,No internet service,Two year,Yes,Electronic check,28.55,1722.48,No
0476-8621,Female,0,No,No,13,Yes,No,Fiber optic,Yes,No,No,No,No,No,Month-to-month,No,Electronic check,89.29,1132.02,No
0477-1160,Female,0,No,No,51,Yes,No,Fiber optic,No,No,No,No,No,Yes,Two year,No,Mailed check,77.28,3931.44,No
0478-6971,Male,0,No,No,30,Yes,No,No,No internet service,No internet service,No internet service,No internet service,No internet service,No internet service,One year,Yes,Credit card (automatic),31.94,971.84,No
0479-1982,Female,0,No,No,37,Yes,No,Fiber optic,Yes,Yes,No,No,No,No,Month-to-month,Yes,Credit card (automatic),66.6,2616.74,No
0480-3591,Female,0,No,No,58,Yes,No,Fiber optic,No,Yes,Yes,No,Yes,Yes,Month-to-month,No,Mailed check,100.31,5903.87,Yes
0481-8464,Female,0,Yes,Yes,7,Yes,Yes,DSL,No,No,Yes,Yes,No,Yes,Two year,No,Electronic check,63.34,373.57,No
0482-3254,Female,0,Yes,Yes,16,No,No phone service,DSL,No,No,Yes,Yes,Yes,Yes,One year,No,Bank transfer (automatic),52.7,726.97,No
0483-8170,Female,0,No,No,40,Yes,No,DSL,Yes,No,Yes,Yes,Yes,No,Two year,Yes,Credit card (automatic),59.58,2486.12,No
0484-5166,Female,0,No,Yes,30,Yes,No,Fiber optic,Yes,No,No,Yes,No,No,Two year,Yes,Electronic check,75.19,2272.1,No
0485-3093,Male,0,Yes,No,41,No,No phone service,Fiber optic,No,Yes,No,No,No,No,Month-to-month,No,Mailed check,69.95,2983.55,No
0486-4007,Female,0,Yes,Yes,31,Yes,No,DSL,Yes,No,Yes,No,No,Yes,One year,No,Credit card (automatic),77.38,2520.86,No
0487-5776,Female,0,Yes,Yes,4,Yes,Yes,DSL,Yes,Yes,No,No,No,Yes,Month-to-month,No,Mailed check,67.13,233.19,No
0488-7885,Male,0,No,No,68,Yes,No,Fiber optic,Yes,No,Yes,No,No,No,Two year,No,Bank transfer (automatic),88.95,6044.41,No
0489-6453,Male,0,Yes,No,50,Yes,No,DSL,Yes,No,No,No,No,Yes,Month-to-month,No,Electronic check,74.4,3781.43,No
0490-9398,Male,0,No,No,44,Yes,Yes,No,No internet service,No internet service,No internet service,No internet service,No internet service,No internet service,Month-to-month,Yes,Mailed check,31.65,1329.23,No
0491-8808,Female,0,Yes,No,10,Yes,No,DSL,Yes,Yes,Yes,No,No,Yes,Month-to-month,No,Electronic check,69.42,704.45,No
0492-7779,Female,1,Yes,Yes,14,Yes,No,No,No internet service,No internet service,No internet service,No internet service,No internet service,No internet service,One year,Yes,Electronic check,22.05,294.93,No
0493-6427,Female,0,Yes,Yes,43,Yes,No,Fiber optic,Yes,No,No,No,No,Yes,Two year,No,Credit card (automatic),89.04,3793.48,No
0494-3608,Male,0,No,No,3,Yes,No,No,No internet service,No internet service,No internet service,No internet service,No internet service,No internet service,Month-to-month,No,Credit card (automatic),28.6,141.79,No
0495-4712,Female,0,Yes,No,34,Yes,Yes,Fiber optic,No,No,Yes,No,Yes,No,Two year,Yes,Mailed check,81.1,2752.39,No
0496-2069,Male,0,Yes,No,64,Yes,Yes,No,No internet service,No internet service,No internet service,No internet service,No internet service,No internet service,Month-to-month,Yes,Mailed check,33.79,2099.61,No
0497-4367,Male,1,No,No,63,No,No phone service,Fiber optic,No,No,Yes,No,Yes,No,Two year,No,Credit card (automatic),58.11,3736.82,No
0498-9337,Male,0,No,No,37,Yes,Yes,Fiber optic,No,Yes,No,Yes,No,Yes,Month-to-month,No,Mailed check,72.5,2776.13,No
0499-4832,Female,0,Yes,No,16,Yes,No,DSL,No,Yes,Yes,Yes,No,No,Month-to-month,No,Mailed check,57.28,995.37,No
0500-2023,Male,1,No,Yes,5,Yes,No,Fiber optic,Yes,Yes,No,No,No,No,Month-to-month,Yes,Electronic check,74.21,327.59,No
0501-6866,Female,0,Yes,Yes,12,Yes,Yes,DSL,No,Yes,Yes,No,Yes,No,Month-to-month,Yes,Mailed check,49.49,628.59,No
0502-9662,Male,0,No,Yes,20,Yes,No,No,No internet service,No internet service,No internet service,No internet service,No internet service,No internet service,Two year,Yes,Credit card (automatic),26.57,544.39,No
0503-8806,Male,0,Yes,No,40,Yes,No,Fiber optic,No,Yes,No,Yes,Yes,Yes,One year,Yes,Mailed check,83.52,3350.24,No
0504-3466,Male,0,No,No,52,Yes,Yes,Fiber optic,No,No,No,No,Yes,No,Two year,Yes,Electronic check,111.73,5853.94,No
0505-5084,Female,0,No,Yes,33,Yes,No,DSL,No,No,No,No,Yes,No,Month-to-month,Yes,Electronic check,50.25,1710.82,No
0506-5778,Male,0,No,Yes,60,Yes,Yes,DSL,No,No,No,No,No,Yes,Month-to-month,No,Bank transfer (automatic),74.53,4599.06,No
0507-3230,Female,1,No,Yes,11,Yes,No,Fiber optic,Yes,No,No,Yes,Yes,Yes,Month-to-month,Yes,Bank transfer (automatic),112.25,1277.15,Yes
0508-3417,Female,0,Yes,No,30,Yes,No,Fiber optic,No,Yes,No,No,No,Yes,Two year,No,Electronic check,98.61,2991.05,No
0509-3129,Female,0,No,No,44,Yes,Yes,Fiber optic,No,Yes,No,No,No,No,Month-to-month,Yes,Mailed check,84.16,3738.51,No
0510-9950,Male,0,Yes,No,3,Yes,No,No,No internet service,No internet service,No internet service,No internet service,No internet service,No internet service,One year,Yes,Electronic check,28.87,223.15,No
0511-7713,Male,0,Yes,No,66,Yes,No,DSL,Yes,Yes,No,No,No,Yes,Month-to-month,Yes,Electronic check,63.64,4093.95,No
0512-8566,Female,1,No,Yes,72,Yes,No,Fiber optic,Yes,No,No,Yes,No,Yes,Month-to-month,No,Electronic check,95.46,6962.47,No
0513-8348,Male,0,No,No,54,Yes,No,DSL,Yes,No,Yes,No,No,No,One year,Yes,Mailed check,59.73,3272.6,No
0514-9631,Male,0,No,No,51,Yes,No,Fiber optic,No,No,Yes,No,Yes,No,Month-to-month,Yes,Credit card (automatic),70.82,3618.48,Yes
0515-1947,Female,1,No,Yes,15,Yes,No,Fiber optic,No,No,No,No,Yes,Yes,Two year,Yes,Credit card (automatic),96.92,1484.79,No
0516-8933,Male,1,No,No,13,No,No phone service,Fiber optic,No,Yes,Yes,No,Yes,No,Month-to-month,Yes,Electronic check,69.73,1023.36,Yes
0517-1598,Male,1,No,No,17,Yes,Yes,Fiber optic,No,No,No,Yes,Yes,Yes,Month-to-month,No,Electronic check,90.99,1591.61,Yes
0518-5278,Female,0,No,Yes,9,Yes,Yes,DSL,Yes,No,No,No,Yes,No,Two year,No,Mailed check,75.33,726.73,No
0519-6349,Female,0,No,No,40,Yes,No,DSL,No,No,Yes,No,Yes,Yes,Two year,No,Electronic check,74.79,2993.27,No
0520-4220,Male,0,Yes,No,69,Yes,No,DSL,No,No,No,No,Yes,No,Month-to-month,No,Bank transfer (automatic),51.22,3607.53,No
0521-2315,Female,0,No,No,49,Yes,No,Fiber optic,No,Yes,No,Yes,Yes,No,Month-to-month,No,Bank transfer (automatic),93.63,4664.19,No
0522-2730,Male,1,No,No,64,Yes,No,DSL,No,No,No,No,No,No,Month-to-month,No,Bank transfer (automatic),44.72,2706.04,No
0523-8421,Female,0,No,Yes,71,Yes,No,Fiber optic,No,No,Yes,No,Yes,No,Month-to-month,No,Credit card (automatic),92.31,6583.8,No
0524-3868,Female,0,Yes,No,48,Yes,Yes,Fiber optic,No,No,No,No,No,No,Month-to-month,No,Electronic check,82.8,4181.1,No
0525-3792,Female,1,Yes,Yes,7,Yes,No,Fiber optic,Yes,No,Yes,No,No,No,Two year,Yes,Bank transfer (automatic),77.79,682.47,Yes
0526-9309,Male,1,Yes,Yes,67,Yes,No,Fiber optic,No,Yes,No,No,No,Yes,Two year,No,Bank transfer (automatic),93.98,6390.92,No
0527-2294,Male,0,Yes,Yes,39,Yes,No,No,No internet service,No internet service,No internet service,No internet service,No internet service,No internet service,Two year,Yes,Bank transfer (automatic),32.62,1280.54,No
0528-9236,Male,1,No,No,39,Yes,No,No,No internet service,No internet service,No internet service,No internet service,No internet service,No internet service,Two year,Yes,Electronic check,28.01,1193.77,No
0529-9287,Female,0,Yes,No,72,No,No phone service,Fiber optic,Yes,Yes,No,No,No,No,One year,Yes,Electronic check,82.96,6002.35,No
0530-6386,Male,0,Yes,No,49,Yes,No,No,No internet service,No internet service,No internet service,No internet service,No internet service,No internet service,Month-to-month,Yes,Bank transfer (automatic),25.9,1139.49,No
0531-2489,Male,0,No,No,8,Yes,Yes,No,No internet service,No internet service,No internet service,No internet service,No internet service,No internet service,Month-to-month,No,Electronic check,29.87,235.63,No
0532-2402,Female,1,Yes,No,55,Yes,No,DSL,Yes,No,Yes,No,No,No,One year,Yes,Credit card (automatic),55.48,2938.68,No
0533-3562,Male,1,Yes,No,70,Yes,No,Fiber optic,Yes,Yes,No,No,Yes,No,One year,Yes,Credit card (automatic),98.63,6905.76,No
0534-6196,Female,0,No,No,17,Yes,Yes,Fiber optic,Yes,Yes,No,No,No,Yes,Month-to-month,Yes,Credit card (automatic),102.77,1935.97,Yes
0535-2382,Male,0,No,Yes,33,Yes,Yes,No,No internet service,No internet service,No internet service,No internet service,No internet service,No internet service,One year,Yes,Bank transfer (automatic),32.09,1011.82,No
0536-5100,Male,0,No,Yes,7,Yes,Yes,No,No internet service,No internet service,No internet service,No internet service,No internet service,No internet service,One year,Yes,Credit card (automatic),31.82,298.78,No
0537-2039,Female,0,No,No,52,Yes,No,Fiber optic,No,No,Yes,No,Yes,No,Month-to-month,Yes,Credit card (automatic),96.13,4892.0,No
0538-5862,Female,1,No,No,10,Yes,Yes,Fiber optic,No,No,No,Yes,Yes,No,Month-to-month,Yes,Bank transfer (automatic),89.0,912.06,Yes
0539-1190,Male,0,Yes,Yes,31,Yes,No,Fiber optic,No,Yes,No,Yes,No,No,Month-to-month,Yes,Mailed check,81.36,2397.65,Yes
0540-7380,Female,0,No,No,47,Yes,No,Fiber optic,Yes,Yes,No,Yes,Yes,No,Month-to-month,Yes,Credit card (automatic),109.97,5064.69,No
0541-1498,Female,0,No,No,61,Yes,Yes,Fiber optic,No,No,No,No,Yes,Yes,Month-to-month,Yes,Electronic check,75.3,4651.48,No
0542-2753,Female,0,No,No,23,Yes,No,Fiber optic,No,No,No,Yes,No,Yes,Month-to-month,Yes,Mailed check,92.28,2111.61,Yes
0543-2571,Male,0,Yes,Yes,66,No,No phone service,No,No internet service,No internet service,No internet service,No internet service,No internet service,No internet service,Month-to-month,Yes,Electronic check,18.25,1198.86,No
0544-8478,Female,1,Yes,Yes,1,Yes,No,Fiber optic,No,No,No,No,No,Yes,Month-to-month,Yes,Mailed check,92.63,93.91,Yes
0545-1480,Female,0,Yes,No,12,Yes,Yes,DSL,No,Yes,No,No,Yes,No,Month-to-month,Yes,Bank transfer (automatic),68.58,653.79,No
0546-4862,Male,0,No,No,8,Yes,No,DSL,Yes,Yes,Yes,No,Yes,No,Month-to-month,No,Mailed check,66.79,500.21,No
0547-6319,Female,0,No,No,54,Yes,No,Fiber optic,Yes,Yes,No,No,No,Yes,One year,No,Electronic check,88.86,4798.15,No
0548-5643,Male,1,Yes,Yes,26,Yes,No,Fiber optic,No,No,No,No,No,Yes,Month-to-month,Yes,Electronic check,72.49,1916.25,Yes
0549-7125,Male,0,No,Yes,1,Yes,Yes,Fiber optic,Yes,Yes,Yes,No,No,Yes,Month-to-month,No,Electronic check,90.06,0.0,Yes
0550-8227,Male,0,No,No,57,Yes,No,Fiber optic,No,No,Yes,No,No,No,Month-to-month,No,Electronic check,85.58,4961.34,Yes
0551-4542,Female,0,No,Yes,20,No,No phone service,No,No internet service,No internet service,No internet service,No internet service,No internet service,No internet service,Month-to-month,Yes,Electronic check,18.25,281.24,No
0552-8453,Male,1,Yes,No,49,Yes,No,No,No internet service,No internet service,No internet service,No internet service,No internet service,No internet service,Month-to-month,Yes,Mailed check,32.34,1629.16,No
0553-3861,Male,0,No,No,40,Yes,No,Fiber optic,No,Yes,No,Yes,Yes,Yes,Month-to-month,Yes,Electronic check,93.81,3758.92,No
0554-9858,Female,0,No,No,8,Yes,Yes,Fiber optic,Yes,No,No,No,No,No,Month-to-month,Yes,Mailed check,72.25,655.38,Yes
0555-5540,Female,0,No,Yes,44,Yes,No,Fiber optic,Yes,Yes,No,Yes,No,Yes,Month-to-month,Yes,Mailed check,107.24,4843.53,No
0556-7623,Female,0,No,No,62,Yes,Yes,Fiber optic,No,No,No,No,No,Yes,One year,Yes,Credit card (automatic),89.13,5533.48,No
0557-8874,Female,1,No,No,26,Yes,No,DSL,No,No,Yes,Yes,No,Yes,Month-to-month,No,Mailed check,66.1,1740.95,No
0558-8133,Female,1,Yes,No,60,Yes,No,Fiber optic,No,Yes,Yes,No,Yes,No,Month-to-month,No,Bank transfer (automatic),107.29,6251.23,No
0559-8659,Female,0,No,No,19,Yes,No,Fiber optic,No,No,Yes,No,No,No,Month-to-month,No,Mailed check,78.11,1423.08,Yes
0560-5828,Female,0,Yes,No,20,Yes,No,Fiber optic,No,No,No,No,No,Yes,Month-to-month,Yes,Bank transfer (automatic),89.49,1713.2,No
0561-1391,Female,1,No,Yes,12,Yes,No,Fiber optic,Yes,No,Yes,No,No,No,Month-to-month,Yes,Electronic check,89.79,1072.72,Yes
0562-5437,Female,1,No,No,15,Yes,Yes,DSL,Yes,Yes,No,No,Yes,Yes,Two year,Yes,Credit card (automatic),73.37,1096.05,No
0563-2633,Male,0,No,No,17,Yes,No,DSL,Yes,No,Yes,No,Yes,Yes,Month-to-month,Yes,Electronic check,74.57,1259.31,No
0564-9001,Female,0,No,No,47,Yes,No,No,No internet service,No internet service,No internet service,No internet service,No internet service,No internet service,Two year,No,Mailed check,30.86,1475.96,No
0565-3130,Female,0,Yes,No,9,Yes,No,Fiber optic,Yes,Yes,Yes,Yes,No,No,Month-to-month,No,Bank transfer (automatic),76.98,866.16,Yes
0566-3052,Female,1,Yes,No,39,Yes,Yes,DSL,No,No,Yes,No,No,No,Month-to-month,Yes,Mailed check,61.93,2479.39,No
0567-3244,Female,0,No,Yes,19,Yes,Yes,Fiber optic,No,No,Yes,No,No,No,Month-to-month,No,Electronic check,78.9,1550.51,No
0568-6782,Female,0,Yes,Yes,10,Yes,No,DSL,Yes,Yes,No,No,No,No,One year,Yes,Mailed check,66.82,671.76,No
0569-6140,Female,0,Yes,No,59,Yes,Yes,Fiber optic,No,No,Yes,No,Yes,No,Two year,No,Mailed check,88.92,5251.3,No
0570-9538,Male,0,No,No,39,Yes,Yes,DSL,No,No,Yes,No,Yes,No,One year,Yes,Mailed check,57.67,2285.8,No
0571-4745,Male,0,Yes,Yes,20,Yes,Yes,No,No internet service,No internet service,No internet service,No internet service,No internet service,No internet service,Month-to-month,Yes,Electronic check,33.24,667.61,Yes
0572-3540,Male,0,Yes,No,46,Yes,No,DSL,Yes,No,No,No,No,No,One year,Yes,Mailed check,60.9,2942.9,No
0573-1443,Male,0,Yes,No,66,Yes,No,Fiber optic,No,Yes,No,No,Yes,Yes,Month-to-month,No,Electronic check,90.82,5929.97,No
0574-1063,Male,0,No,No,20,Yes,Yes,Fiber optic,Yes,Yes,No,No,No,No,One year,No,Electronic check,77.69,1611.68,No
0575-4362,Female,0,Yes,Yes,17,Yes,No,DSL,Yes,No,Yes,No,No,Yes,Month-to-month,Yes,Bank transfer (automatic),54.46,870.25,No
0576-9331,Male,1,No,Yes,49,No,No phone service,DSL,No,No,Yes,No,No,Yes,Two year,Yes,Electronic check,58.13,2882.56,No
0577-5713,Male,0,No,No,35,Yes,Yes,DSL,No,Yes,No,No,No,No,Two year,Yes,Electronic check,66.23,2361.28,No
0578-9041,Male,0,Yes,No,49,Yes,No,DSL,No,No,No,No,No,No,Month-to-month,No,Mailed check,42.54,2119.34,No
0579-1914,Male,0,No,Yes,12,No,No phone service,Fiber optic,Yes,No,Yes,No,Yes,Yes,Month-to-month,Yes,Electronic check,117.75,1398.38,Yes
0580-1839,Female,0,Yes,No,68,Yes,Yes,No,No internet service,No internet service,No internet service,No internet service,No internet service,No internet service,Month-to-month,No,Electronic check,29.38,1901.51,No
0581-8500,Male,0,No,No,1,Yes,No,Fiber optic,Yes,Yes,Yes,Yes,No,Yes,Two year,Yes,Electronic check,84.84,57.58,Yes
0582-1960,Male,0,Yes,No,19,Yes,Yes,Fiber optic,Yes,No,No,No,Yes,Yes,Month-to-month,No,Mailed check,96.64,1874.75,Yes
0583-1467,Female,1,Yes,No,45,Yes,Yes,Fiber optic,Yes,Yes,No,No,Yes,No,Month-to-month,Yes,Bank transfer (automatic),92.26,3977.97,Yes
0584-4636,Female,1,Yes,No,37,Yes,No,DSL,Yes,Yes,No,No,Yes,No,One year,Yes,Electronic check,54.23,2036.77,No
0585-9322,Male,0,Yes,No,24,Yes,Yes,Fiber optic,No,No,Yes,No,No,No,Month-to-month,No,Mailed check,81.25,1929.89,No
0586-7203,Female,0,No,No,71,Yes,No,No,No internet service,No internet service,No internet service,No internet service,No internet service,No internet service,One year,Yes,Electronic check,31.69,2150.04,No
0587-1891,Female,0,Yes,Yes,25,Yes,No,DSL,Yes,No,No,No,Yes,No,Month-to-month,Yes,Mailed check,63.87,1610.23,No
0588-8533,Female,0,No,No,49,Yes,Yes,DSL,No,No,No,No,No,Yes,Two year,Yes,Electronic check,57.0,2919.07,No
0589-8591,Male,1,Yes,No,29,Yes,No,DSL,Yes,Yes,Yes,Yes,Yes,No,Two year,No,Credit card (automatic),77.11,2328.39,No
0590-8205,Female,0,No,No,32,Yes,No,Fiber optic,No,Yes,Yes,No,Yes,Yes,Month-to-month,Yes,Electronic check,101.45,3178.99,Yes
0591-9122,Female,0,No,No,56,Yes,No,No,No internet service,No internet service,No internet service,No internet service,No internet service,No internet service,Month-to-month,Yes,Mailed check,30.22,1865.15,No
0592-3158,Female,0,Yes,No,25,Yes,No,Fiber optic,Yes,Yes,No,No,Yes,No,Month-to-month,No,Electronic check,86.28,2204.01,Yes
0593-9815,Female,0,No,Yes,29,Yes,No,Fiber optic,Yes,No,No,No,Yes,No,Month-to-month,Yes,Electronic check,84.56,2519.05,No
0594-3885,Male,1,No,No,57,Yes,Yes,Fiber optic,No,No,Yes,No,Yes,No,One year,Yes,Credit card (automatic),89.67,5118.04,No
0595-8217,Male,0,No,Yes,6,Yes,No,No,No internet service,No internet service,No internet service,No internet service,No internet service,No internet service,Two year,No,Bank transfer (automatic),27.13,138.61,No
0596-6213,Male,0,No,Yes,31,Yes,No,Fiber optic,No,Yes,Yes,Yes,No,No,Month-to-month,No,Electronic check,88.0,2599.08,No
0597-8014,Male,0,No,No,20,Yes,Yes,DSL,No,Yes,Yes,No,No,No,Two year,Yes,Electronic check,60.15,1329.86,No
0598-6649,Male,1,Yes,No,35,Yes,Yes,DSL,No,Yes,No,No,No,No,Month-to-month,No,Credit card (automatic),66.91,2374.1,No
0599-6781,Female,0,No,No,42,Yes,No,DSL,No,No,Yes,No,Yes,No,Two year,No,Bank transfer (automatic),65.81,2748.53,No
0600-6545,Male,0,Yes,No,31,Yes,No,No,No internet service,No internet service,No internet service,No internet service,No internet service,No internet service,Month-to-month,Yes,Electronic check,29.93,1020.28,No
0601-8010,Female,0,No,No,72,Yes,Yes,Fiber optic,No,Yes,Yes,No,No,No,Month-to-month,Yes,Electronic check,66.79,4828.86,No
0602-7650,Male,0,No,No,66,Yes,No,DSL,Yes,Yes,Yes,Yes,No,Yes,One year,No,Mailed check,65.71,4237.67,No
0603-2210,Male,0,No,No,10,Yes,Yes,No,No internet service,No internet service,No internet service,No internet service,No internet service,No internet service,Two year,No,Mailed check,29.35,294.36,No
0604-8433,Female,0,No,Yes,46,Yes,No,No,No internet service,No internet service,No internet service,No internet service,No internet service,No internet service,Two year,No,Credit card (automatic),32.62,1462.44,No
0605-5824,Male,0,Yes,No,23,Yes,No,DSL,No,Yes,No,Yes,Yes,Yes,Two year,No,Bank transfer (automatic),65.71,1477.53,No
0606-3907,Male,0,No,No,52,Yes,Yes,DSL,No,No,No,No,No,No,Two year,Yes,Credit card (automatic),49.91,2719.13,No
0607-5627,Female,0,Yes,Yes,35,Yes,No,No,No internet service,No internet service,No internet service,No internet service,No internet service,No internet service,Month-to-month,No,Electronic check,30.5,1110.96,No
0608-9701,Male,0,No,Yes,69,Yes,Yes,DSL,No,No,No,No,Yes,Yes,Two year,No,Electronic check,85.77,5981.01,No
0609-8717,Female,0,No,Yes,68,Yes,No,DSL,Yes,No,No,No,No,No,Month-to-month,Yes,Bank transfer (automatic),75.81,5254.27,No
0610-8502,Female,0,Yes,No,4,Yes,No,Fiber optic,No,No,Yes,No,Yes,No,Month-to-month,Yes,Credit card (automatic),86.8,405.69,No
0611-5164,Female,0,No,No,7,Yes,No,Fiber optic,No,No,No,No,No,No,Two year,Yes,Credit card (automatic),60.81,483.62,No
0612-8056,Female,0,Yes,No,1,Yes,No,Fiber optic,No,No,No,No,No,Yes,Month-to-month,No,Mailed check,95.94,147.36,Yes
0613-4465,Male,0,No,Yes,57,Yes,Yes,DSL,No,Yes,No,No,Yes,Yes,Month-to-month,No,Mailed check,73.7,4215.82,No
0614-7174,Male,0,No,No,16,Yes,Yes,Fiber optic,Yes,Yes,No,No,No,Yes,Month-to-month,Yes,Electronic check,96.42,1558.23,Yes
0615-6755,Male,0,No,No,52,Yes,Yes,No,No internet service,No internet service,No internet service,No internet service,No internet service,No internet service,One year,Yes,Bank transfer (automatic),28.98,1451.47,No
0616-3247,Male,0,No,No,24,Yes,No,DSL,Yes,No,No,No,No,Yes,Month-to-month,No,Bank transfer (automatic),60.74,1433.76,No
0617-3397,Male,0,Yes,No,22,Yes,No,DSL,Yes,No,No,No,Yes,Yes,One year,No,Bank transfer (automatic),73.36,1643.62,No
0618-1550,Female,1,Yes,No,44,Yes,No,Fiber optic,No,Yes,Yes,Yes,Yes,No,One year,Yes,Electronic check,74.39,3293.88,No
0619-2257,Female,0,Yes,No,56,Yes,Yes,DSL,No,No,No,No,No,No,One year,No,Mailed check,39.15,2141.09,No
0620-4902,Male,1,Yes,No,41,Yes,No,Fiber optic,Yes,No,Yes,No,Yes,No,Two year,Yes,Credit card (automatic),101.93,4168.47,No
0621-5300,Male,0,Yes,No,41,Yes,Yes,DSL,No,Yes,Yes,No,No,No,One year,Yes,Bank transfer (automatic),50.33,2037.96,No
0622-2485,Female,0,No,No,53,Yes,No,No,No internet service,No internet service,No internet service,No internet service,No internet service,No internet service,Month-to-month,No,Mailed check,31.77,1781.97,No
0623-4751,Male,0,No,No,12,Yes,Yes,DSL,Yes,Yes,Yes,No,No,No,Month-to-month,Yes,Credit card (automatic),54.44,650.65,No
0624-6436,Female,0,Yes,Yes,43,No,No phone service,DSL,No,No,No,Yes,Yes,Yes,One year,Yes,Mailed check,68.2,2898.96,No
0625-3092,Female,0,No,No,20,Yes,No,DSL,No,Yes,Yes,Yes,No,No,Month-to-month,Yes,Bank transfer (automatic),54.57,1007.64,No
0626-4043,Female,0,No,No,11,Yes,No,DSL,Yes,Yes,No,Yes,Yes,No,Month-to-month,Yes,Bank transfer (automatic),75.99,746.76,Yes
0627-4307,Female,1,Yes,No,23,Yes,No,Fiber optic,No,No,No,No,Yes,No,Month-to-month,Yes,Credit card (automatic),92.81,2018.23,Yes
0628-5544,Female,0,No,No,14,Yes,No,Fiber optic,No,Yes,No,No,Yes,No,Month-to-month,Yes,Electronic check,78.29,1141.86,Yes
0629-4297,Male,1,Yes,No,23,Yes,Yes,No,No internet service,No internet service,No internet service,No internet service,No internet service,No internet service,Month-to-month,Yes,Bank transfer (automatic),28.67,568.77,No
0630-7631,Male,0,No,No,1,Yes,Yes,Fiber optic,Yes,Yes,No,No,Yes,No,One year,Yes,Electronic check,85.07,2.94,Yes
0631-3947,Male,0,No,No,54,No,No phone service,Fiber optic,No,No,No,No,Yes,No,Two year,No,Mailed check,73.3,3782.88,No
0632-4904,Female,0,Yes,No,25,Yes,No,No,No internet service,No internet service,No internet service,No internet service,No internet service,No internet service,Month-to-month,No,Mailed check,35.47,835.33,No
0633-4414,Male,0,Yes,Yes,48,Yes,No,DSL,No,Yes,Yes,No,Yes,No,Month-to-month,Yes,Credit card (automatic),60.26,2756.02,No
0634-2646,Male,1,No,Yes,54,Yes,Yes,Fiber optic,Yes,No,Yes,No,Yes,Yes,Month-to-month,Yes,Electronic check,114.88,6075.79,No
0635-7171,Female,1,Yes,No,59,Yes,Yes,Fiber optic,Yes,Yes,Yes,No,No,Yes,Two year,No,Electronic check,93.9,5598.58,No
0636-3118,Female,1,No,No,5,Yes,No,DSL,No,Yes,Yes,No,No,Yes,Two year,Yes,Bank transfer (automatic),64.32,320.9,Yes
0637-3671,Female,1,No,No,37,Yes,Yes,Fiber optic,Yes,No,No,No,No,No,Two year,Yes,Electronic check,61.45,2228.23,No
0638-8133,Male,0,Yes,No,30,Yes,No,No,No internet service,No internet service,No internet service,No internet service,No internet service,No internet service,Two year,No,Electronic check,36.27,1161.21,No
0639-9538,Male,0,No,No,25,Yes,Yes,Fiber optic,Yes,No,No,No,Yes,Yes,One year,Yes,Credit card (automatic),92.74,2294.36,No
0640-7036,Male,1,No,No,58,Yes,No,Fiber optic,No,Yes,No,No,No,Yes,Month-to-month,Yes,Electronic check,93.42,5316.39,Yes
0641-9246,Male,0,Yes,No,4,Yes,No,Fiber optic,No,No,No,No,No,No,Month-to-month,Yes,Bank transfer (automatic),85.84,403.74,No
0642-8686,Male,0,No,No,22,Yes,Yes,Fiber optic,No,Yes,No,Yes,No,Yes,Two year,Yes,Mailed check,104.75,2359.13,Yes
0643-5327,Female,0,No,No,57,Yes,No,DSL,Yes,No,No,No,No,No,Month-to-month,No,Bank transfer (automatic),69.4,3886.82,No
0644-7931,Male,0,No,Yes,28,Yes,No,DSL,No,No,Yes,Yes,No,Yes,One year,No,Mailed check,62.8,1711.26,No
0645-3954,Female,0,Yes,No,5,Yes,No,DSL,No,Yes,Yes,No,Yes,Yes,Month-to-month,Yes,Credit card (automatic),66.38,290.55,No
0646-5144,Male,0,Yes,Yes,12,Yes,Yes,Fiber optic,Yes,No,No,No,No,Yes,One year,No,Electronic check,98.82,1314.91,No
0647-5818,Male,0,No,Yes,22,Yes,Yes,DSL,Yes,No,No,No,Yes,No,Month-to-month,No,Bank transfer (automatic),67.61,1444.37,No
0648-9643,Male,0,No,No,18,Yes,No,Fiber optic,No,No,No,No,No,Yes,One year,Yes,Electronic check,80.0,1407.58,No
0649-8636,Female,0,Yes,No,48,No,No phone service,DSL,Yes,No,No,No,Yes,Yes,Two year,No,Bank transfer (automatic),54.06,2533.17,No
0650-5402,Male,0,No,No,12,Yes,No,DSL,No,No,No,No,Yes,Yes,Month-to-month,No,Electronic check,64.1,703.66,No
0651-6872,Male,0,No,No,55,Yes,Yes,Fiber optic,Yes,No,No,No,No,No,Two year,Yes,Electronic check,89.49,4958.98,No
0652-2821,Male,0,Yes,No,22,Yes,No,Fiber optic,Yes,Yes,Yes,No,Yes,No,Month-to-month,Yes,Bank transfer (automatic),97.54,2253.63,Yes
0653-8238,Male,0,No,No,5,Yes,No,Fiber optic,Yes,No,No,No,No,Yes,Two year,Yes,Electronic check,92.88,396.29,Yes
0654-5976,Female,0,No,No,0,Yes,Yes,Fiber optic,No,No,No,No,Yes,No,Two year,Yes,Electronic check,84.55,,Yes
0655-5793,Female,0,No,No,44,Yes,Yes,Fiber optic,Yes,No,Yes,No,No,No,Two year,Yes,Electronic check,72.36,3190.38,No
0656-7895,Female,0,No,No,53,Yes,No,DSL,Yes,No,No,No,No,No,Month-to-month,No,Bank transfer (automatic),48.04,2332.31,No
0657-6695,Male,0,No,Yes,10,Yes,Yes,DSL,Yes,Yes,Yes,No,No,No,Month-to-month,Yes,Credit card (automatic),64.26,619.17,Yes
0658-1652,Female,0,No,No,22,Yes,No,DSL,Yes,No,Yes,No,No,No,Month-to-month,Yes,Electronic check,56.0,1229.0,Yes
0659-3593,Male,0,No,No,55,Yes,No,Fiber optic,Yes,No,Yes,No,Yes,No,Month-to-month,Yes,Bank transfer (automatic),93.54,5026.2,Yes
0660-2590,Female,0,Yes,No,63,Yes,No,DSL,No,No,Yes,No,No,No,Two year,Yes,Bank transfer (automatic),47.01,2974.46,No
0661-7613,Male,0,Yes,No,53,Yes,No,Fiber optic,No,Yes,Yes,No,No,Yes,Month-to-month,No,Electronic check,87.66,4631.21,No
0662-1316,Female,0,No,No,45,Yes,Yes,DSL,Yes,No,No,No,No,No,Month-to-month,Yes,Credit card (automatic),47.58,1994.03,No
0663-2821,Male,0,No,No,54,Yes,No,Fiber optic,No,Yes,Yes,No,No,Yes,Two year,No,Mailed check,85.05,4518.69,No
0664-6376,Female,0,Yes,No,21,Yes,No,Fiber optic,No,No,No,No,No,No,Month-to-month,Yes,Mailed check,70.28,1469.36,No
0665-7252,Female,0,Yes,No,4,Yes,No,No,No internet service,No internet service,No internet service,No internet service,No internet service,No internet service,Two year,No,Mailed check,31.72,197.48,No
0666-5529,Male,0,Yes,Yes,41,No,No phone service,No,No internet service,No internet service,No internet service,No internet service,No internet service,No internet service,Two year,No,Bank transfer (automatic),18.25,697.68,No
0667-8745,Female,0,No,No,40,Yes,Yes,No,No internet service,No internet service,No internet service,No internet service,No internet service,No internet service,Month-to-month,Yes,Electronic check,32.14,1253.2,Yes
0668-9269,Female,0,No,No,58,Yes,Yes,Fiber optic,No,Yes,Yes,No,Yes,No,Month-to-month,No,Electronic check,84.64,4823.76,No
0669-2188,Female,0,No,Yes,17,No,No phone service,No,No internet service,No internet service,No internet service,No internet service,No internet service,No internet service,Month-to-month,No,Electronic check,18.25,323.27,No
0670-9571,Male,0,Yes,No,64,Yes,Yes,DSL,No,No,No,No,Yes,No,Month-to-month,Yes,Electronic check,85.25,5442.47,No
0671-6528,Female,0,No,No,36,Yes,No,Fiber optic,No,Yes,Yes,No,No,No,One year,Yes,Credit card (automatic),103.72,3770.96,Yes
0672-6725,Female,0,Yes,No,32,Yes,No,Fiber optic,No,Yes,Yes,No,No,Yes,Two year,Yes,Bank transfer (automatic),77.14,2412.96,No
0673-1855,Male,0,Yes,No,72,Yes,Yes,Fiber optic,Yes,No,No,No,No,No,Month-to-month,No,Bank transfer (automatic),79.53,5652.03,No
0674-6596,Male,0,Yes,Yes,39,Yes,Yes,DSL,No,Yes,Yes,Yes,No,No,Month-to-month,No,Mailed check,44.14,1688.45,No
0675-7530,Female,0,No,Yes,6,Yes,Yes,Fiber optic,No,Yes,No,No,Yes,Yes,One year,Yes,Mailed check,98.01,570.31,Yes
0676-6226,Female,0,No,No,18,Yes,No,No,No internet service,No internet service,No internet service,No internet service,No internet service,No internet service,Month-to-month,No,Electronic check,30.29,565.83,No
0677-1760,Female,0,Yes,Yes,43,Yes,No,Fiber optic,No,No,Yes,Yes,No,Yes,Month-to-month,Yes,Electronic check,93.21,4048.81,No
0678-5708,Female,1,Yes,No,16,Yes,Yes,DSL,No,No,No,Yes,No,Yes,Two year,Yes,Bank transfer (automatic),56.66,935.32,No
0679-9422,Male,0,No,No,12,Yes,No,DSL,Yes,No,Yes,No,Yes,Yes,Two year,No,Electronic check,75.95,875.59,No
0680-7510,Female,0,Yes,No,21,Yes,No,DSL,No,No,No,No,No,Yes,Two year,Yes,Bank transfer (automatic),71.71,1584.81,No
0681-2236,Male,1,No,No,37,Yes,No,Fiber optic,Yes,Yes,Yes,No,No,No,One year,No,Bank transfer (automatic),66.89,2490.39,No
0682-9638,Male,0,Yes,Yes,6,Yes,No,Fiber optic,No,No,No,Yes,No,Yes,One year,Yes,Credit card (automatic),95.58,694.2,Yes
0683-9628,Female,0,Yes,No,38,Yes,No,DSL,Yes,No,No,No,Yes,Yes,One year,No,Electronic check,72.38,2796.37,No
0684-2524,Female,0,Yes,No,53,Yes,Yes,No,No internet service,No internet service,No internet service,No internet service,No internet service,No internet service,One year,Yes,Credit card (automatic),35.05,1699.56,No
0685-8207,Female,0,No,No,33,Yes,No,Fiber optic,Yes,No,No,No,No,Yes,Month-to-month,Yes,Mailed check,75.8,2380.48,No
0686-4660,Male,0,Yes,No,50,Yes,No,No,No internet service,No internet service,No internet service,No internet service,No internet service,No internet service,Month-to-month,Yes,Bank transfer (automatic),30.1,1625.76,No
0687-6342,Male,0,Yes,Yes,46,Yes,Yes,No,No internet service,No internet service,No internet service,No internet service,No internet service,No internet service,Month-to-month,Yes,Electronic check,31.4,1490.79,No
0688-5006,Female,0,No,No,36,Yes,No,Fiber optic,No,No,No,No,Yes,No,Month-to-month,No,Bank transfer (automatic),103.04,3713.13,No
0689-8042,Female,0,Yes,Yes,71,Yes,No,No,No internet service,No internet service,No internet service,No internet service,No internet service,No internet service,Month-to-month,No,Mailed check,33.1,2515.04,No
0690-9968,Male,0,No,No,44,No,No phone service,No,No internet service,No internet service,No internet service,No internet service,No internet service,No internet service,Month-to-month,No,Electronic check,18.25,626.85,No
0691-8155,Female,0,Yes,Yes,58,Yes,No,DSL,Yes,No,Yes,Yes,No,Yes,One year,No,Mailed check,72.49,4129.49,No
0692-9381,Female,0,No,No,46,Yes,Yes,Fiber optic,Yes,No,Yes,No,No,No,One year,No,Mailed check,78.75,3641.27,No
0693-9513,Female,0,Yes,Yes,69,Yes,No,No,No internet service,No internet service,No internet service,No internet service,No internet service,No internet service,One year,No,Bank transfer (automatic),31.23,2131.57,No
0694-1810,Male,0,No,No,31,Yes,Yes,Fiber optic,Yes,No,No,No,No,Yes,One year,No,Electronic check,91.64,2915.95,Yes
0695-3280,Male,0,No,Yes,13,Yes,Yes,Fiber optic,No,No,Yes,No,No,No,Month-to-month,No,Bank transfer (automatic),78.87,1185.77,Yes
0696-7495,Female,0,No,Yes,13,Yes,No,No,No internet service,No internet service,No internet service,No internet service,No internet service,No internet service,Two year,Yes,Mailed check,29.79,452.03,Yes
0697-6310,Female,0,No,Yes,72,Yes,Yes,Fiber optic,No,No,Yes,Yes,No,Yes,Two year,Yes,Mailed check,97.92,6891.0,No
0698-1451,Female,0,Yes,Yes,58,Yes,No,Fiber optic,Yes,Yes,No,Yes,Yes,Yes,Month-to-month,Yes,Bank transfer (automatic),108.84,6446.38,No
0699-1855,Male,0,Yes,No,22,Yes,Yes,DSL,No,Yes,Yes,No,No,Yes,Month-to-month,No,Credit card (automatic),64.92,1424.23,No
0700-5684,Female,1,No,No,32,Yes,No,No,No internet service,No internet service,No internet service,No internet service,No internet service,No internet service,One year,No,Bank transfer (automatic),32.45,984.75,No
0701-6544,Female,0,No,Yes,2,Yes,Yes,No,No internet service,No internet service,No internet service,No internet service,No internet service,No internet service,Month-to-month,No,Electronic check,34.66,0.0,No
0702-2509,Female,0,No,No,69,Yes,Yes,No,No internet service,No internet service,No internet service,No internet service,No internet service,No internet service,Month-to-month,Yes,Electronic check,28.02,1935.99,No
0703-2541,Male,0,No,No,31,Yes,No,No,No internet service,No internet service,No internet service,No internet service,No internet service,No internet service,One year,Yes,Bank transfer (automatic),33.45,906.07,No
0704-2163,Female,0,No,Yes,28,Yes,No,DSL,No,Yes,Yes,No,No,Yes,Month-to-month,Yes,Mailed check,61.23,1651.15,No
0705-6083,Male,0,No,No,17,Yes,No,Fiber optic,Yes,No,Yes,No,No,No,Two year,Yes,Bank transfer (automatic),94.62,1493.17,No
0706-1070,Male,0,No,No,6,Yes,No,DSL,Yes,Yes,No,Yes,Yes,No,Month-to-month,Yes,Electronic check,66.99,372.33,No
0707-6151,Male,1,No,No,55,Yes,Yes,DSL,No,No,No,No,No,Yes,Month-to-month,Yes,Electronic check,65.91,3594.15,No
0708-5282,Female,0,Yes,No,16,No,No phone service,No,No internet service,No internet service,No internet service,No internet service,No internet service,No internet service,Month-to-month,Yes,Electronic check,18.25,196.23,No
0709-5193,Female,1,No,No,6,Yes,Yes,DSL,No,No,Yes,Yes,Yes,Yes,Two year,Yes,Bank transfer (automatic),77.95,446.15,No
0710-7112,Female,1,No,No,71,Yes,No,Fiber optic,No,No,No,Yes,Yes,Yes,Month-to-month,No,Credit card (automatic),81.11,5799.26,No
0711-5703,Female,0,Yes,No,40,No,No phone service,No,No internet service,No internet service,No internet service,No internet service,No internet service,No internet service,Month-to-month,Yes,Electronic check,18.25,717.74,No
0712-7549,Male,1,No,No,5,Yes,No,No,No internet service,No internet service,No internet service,No internet service,No internet service,No internet service,Two year,Yes,Mailed check,29.33,340.07,No
0713-7874,Female,0,No,No,21,Yes,No,DSL,No,No,Yes,No,No,Yes,Two year,No,Bank transfer (automatic),67.73,1382.0,No
0714-9280,Female,0,Yes,No,40,Yes,Yes,DSL,No,No,Yes,Yes,Yes,Yes,Month-to-month,Yes,Credit card (automatic),61.41,2442.97,No
0715-8192,Male,0,No,No,15,Yes,No,Fiber optic,No,No,No,No,No,Yes,Two year,Yes,Electronic check,93.42,1491.61,Yes
0716-5658,Female,0,Yes,No,72,No,No phone service,Fiber optic,Yes,No,Yes,No,No,Yes,Month-to-month,Yes,Electronic check,77.56,5509.88,No
0717-5428,Female,0,Yes,Yes,63,Yes,No,No,No internet service,No internet service,No internet service,No internet service,No internet service,No internet service,One year,No,Electronic check,28.28,1831.85,No
0718-3121,Male,1,No,Yes,64,Yes,No,Fiber optic,Yes,No,No,Yes,No,Yes,Month-to-month,No,Credit card (automatic),85.3,5373.37,No
0719-6395,Male,0,No,Yes,37,Yes,No,DSL,Yes,Yes,No,No,No,No,Month-to-month,Yes,Credit card (automatic),39.71,1413.4,No
0720-2252,Male,0,No,Yes,72,No,No phone service,Fiber optic,No,No,No,Yes,No,No,Month-to-month,No,Electronic check,69.48,5023.94,No
0721-9380,Female,0,Yes,No,23,Yes,Yes,Fiber optic,Yes,No,Yes,No,Yes,Yes,Month-to-month,No,Bank transfer (automatic),112.54,2524.28,Yes
0722-8604,Male,0,No,No,40,Yes,Yes,No,No internet service,No internet service,No internet service,No internet service,No internet service,No internet service,Month-to-month,Yes,Electronic check,29.08,1123.08,No
0723-2077,Male,0,Yes,Yes,54,Yes,Yes,DSL,No,Yes,No,Yes,No,No,Month-to-month,No,Credit card (automatic),47.94,2427.02,No
0724-8072,Female,0,No,No,36,No,No phone service,Fiber optic,Yes,No,Yes,Yes,Yes,No,One year,Yes,Bank transfer (automatic),89.35,3346.51,No
0725-2053,Female,1,Yes,Yes,62,Yes,Yes,Fiber optic,Yes,No,No,No,No,Yes,Month-to-month,No,Credit card (automatic),103.11,6447.25,No
0726-7490,Male,0,No,No,7,Yes,No,Fiber optic,No,No,Yes,No,Yes,No,Month-to-month,Yes,Bank transfer (automatic),74.0,545.75,No
0727-1789,Female,0,Yes,No,32,Yes,Yes,Fiber optic,No,No,No,No,Yes,Yes,Month-to-month,Yes,Electronic check,112.81,3559.66,Yes
0728-5393,Female,0,Yes,Yes,60,Yes,No,Fiber optic,Yes,Yes,No,No,Yes,No,Month-to-month,Yes,Bank transfer (automatic),80.88,4701.22,No
0729-6920,Male,0,Yes,No,13,Yes,No,Fiber optic,Yes,No,No,Yes,No,No,Month-to-month,Yes,Bank transfer (automatic),83.15,1110.24,No
0730-7558,Male,1,No,No,28,Yes,Yes,DSL,No,No,No,No,No,No,Two year,Yes,Mailed check,52.26,1490.97,No
0731-4767,Female,0,No,No,72,Yes,Yes,DSL,No,Yes,Yes,Yes,Yes,No,Month-to-month,No,Electronic check,69.66,4859.72,No
0732-9293,Male,0,No,No,44,Yes,Yes,DSL,No,No,Yes,No,No,No,Month-to-month,Yes,Bank transfer (automatic),55.73,2332.27,No
0733-7968,Male,0,Yes,No,26,Yes,Yes,DSL,Yes,Yes,No,Yes,Yes,No,Month-to-month,Yes,Mailed check,60.29,1560.53,No
0734-2874,Male,1,Yes,Yes,26,Yes,Yes,Fiber optic,No,No,No,Yes,No,No,Two year,Yes,Electronic check,110.92,2906.5,No
0735-7040,Female,0,No,No,15,No,No phone service,DSL,No,No,No,Yes,Yes,No,Month-to-month,Yes,Electronic check,40.84,598.99,No
0736-7574,Female,0,Yes,Yes,53,Yes,Yes,DSL,Yes,Yes,Yes,No,Yes,Yes,Month-to-month,Yes,Electronic check,74.24,3713.48,No
0737-4002,Male,0,No,No,7,Yes,No,No,No internet service,No internet service,No internet service,No internet service,No internet service,No internet service,One year,Yes,Electronic check,30.67,225.25,No
0738-7643,Female,0,No,No,15,Yes,No,Fiber optic,Yes,Yes,No,Yes,Yes,Yes,Two year,Yes,Electronic check,110.74,1647.45,No
0739-9084,Male,0,No,No,9,Yes,No,No,No internet service,No internet service,No internet service,No internet service,No internet service,No internet service,Month-to-month,Yes,Electronic check,23.83,97.07,No
0740-8353,Male,0,No,No,55,Yes,No,Fiber optic,No,No,No,Yes,No,No,One year,Yes,Electronic check,59.39,3265.09,No
0741-7862,Female,0,Yes,No,68,Yes,No,DSL,Yes,No,No,Yes,No,No,Month-to-month,Yes,Electronic check,60.72,4074.94,No
0742-6709,Male,1,Yes,No,6,Yes,Yes,Fiber optic,No,No,No,No,No,Yes,One year,No,Electronic check,101.36,435.33,Yes
0743-3434,Male,0,No,No,69,No,No phone service,Fiber optic,No,No,Yes,No,No,Yes,Month-to-month,Yes,Mailed check,81.21,5603.39,No
0744-8156,Male,1,Yes,No,66,Yes,No,DSL,No,No,No,No,No,Yes,Month-to-month,Yes,Electronic check,66.28,4447.28,Yes
0745-4277,Male,0,No,Yes,37,Yes,No,DSL,Yes,No,Yes,No,Yes,Yes,Month-to-month,No,Bank transfer (automatic),89.74,3412.55,No
0746-5789,Male,0,No,No,2,Yes,No,DSL,No,Yes,No,No,Yes,Yes,Month-to-month,No,Electronic check,70.92,204.93,Yes
0747-3829,Male,0,Yes,No,50,Yes,Yes,DSL,No,No,No,Yes,Yes,No,Month-to-month,Yes,Mailed check,73.58,3652.29,No
0748-3816,Male,0,No,Yes,38,Yes,No,DSL,Yes,No,No,No,No,No,Month-to-month,Yes,Electronic check,58.59,2169.23,No
0749-2418,Male,0,Yes,No,60,Yes,Yes,DSL,No,No,No,No,No,Yes,Two year,No,Bank transfer (automatic),69.29,4057.71,No
0750-9650,Female,0,No,No,21,Yes,No,Fiber optic,Yes,No,Yes,Yes,Yes,No,Month-to-month,No,Electronic check,78.68,1471.2,No
0751-2329,Female,0,Yes,No,40,Yes,No,DSL,No,Yes,No,No,No,No,One year,No,Mailed check,59.01,2366.51,No
0752-1776,Female,0,No,No,65,Yes,Yes,Fiber optic,No,Yes,No,No,Yes,Yes,Two year,Yes,Credit card (automatic),108.33,7049.98,No
0753-9424,Male,0,Yes,No,48,Yes,No,DSL,No,No,Yes,No,No,No,Month-to-month,Yes,Bank transfer (automatic),55.33,2618.1,No
0754-5994,Female,1,Yes,No,47,Yes,No,Fiber optic,No,Yes,No,No,No,No,Month-to-month,No,Electronic check,90.42,4344.05,Yes
0755-4940,Male,0,Yes,No,70,Yes,Yes,Fiber optic,No,No,Yes,No,Yes,No,Month-to-month,Yes,Mailed check,105.17,7443.14,No
0756-7636,Female,0,Yes,Yes,35,Yes,No,Fiber optic,Yes,No,Yes,No,Yes,Yes,One year,No,Bank transfer (automatic),103.23,3655.32,No
0757-4449,Female,0,No,No,12,Yes,No,DSL,No,No,Yes,Yes,No,Yes,Two year,Yes,Credit card (automatic),59.78,656.86,No
0758-2151,Female,0,Yes,No,71,Yes,Yes,DSL,No,No,No,Yes,No,No,Month-to-month,No,Electronic check,53.06,3909.14,No
0759-7566,Male,0,Yes,No,10,Yes,Yes,DSL,No,No,Yes,No,Yes,No,Month-to-month,No,Credit card (automatic),63.13,738.41,No
0760-2583,Male,0,Yes,No,40,Yes,Yes,DSL,No,Yes,Yes,No,No,Yes,Two year,No,Electronic check,56.71,2155.59,No
0761-5976,Male,0,Yes,Yes,54,Yes,Yes,Fiber optic,No,No,No,Yes,No,Yes,Month-to-month,No,Electronic check,102.56,5556.44,No
0762-9540,Male,0,Yes,No,57,Yes,No,Fiber optic,No,No,No,No,No,No,Month-to-month,Yes,Mailed check,89.29,5134.08,No
0763-9424,Female,0,Yes,No,51,Yes,No,Fiber optic,No,No,No,No,No,Yes,Month-to-month,No,Credit card (automatic),80.37,4011.18,No
0764-4246,Male,0,No,Yes,31,Yes,Yes,No,No internet service,No internet service,No internet service,No internet service,No internet service,No internet service,Two year,Yes,Credit card (automatic),27.64,917.23,No
0765-8021,Female,1,No,No,13,Yes,No,No,No internet service,No internet service,No internet service,No internet service,No internet service,No internet service,Two year,Yes,Bank transfer (automatic),27.77,454.39,No
0766-6513,Female,0,No,No,2,Yes,Yes,DSL,No,No,No,No,No,No,Two year,Yes,Electronic check,50.78,42.04,No
0767-5313,Male,0,Yes,Yes,22,Yes,No,Fiber optic,No,No,No,Yes,Yes,Yes,Two year,No,Bank transfer (automatic),100.28,2179.47,No
0768-2259,Male,0,No,No,70,Yes,Yes,DSL,No,No,No,Yes,Yes,No,Month-to-month,Yes,Electronic check,61.19,4326.56,No
0769-4386,Female,0,No,No,50,Yes,No,Fiber optic,No,No,Yes,Yes,No,No,Month-to-month,No,Bank transfer (automatic),69.29,3596.64,No
0770-6866,Male,0,No,No,29,Yes,Yes,Fiber optic,Yes,No,No,Yes,Yes,No,One year,No,Bank transfer (automatic),89.0,2624.96,No
0771-9878,Female,0,Yes,Yes,36,Yes,No,Fiber optic,No,No,Yes,Yes,No,Yes,Two year,No,Mailed check,97.3,3457.73,No
0772-1044,Male,0,Yes,Yes,24,Yes,No,Fiber optic,No,No,No,No,No,Yes,Two year,Yes,Electronic check,93.38,2205.66,No
0773-7459,Male,0,Yes,No,65,Yes,No,Fiber optic,No,Yes,Yes,No,No,No,Month-to-month,Yes,Mailed check,81.21,5305.37,No
0774-8616,Male,0,Yes,No,33,Yes,Yes,DSL,Yes,No,No,No,No,No,Two year,No,Bank transfer (automatic),55.66,1842.56,No
0775-9559,Male,1,No,Yes,61,Yes,No,Fiber optic,No,No,No,No,Yes,No,Month-to-month,Yes,Credit card (automatic),83.74,5106.9,No
0776-4813,Male,0,Yes,No,3,Yes,Yes,No,No internet service,No internet service,No internet service,No internet service,No internet service,No internet service,Month-to-month,No,Credit card (automatic),29.1,0.0,No
0777-2066,Female,0,Yes,Yes,35,Yes,Yes,Fiber optic,No,Yes,Yes,No,Yes,No,Month-to-month,Yes,Bank transfer (automatic),117.86,4141.8,Yes
0778-3438,Male,0,Yes,No,44,No,No phone service,DSL,No,No,No,No,No,Yes,Two year,Yes,Mailed check,54.74,2448.75,No
0779-8653,Female,0,Yes,No,48,Yes,Yes,Fiber optic,No,No,Yes,No,Yes,Yes,Two year,No,Bank transfer (automatic),103.34,4912.47,No
0780-8900,Female,0,Yes,Yes,1,Yes,No,Fiber optic,Yes,No,No,No,Yes,No,One year,No,Electronic check,89.44,131.38,Yes
0781-6733,Male,1,Yes,No,46,Yes,Yes,Fiber optic,No,Yes,Yes,No,No,No,One year,Yes,Bank transfer (automatic),65.74,3102.63,No
0782-2104,Male,0,No,No,61,Yes,No,DSL,No,No,Yes,No,Yes,Yes,One year,No,Electronic check,71.34,4412.66,No
0783-2097,Female,0,Yes,No,6,Yes,No,Fiber optic,Yes,No,No,No,Yes,No,Two year,Yes,Bank transfer (automatic),84.87,617.88,No
0784-5303,Female,0,No,No,24,Yes,No,DSL,Yes,Yes,No,No,Yes,Yes,Month-to-month,No,Bank transfer (automatic),77.11,1759.69,No
0785-6293,Male,0,No,Yes,31,Yes,No,Fiber optic,No,No,Yes,Yes,No,Yes,Month-to-month,Yes,Electronic check,79.57,2509.45,No
0786-1291,Female,0,No,Yes,18,Yes,No,Fiber optic,No,No,Yes,Yes,Yes,Yes,Month-to-month,No,Credit card (automatic),108.22,2078.77,Yes
0787-7174,Female,1,No,No,32,Yes,No,No,No internet service,No internet service,No internet service,No internet service,No internet service,No internet service,Month-to-month,No,Mailed check,28.1,1009.64,No
0788-5900,Female,0,Yes,No,65,Yes,No,No,No internet service,No internet service,No internet service,No internet service,No internet service,No internet service,Month-to-month,No,Mailed check,24.19,1397.14,No
0789-1110,Female,0,No,Yes,65,Yes,No,Fiber optic,No,Yes,Yes,Yes,No,No,Two year,Yes,Electronic check,82.16,5300.8,No
0790-1861,Male,0,No,No,43,Yes,No,No,No internet service,No internet service,No internet service,No internet service,No internet service,No internet service,Month-to-month,Yes,Bank transfer (automatic),30.06,1310.14,No
0791-5088,Male,0,No,Yes,64,Yes,Yes,DSL,No,No,No,No,No,No,One year,Yes,Mailed check,50.68,3063.75,No
0792-7502,Male,0,Yes,Yes,59,Yes,Yes,Fiber optic,No,Yes,No,No,No,Yes,Two year,No,Credit card (automatic),97.69,5791.19,No
0793-8427,Female,0,No,No,4,No,No phone service,Fiber optic,No,No,Yes,Yes,No,No,One year,No,Electronic check,75.93,167.18,Yes
0794-4881,Male,0,Yes,No,28,Yes,No,Fiber optic,No,No,No,Yes,No,Yes,Month-to-month,No,Electronic check,77.96,2148.91,No
0795-3657,Male,0,No,No,61,Yes,No,No,No internet service,No internet service,No internet service,No internet service,No internet service,No internet service,One year,Yes,Mailed check,30.31,1796.56,No
0796-9713,Female,0,Yes,Yes,32,Yes,No,DSL,Yes,Yes,No,No,No,No,One year,Yes,Credit card (automatic),57.33,1786.19,No
0797-5126,Female,1,Yes,No,44,Yes,No,DSL,Yes,Yes,Yes,No,Yes,Yes,Month-to-month,Yes,Electronic check,75.27,3285.13,No
0798-3838,Female,0,No,Yes,30,Yes,No,No,No internet service,No internet service,No internet service,No internet service,No internet service,No internet service,One year,No,Electronic check,30.06,734.62,No
0799-4980,Male,0,No,No,1,Yes,No,DSL,No,Yes,No,No,No,Yes,Two year,Yes,Credit card (automatic),59.56,96.17,No
0800-1108,Male,0,No,No,41,Yes,Yes,DSL,Yes,No,No,No,No,Yes,Two year,Yes,Electronic check,73.43,3027.37,No
0801-3717,Female,0,No,No,27,Yes,Yes,No,No internet service,No internet service,No internet service,No internet service,No internet service,No internet service,Two year,No,Credit card (automatic),26.5,747.6,No
0802-5639,Female,0,No,No,56,Yes,No,No,No internet service,No internet service,No internet service,No internet service,No internet service,No internet service,Month-to-month,Yes,Bank transfer (automatic),27.4,1622.71,No
0803-9265,Female,0,Yes,No,64,Yes,No,DSL,No,No,Yes,No,Yes,Yes,Two year,No,Bank transfer (automatic),74.79,4865.29,No
0804-7643,Male,0,No,Yes,7,Yes,Yes,DSL,No,No,Yes,No,No,No,Month-to-month,Yes,Credit card (automatic),46.14,321.8,No
0805-8030,Female,0,Yes,Yes,26,Yes,No,Fiber optic,No,Yes,No,No,Yes,No,One year,No,Credit card (automatic),96.13,2528.43,No
0806-5903,Female,0,Yes,No,28,Yes,No,DSL,No,Yes,No,Yes,No,Yes,Month-to-month,Yes,Electronic check,52.94,1565.64,No
0807-1995,Female,0,No,Yes,49,No,No phone service,DSL,No,Yes,No,No,Yes,No,Month-to-month,Yes,Electronic check,41.93,1968.82,No
0808-4517,Male,0,Yes,Yes,28,Yes,Yes,DSL,No,No,Yes,No,No,Yes,Month-to-month,Yes,Bank transfer (automatic),52.76,1507.88,No
0809-9972,Female,0,No,Yes,41,Yes,No,No,No internet service,No internet service,No internet service,No internet service,No internet service,No internet service,Month-to-month,No,Mailed check,28.87,1096.56,No
0810-1397,Male,0,Yes,No,66,Yes,Yes,Fiber optic,No,Yes,No,No,No,No,Two year,Yes,Mailed check,85.07,5515.42,No
0811-8911,Male,0,Yes,No,43,Yes,Yes,DSL,No,No,Yes,No,Yes,Yes,Month-to-month,Yes,Bank transfer (automatic),70.8,2989.71,No
0812-7159,Male,0,Yes,No,7,No,No phone service,Fiber optic,No,Yes,Yes,No,No,No,Two year,Yes,Bank transfer (automatic),63.66,439.46,No
0813-3554,Female,0,No,No,35,Yes,No,DSL,No,No,Yes,No,No,No,Two year,Yes,Credit card (automatic),52.02,1853.45,No
0814-8001,Female,0,No,No,64,Yes,No,No,No internet service,No internet service,No internet service,No internet service,No internet service,No internet service,Two year,Yes,Bank transfer (automatic),28.58,1755.62,No
0815-8531,Female,1,Yes,Yes,35,Yes,No,DSL,No,No,Yes,No,No,Yes,Month-to-month,Yes,Credit card (automatic),68.52,2502.21,No
0816-1388,Male,0,Yes,No,71,Yes,No,DSL,Yes,No,Yes,No,Yes,Yes,Month-to-month,Yes,Electronic check,86.03,6121.6,No
0817-1957,Male,0,Yes,No,65,No,No phone service,Fiber optic,No,No,No,Yes,Yes,No,Month-to-month,No,Bank transfer (automatic),73.66,4762.93,No
0818-6991,Male,0,Yes,No,19,Yes,No,DSL,No,Yes,No,Yes,Yes,Yes,Two year,No,Electronic check,64.0,1180.48,No
0819-9990,Male,0,No,No,30,No,No phone service,DSL,No,No,Yes,Yes,No,No,Month-to-month,Yes,Credit card (automatic),44.77,1305.76,No
0820-1215,Male,0,No,No,13,Yes,No,No,No internet service,No internet service,No internet service,No internet service,No internet service,No internet service,Month-to-month,No,Mailed check,33.09,340.95,No
0821-6990,Female,0,Yes,Yes,13,Yes,No,No,No internet service,No internet service,No internet service,No internet service,No internet service,No internet service,Two year,Yes,Mailed check,25.46,238.59,No
0822-2228,Male,0,Yes,No,26,Yes,Yes,No,No internet service,No internet service,No internet service,No internet service,No internet service,No internet service,Month-to-month,No,Bank transfer (automatic),23.8,592.81,No
0823-6850,Male,0,No,No,30,No,No phone service,Fiber optic,No,No,No,Yes,No,Yes,Month-to-month,Yes,Credit card (automatic),75.87,2254.21,No
0824-6609,Female,0,Yes,Yes,25,Yes,Yes,DSL,No,No,No,No,No,No,Month-to-month,No,Electronic check,50.54,1315.74,No
0825-1813,Male,0,Yes,Yes,53,No,No phone service,No,No internet service,No internet service,No internet service,No internet service,No internet service,No internet service,Two year,No,Bank transfer (automatic),18.25,1135.34,No
0826-7125,Female,0,No,No,11,Yes,No,Fiber optic,No,No,Yes,Yes,Yes,Yes,Month-to-month,Yes,Credit card (automatic),72.85,829.45,No
0827-9072,Female,0,Yes,No,34,Yes,Yes,Fiber optic,Yes,No,No,Yes,No,No,Month-to-month,No,Bank transfer (automatic),71.23,2336.35,No
0828-8770,Female,0,Yes,No,64,Yes,Yes,Fiber optic,No,No,Yes,No,No,No,Two year,Yes,Electronic check,74.93,4760.48,No
0829-1260,Female,0,Yes,Yes,53,Yes,No,Fiber optic,No,Yes,No,No,No,Yes,Two year,Yes,Electronic check,93.27,5096.28,No
0830-3213,Female,0,No,No,14,Yes,No,Fiber optic,No,Yes,Yes,No,Yes,No,One year,Yes,Electronic check,98.87,1551.47,Yes
0831-3167,Female,0,Yes,Yes,17,Yes,No,No,No internet service,No internet service,No internet service,No internet service,No internet service,No internet service,One year,No,Mailed check,30.84,532.62,No
0832-5079,Male,0,No,No,67,Yes,Yes,No,No internet service,No internet service,No internet service,No internet service,No internet service,No internet service,Month-to-month,Yes,Bank transfer (automatic),32.74,2325.65,No
0833-2287,Female,0,Yes,Yes,42,Yes,No,No,No internet service,No internet service,No internet service,No internet service,No internet service,No internet service,Month-to-month,No,Mailed check,37.66,1668.18,No
0834-8688,Female,0,Yes,Yes,64,Yes,No,No,No internet service,No internet service,No internet service,No internet service,No internet service,No internet service,One year,Yes,Mailed check,27.42,1789.12,No
0835-7990,Male,1,No,No,63,Yes,Yes,Fiber optic,Yes,No,Yes,Yes,No,No,Month-to-month,No,Credit card (automatic),90.41,5717.38,No
0836-8274,Female,1,Yes,Yes,32,Yes,Yes,DSL,No,Yes,Yes,No,No,No,One year,No,Electronic check,61.44,2056.65,No
0837-2783,Female,0,Yes,No,38,Yes,No,Fiber optic,No,Yes,No,No,Yes,No,One year,No,Mailed check,98.8,3837.05,No
0838-1131,Female,0,Yes,Yes,26,Yes,No,Fiber optic,No,Yes,Yes,Yes,No,Yes,Two year,Yes,Electronic check,94.32,2355.27,No
0839-9194,Male,0,No,No,46,Yes,Yes,DSL,Yes,Yes,Yes,No,No,No,Month-to-month,No,Electronic check,51.85,2322.25,Yes
0840-3599,Female,0,Yes,Yes,47,Yes,Yes,Fiber optic,Yes,No,Yes,No,No,No,Month-to-month,Yes,Bank transfer (automatic),84.37,3976.47,No
0841-6905,Male,0,No,No,49,Yes,No,Fiber optic,Yes,Yes,No,No,Yes,Yes,Month-to-month,Yes,Electronic check,94.97,4625.16,No
0842-9184,Female,0,Yes,Yes,62,Yes,No,Fiber optic,No,No,No,No,No,Yes,Two year,Yes,Electronic check,87.91,5353.39,No
0843-1325,Female,0,Yes,No,53,Yes,No,Fiber optic,No,No,Yes,No,No,Yes,One year,Yes,Credit card (automatic),81.61,4187.83,No
0844-1049,Male,0,Yes,Yes,7,Yes,No,No,No internet service,No internet service,No internet service,No internet service,No internet service,No internet service,One year,Yes,Bank transfer (automatic),25.51,137.17,No
0845-1048,Male,0,Yes,No,25,No,No phone service,DSL,No,No,No,No,No,No,One year,Yes,Credit card (automatic),41.58,976.77,No
0846-2406,Female,0,No,No,41,Yes,No,No,No internet service,No internet service,No internet service,No internet service,No internet service,No internet service,Month-to-month,No,Electronic check,28.84,1253.76,No
0847-1464,Female,0,Yes,Yes,45,Yes,Yes,DSL,No,No,No,No,No,Yes,One year,Yes,Credit card (automatic),71.56,3302.08,No
0848-8379,Male,1,No,Yes,63,Yes,No,Fiber optic,Yes,No,No,Yes,No,No,One year,Yes,Bank transfer (automatic),87.77,5516.27,No
0849-6452,Female,0,Yes,Yes,30,Yes,No,No,No internet service,No internet service,No internet service,No internet service,No internet service,No internet service,Two year,Yes,Electronic check,28.31,900.76,No
0850-9819,Female,0,No,Yes,59,Yes,No,No,No internet service,No internet service,No internet service,No internet service,No internet service,No internet service,Month-to-month,No,Bank transfer (automatic),33.78,1956.85,No
0851-8212,Male,0,Yes,No,28,Yes,No,DSL,No,No,Yes,Yes,No,Yes,One year,No,Electronic check,53.36,1648.54,No
0852-9667,Female,0,No,No,10,Yes,No,No,No internet service,No internet service,No internet service,No internet service,No internet service,No internet service,Month-to-month,No,Mailed check,33.34,371.62,No
0853-3146,Male,0,Yes,No,34,No,No phone service,No,No internet service,No internet service,No internet service,No internet service,No internet service,No internet service,Month-to-month,No,Electronic check,18.25,694.12,No
0854-3589,Male,0,No,No,10,Yes,Yes,DSL,No,Yes,No,No,No,Yes,Two year,Yes,Electronic check,81.63,829.52,No
0855-8643,Male,1,No,Yes,29,No,No phone service,Fiber optic,No,Yes,Yes,No,No,Yes,Month-to-month,Yes,Credit card (automatic),89.42,2669.22,Yes
0856-3203,Female,0,No,Yes,17,Yes,No,Fiber optic,No,No,Yes,No,Yes,Yes,Month-to-month,Yes,Bank transfer (automatic),90.79,1644.92,No
0857-1515,Female,0,Yes,Yes,1,Yes,No,DSL,Yes,No,Yes,No,Yes,Yes,Month-to-month,No,Electronic check,72.68,0.0,Yes
0858-7021,Female,0,No,Yes,48,Yes,Yes,Fiber optic,Yes,Yes,Yes,Yes,Yes,No,Two year,Yes,Bank transfer (automatic),100.14,4854.11,No
0859-8207,Female,1,Yes,No,54,Yes,No,Fiber optic,No,No,No,Yes,No,Yes,One year,No,Electronic check,94.0,5090.05,No
0860-9712,Male,0,Yes,Yes,9,Yes,No,Fiber optic,No,No,Yes,No,No,No,Month-to-month,Yes,Credit card (automatic),92.02,727.21,No
0861-9349,Male,1,No,Yes,42,Yes,No,Fiber optic,No,No,No,No,No,Yes,Month-to-month,Yes,Mailed check,79.95,3348.51,No
0862-2081,Male,0,No,Yes,36,Yes,No,DSL,No,Yes,No,Yes,No,Yes,Month-to-month,No,Bank transfer (automatic),55.91,1948.17,No
0863-7948,Male,0,Yes,No,10,Yes,Yes,Fiber optic,No,No,No,No,No,No,Month-to-month,No,Mailed check,98.94,1060.81,No
0864-8614,Male,0,No,Yes,44,Yes,No,No,No internet service,No internet service,No internet service,No internet service,No internet service,No internet service,Month-to-month,Yes,Mailed check,28.9,1213.81,No
0865-7282,Female,0,No,No,19,Yes,No,Fiber optic,No,Yes,No,No,No,Yes,Month-to-month,Yes,Electronic check,79.34,1584.31,Yes
0866-8377,Female,0,Yes,No,60,Yes,Yes,Fiber optic,No,Yes,No,No,No,No,Two year,Yes,Credit card (automatic),87.58,5213.1,No
0867-8540,Female,1,Yes,No,44,Yes,Yes,Fiber optic,No,Yes,Yes,No,No,No,One year,Yes,Bank transfer (automatic),85.2,3671.11,No
0868-5018,Male,0,No,No,8,Yes,No,DSL,Yes,Yes,No,No,No,Yes,Month-to-month,No,Electronic check,70.05,478.03,Yes
0869-1361,Female,0,Yes,No,37,Yes,Yes,DSL,No,Yes,Yes,No,Yes,Yes,Month-to-month,Yes,Electronic check,71.54,2765.29,No
0870-5105,Male,1,Yes,No,8,No,No phone service,Fiber optic,Yes,Yes,Yes,No,Yes,No,Two year,Yes,Electronic check,62.88,527.04,No
0871-2815,Female,1,Yes,No,52,Yes,Yes,DSL,No,No,Yes,Yes,No,Yes,Month-to-month,No,Electronic check,79.9,4132.38,Yes
0872-2023,Male,1,No,No,21,Yes,Yes,DSL,No,No,No,Yes,No,No,One year,Yes,Electronic check,50.95,1172.69,No
0873-2124,Male,1,Yes,No,35,Yes,No,Fiber optic,No,No,Yes,Yes,No,Yes,One year,Yes,Credit card (automatic),85.94,3170.29,No
0874-7275,Female,0,Yes,Yes,50,Yes,Yes,No,No internet service,No internet service,No internet service,No internet service,No internet service,No internet service,Two year,No,Bank transfer (automatic),29.88,1443.19,No
0875-5540,Female,1,Yes,No,61,Yes,No,DSL,No,Yes,No,No,No,No,Two year,No,Mailed check,68.1,4263.3,No
0876-5858,Female,0,Yes,No,37,Yes,Yes,Fiber optic,Yes,No,No,Yes,No,Yes,One year,No,Bank transfer (automatic),97.1,3576.0,No
0877-7705,Female,0,No,No,5,Yes,No,Fiber optic,Yes,Yes,No,No,No,No,One year,Yes,Bank transfer (automatic),92.22,477.87,No
0878-5933,Female,0,No,No,18,Yes,Yes,No,No internet service,No internet service,No internet service,No internet service,No internet service,No internet service,Month-to-month,No,Mailed check,32.08,531.31,No
0879-6669,Male,0,No,No,44,No,No phone service,DSL,Yes,No,No,No,No,Yes,Month-to-month,No,Credit card (automatic),41.74,1867.76,No
0880-1774,Female,0,No,No,3,Yes,No,No,No internet service,No internet service,No internet service,No internet service,No internet service,No internet service,One year,Yes,Bank transfer (automatic),32.65,157.22,No
0881-8659,Female,1,Yes,No,27,Yes,Yes,No,No internet service,No internet service,No internet service,No internet service,No internet service,No internet service,Month-to-month,No,Electronic check,28.87,841.03,No
0882-5038,Male,0,No,No,23,Yes,Yes,DSL,Yes,No,No,Yes,No,No,Month-to-month,Yes,Electronic check,53.65,1168.04,No
0883-2396,Male,0,No,No,22,Yes,No,DSL,No,No,No,No,Yes,No,One year,Yes,Electronic check,64.09,1530.56,No
0884-8319,Female,0,No,Yes,69,Yes,No,Fiber optic,Yes,No,Yes,No,No,No,One year,Yes,Electronic check,79.77,5674.96,No
0885-7610,Male,0,No,Yes,68,Yes,Yes,DSL,No,Yes,No,Yes,Yes,Yes,Two year,No,Electronic check,75.51,5193.99,No
0886-1477,Female,0,Yes,No,65,Yes,No,DSL,No,No,Yes,No,Yes,No,One year,Yes,Mailed check,54.62,3642.21,No
0887-2737,Female,0,No,Yes,63,Yes,No,No,No internet service,No internet service,No internet service,No internet service,No internet service,No internet service,Two year,No,Electronic check,30.1,1774.8,No
0888-1141,Female,0,Yes,Yes,65,No,No phone service,Fiber optic,Yes,No,No,No,Yes,Yes,Two year,No,Bank transfer (automatic),78.26,5025.01,No
0889-3436,Female,0,No,No,13,Yes,Yes,Fiber optic,Yes,No,No,No,No,No,Month-to-month,No,Credit card (automatic),74.63,1095.65,Yes
0890-1899,Female,0,Yes,No,28,Yes,No,Fiber optic,Yes,No,Yes,No,No,No,Month-to-month,Yes,Electronic check,65.31,1930.5,No
0891-7388,Male,0,No,Yes,4,Yes,No,Fiber optic,No,Yes,Yes,Yes,No,No,Month-to-month,No,Electronic check,80.71,344.67,No
0892-5702,Female,0,No,Yes,58,Yes,No,Fiber optic,No,Yes,No,No,No,No,Month-to-month,No,Bank transfer (automatic),77.07,4441.25,No
0893-9820,Female,0,No,No,63,Yes,Yes,No,No internet service,No internet service,No internet service,No internet service,No internet service,No internet service,Month-to-month,Yes,Electronic check,31.18,1975.0,No
0894-7744,Female,0,Yes,No,2,Yes,No,No,No internet service,No internet service,No internet service,No internet service,No internet service,No internet service,Month-to-month,Yes,Mailed check,32.82,110.51,No
0895-6503,Female,0,No,No,12,Yes,No,Fiber optic,No,No,Yes,Yes,No,Yes,Month-to-month,Yes,Credit card (automatic),91.77,1190.25,No
0896-5583,Female,0,No,Yes,12,Yes,No,Fiber optic,No,No,Yes,No,No,Yes,Month-to-month,No,Mailed check,85.39,1012.12,No
0897-1490,Male,0,No,No,67,Yes,No,Fiber optic,Yes,No,Yes,No,No,No,Two year,No,Electronic check,77.3,5058.53,No
0898-1631,Male,0,No,No,57,Yes,Yes,Fiber optic,No,Yes,Yes,No,No,Yes,Month-to-month,Yes,Electronic check,94.29,5401.3,Yes
0899-6546,Male,0,No,No,20,Yes,Yes,DSL,Yes,No,No,No,No,Yes,One year,No,Bank transfer (automatic),58.59,1062.69,No
0900-1039,Female,0,No,No,3,No,No phone service,Fiber optic,Yes,No,Yes,Yes,Yes,No,One year,Yes,Bank transfer (automatic),71.04,345.44,No
0901-1381,Male,0,Yes,No,30,Yes,Yes,Fiber optic,No,No,No,No,Yes,No,Month-to-month,Yes,Electronic check,104.23,3186.69,Yes
0902-2972,Male,0,Yes,No,42,Yes,No,DSL,No,No,No,No,Yes,No,One year,No,Credit card (automatic),76.1,3309.94,No
0903-8956,Male,1,No,No,3,Yes,No,DSL,Yes,No,Yes,No,Yes,Yes,Two year,No,Credit card (automatic),77.71,308.1,No
0904-5129,Female,0,No,No,34,Yes,Yes,DSL,Yes,No,Yes,No,No,Yes,One year,Yes,Mailed check,57.77,2018.77,No
0905-7385,Male,0,Yes,No,39,No,No phone service,DSL,Yes,Yes,No,No,Yes,No,One year,Yes,Electronic check,53.79,2019.03,No
0906-4703,Female,1,Yes,No,71,Yes,No,Fiber optic,No,No,Yes,No,No,No,Month-to-month,No,Bank transfer (automatic),74.22,5234.0,No
0907-2557,Male,0,Yes,No,13,Yes,Yes,Fiber optic,Yes,Yes,No,Yes,No,Yes,Two year,Yes,Bank transfer (automatic),102.01,1267.09,No
0908-4340,Female,0,No,No,13,Yes,No,Fiber optic,No,Yes,Yes,No,No,No,Month-to-month,No,Credit card (automatic),97.07,1229.73,No
0909-1825,Male,1,No,No,31,Yes,No,Fiber optic,Yes,Yes,Yes,No,No,No,Two year,Yes,Mailed check,81.5,2528.39,No
0910-7931,Female,0,No,No,23,No,No phone service,Fiber optic,Yes,Yes,No,Yes,Yes,No,Two year,Yes,Mailed check,95.16,2131.38,No
0911-2651,Male,0,Yes,No,67,Yes,No,No,No internet service,No internet service,No internet service,No internet service,No internet service,No internet service,One year,Yes,Mailed check,26.63,1689.25,No
0912-4387,Female,0,Yes,No,57,Yes,No,Fiber optic,No,No,No,No,Yes,Yes,Month-to-month,Yes,Bank transfer (automatic),89.35,4952.19,No
0913-9819,Male,0,No,Yes,18,No,No phone service,Fiber optic,No,No,No,Yes,No,No,Month-to-month,No,Mailed check,58.65,970.58,No
0914-6327,Female,0,Yes,Yes,24,Yes,Yes,Fiber optic,No,Yes,No,No,No,Yes,Two year,No,Bank transfer (automatic),103.86,2534.27,No
0915-5126,Male,0,Yes,No,46,Yes,No,DSL,No,Yes,Yes,Yes,No,Yes,Month-to-month,No,Bank transfer (automatic),75.91,3497.44,No
0916-5886,Male,1,Yes,Yes,63,Yes,Yes,Fiber optic,No,No,Yes,No,No,Yes,Month-to-month,Yes,Credit card (automatic),93.42,5931.39,No
0917-8055,Female,0,No,No,14,Yes,No,Fiber optic,No,Yes,Yes,No,No,No,Month-to-month,Yes,Electronic check,72.86,996.14,No
0918-3290,Female,0,No,Yes,21,Yes,Yes,DSL,No,Yes,No,No,No,No,One year,Yes,Mailed check,46.71,953.01,No
0919-6727,Male,0,Yes,No,44,Yes,No,DSL,No,Yes,Yes,Yes,No,Yes,Month-to-month,No,Electronic check,46.45,2079.59,No
0920-8853,Female,0,Yes,No,62,Yes,No,Fiber optic,No,Yes,No,No,No,Yes,Month-to-month,No,Credit card (automatic),75.61,4708.56,No
0921-6151,Female,0,No,No,21,Yes,No,Fiber optic,No,No,Yes,No,No,No,Two year,No,Bank transfer (automatic),67.75,1445.78,No
0922-5018,Male,0,Yes,No,34,Yes,Yes,No,No internet service,No internet service,No internet service,No internet service,No internet service,No internet service,One year,No,Credit card (automatic),32.48,1098.52,No
0923-2306,Female,0,Yes,No,49,Yes,No,Fiber optic,No,No,Yes,Yes,Yes,Yes,Month-to-month,No,Bank transfer (automatic),94.72,4675.0,No
0924-3234,Female,1,Yes,Yes,31,Yes,No,DSL,No,No,No,No,No,Yes,Month-to-month,No,Mailed check,59.44,1730.87,No
0925-9513,Female,0,Yes,No,56,Yes,Yes,Fiber optic,No,No,No,No,Yes,No,Month-to-month,Yes,Bank transfer (automatic),101.71,5721.72,No
0926-5870,Female,0,No,Yes,37,Yes,Yes,Fiber optic,Yes,No,Yes,No,Yes,Yes,Month-to-month,No,Mailed check,119.33,4372.39,No
0927-3711,Female,0,No,No,64,Yes,Yes,Fiber optic,No,No,No,No,Yes,No,Month-to-month,Yes,Electronic check,93.62,6002.51,No
0928-4764,Female,0,Yes,No,44,Yes,Yes,Fiber optic,Yes,No,No,No,No,Yes,Month-to-month,Yes,Credit card (automatic),82.55,3574.29,No
0929-6201,Female,0,No,No,67,Yes,No,DSL,Yes,Yes,No,Yes,No,Yes,Month-to-month,Yes,Electronic check,77.18,5046.81,No
0930-5837,Female,0,Yes,No,62,No,No phone service,No,No internet service,No internet service,No internet service,No internet service,No internet service,No internet service,Month-to-month,Yes,Electronic check,18.25,1050.0,No
0931-7297,Female,0,No,No,17,Yes,No,Fiber optic,No,Yes,Yes,No,Yes,No,Month-to-month,Yes,Mailed check,55.95,1004.72,No
0932-3317,Female,1,Yes,Yes,65,Yes,No,DSL,Yes,No,Yes,No,Yes,No,Two year,Yes,Electronic check,70.2,4534.42,No
0933-6842,Female,0,Yes,No,9,Yes,No,DSL,No,No,No,No,Yes,No,Two year,Yes,Mailed check,66.15,596.53,Yes
0934-4983,Male,1,No,Yes,20,Yes,No,No,No internet service,No internet service,No internet service,No internet service,No internet service,No internet service,Month-to-month,Yes,Bank transfer (automatic),24.88,515.58,No
0935-9464,Female,1,No,No,3,Yes,Yes,Fiber optic,No,No,Yes,Yes,No,Yes,Two year,Yes,Mailed check,86.09,169.73,Yes
0936-2421,Male,0,No,No,7,Yes,No,DSL,Yes,Yes,No,Yes,Yes,Yes,Two year,Yes,Electronic check,84.58,446.96,No
0937-2335,Male,0,No,No,52,Yes,No,Fiber optic,No,No,No,No,No,No,Month-to-month,Yes,Mailed check,90.11,4683.84,No
0938-5154,Male,1,No,No,8,Yes,Yes,No,No internet service,No internet service,No internet service,No internet service,No internet service,No internet service,One year,Yes,Mailed check,25.22,165.95,No
0939-5574,Male,1,No,Yes,13,Yes,No,Fiber optic,Yes,Yes,Yes,Yes,No,No,Two year,Yes,Credit card (automatic),90.17,1217.15,Yes
0940-7217,Female,1,Yes,Yes,29,Yes,No,Fiber optic,No,No,Yes,No,No,No,Two year,No,Electronic check,87.63,2513.58,No
0941-4635,Male,0,Yes,No,58,Yes,No,DSL,No,No,No,No,Yes,Yes,Month-to-month,Yes,Bank transfer (automatic),79.36,4372.27,No
0942-9222,Female,0,No,Yes,59,Yes,No,DSL,No,Yes,No,No,Yes,No,One year,Yes,Bank transfer (automatic),68.87,4124.73,No
0943-5267,Male,1,No,No,70,Yes,No,No,No internet service,No internet service,No internet service,No internet service,No internet service,No internet service,Month-to-month,No,Bank transfer (automatic),28.48,2045.18,No
0944-2163,Female,1,No,No,4,Yes,Yes,DSL,No,Yes,Yes,Yes,No,Yes,Month-to-month,Yes,Credit card (automatic),60.87,182.82,No
0945-2072,Female,0,Yes,No,10,Yes,No,DSL,Yes,Yes,No,No,No,Yes,One year,No,Electronic check,67.22,663.12,No
0946-9759,Female,1,Yes,No,29,Yes,No,DSL,No,Yes,No,No,Yes,No,Month-to-month,Yes,Electronic check,77.27,2186.18,Yes
0947-2206,Female,0,Yes,No,20,Yes,No,DSL,No,No,Yes,No,Yes,Yes,Month-to-month,Yes,Mailed check,72.87,1449.03,Yes
0948-9529,Female,1,No,No,7,Yes,No,Fiber optic,No,Yes,Yes,No,No,No,Month-to-month,No,Credit card (automatic),62.63,482.69,Yes
0949-3502,Male,0,Yes,No,38,Yes,No,No,No internet service,No internet service,No internet service,No internet service,No internet service,No internet service,Two year,Yes,Mailed check,31.9,1208.2,No
0950-1840,Female,1,No,No,34,Yes,Yes,DSL,Yes,No,Yes,No,Yes,Yes,Month-to-month,Yes,Mailed check,71.78,2476.73,No
0951-3742,Male,0,Yes,No,31,No,No phone service,DSL,No,No,No,No,Yes,No,Two year,Yes,Electronic check,57.34,1672.49,No
0952-6531,Female,0,Yes,Yes,1,Yes,No,Fiber optic,Yes,No,No,No,No,Yes,Two year,No,Credit card (automatic),81.44,0.0,No
0953-4850,Male,0,No,No,31,No,No phone service,No,No internet service,No internet service,No internet service,No internet service,No internet service,No internet service,Month-to-month,No,Mailed check,18.25,639.5,No
0954-8069,Female,0,Yes,No,33,Yes,Yes,No,No internet service,No internet service,No internet service,No internet service,No internet service,No internet service,Month-to-month,Yes,Credit card (automatic),26.77,888.1,No
0955-6498,Female,0,No,No,15,Yes,Yes,No,No internet service,No internet service,No internet service,No internet service,No internet service,No internet service,Two year,Yes,Mailed check,23.49,344.42,No
0956-4606,Female,1,Yes,No,58,Yes,No,DSL,No,No,No,No,No,No,One year,No,Credit card (automatic),58.75,3545.28,No
0957-6711,Male,0,No,No,64,Yes,No,Fiber optic,No,Yes,Yes,Yes,No,No,One year,Yes,Mailed check,78.3,5130.46,No
0958-9742,Male,1,No,Yes,67,Yes,Yes,Fiber optic,No,Yes,No,No,No,No,One year,Yes,Electronic check,68.78,4631.08,No
0959-4705,Female,0,No,Yes,49,Yes,No,DSL,No,Yes,No,No,Yes,Yes,Month-to-month,Yes,Mailed check,66.2,3193.93,No
0960-2380,Female,0,Yes,No,49,Yes,No,Fiber optic,Yes,Yes,No,No,No,No,Two year,Yes,Mailed check,69.8,3422.66,No
0961-4678,Male,0,Yes,No,11,Yes,No,Fiber optic,Yes,No,No,No,No,Yes,One year,Yes,Credit card (automatic),78.69,802.24,No
0962-8560,Male,0,No,No,28,Yes,Yes,Fiber optic,Yes,No,No,No,No,Yes,One year,No,Credit card (automatic),93.41,2621.69,No
0963-2958,Female,0,No,No,0,Yes,No,DSL,Yes,No,Yes,No,No,Yes,One year,No,Credit card (automatic),70.99,,No
0964-9541,Female,0,No,No,40,Yes,No,DSL,Yes,Yes,Yes,Yes,No,No,Month-to-month,Yes,Electronic check,58.74,2461.34,No
0965-6294,Female,1,No,No,55,Yes,Yes,Fiber optic,No,No,Yes,No,Yes,No,One year,No,Bank transfer (automatic),90.17,4943.77,No
0966-6413,Male,0,No,No,48,Yes,No,DSL,Yes,Yes,Yes,No,Yes,Yes,Month-to-month,Yes,Mailed check,93.77,4512.15,No
0967-3853,Male,1,No,Yes,1,Yes,Yes,DSL,No,No,No,No,No,No,Month-to-month,Yes,Electronic check,56.75,62.33,No
0968-9283,Female,0,No,No,40,No,No phone service,Fiber optic,Yes,Yes,No,No,No,Yes,Month-to-month,Yes,Mailed check,96.67,3939.18,No
0969-1324,Female,0,No,No,64,Yes,Yes,DSL,No,No,No,No,Yes,Yes,Two year,Yes,Electronic check,60.58,3731.75,No
0970-3687,Female,0,No,Yes,7,No,No phone service,DSL,Yes,No,No,No,No,Yes,Two year,Yes,Bank transfer (automatic),55.09,492.12,No
0971-4765,Male,0,No,No,38,Yes,Yes,DSL,Yes,No,No,No,Yes,No,Two year,No,Bank transfer (automatic),76.36,2949.0,No
0972-5295,Female,0,No,Yes,18,Yes,No,DSL,No,Yes,Yes,No,No,Yes,One year,No,Bank transfer (automatic),59.17,990.07,No
0973-5266,Female,0,Yes,No,67,Yes,Yes,DSL,No,No,Yes,No,Yes,No,One year,No,Mailed check,62.7,4123.38,No
0974-2331,Female,0,Yes,No,40,Yes,No,Fiber optic,Yes,Yes,Yes,Yes,No,No,Month-to-month,Yes,Mailed check,104.05,4057.02,No
0975-3030,Female,0,No,Yes,56,Yes,Yes,No,No internet service,No internet service,No internet service,No internet service,No internet service,No internet service,Month-to-month,Yes,Bank transfer (automatic),34.32,1979.04,No
0976-1857,Male,0,No,No,38,Yes,No,DSL,No,No,No,Yes,No,No,One year,No,Electronic check,56.56,2233.73,No
0977-6151,Female,0,Yes,No,65,Yes,No,Fiber optic,No,Yes,No,Yes,Yes,Yes,Two year,Yes,Electronic check,106.81,6972.21,No
0978-4157,Female,0,No,Yes,20,Yes,No,DSL,No,Yes,No,No,Yes,No,One year,Yes,Bank transfer (automatic),54.97,1179.84,No
0979-6091,Male,1,No,No,54,Yes,Yes,DSL,No,No,Yes,No,No,No,Two year,No,Electronic check,54.29,2989.88,No
0980-6306,Female,0,No,No,31,Yes,No,No,No internet service,No internet service,No internet service,No internet service,No internet service,No internet service,Month-to-month,No,Bank transfer (automatic),32.39,894.99,No
0981-7317,Female,0,No,No,42,Yes,Yes,No,No internet service,No internet service,No internet service,No internet service,No internet service,No internet service,Month-to-month,Yes,Electronic check,29.42,1137.38,No
0982-5922,Male,0,Yes,No,50,Yes,Yes,DSL,Yes,No,No,Yes,No,No,Two year,Yes,Mailed check,51.41,2587.63,No
0983-6830,Male,0,Yes,Yes,12,Yes,No,Fiber optic,No,No,No,Yes,Yes,Yes,One year,No,Mailed check,98.76,1064.17,No
0984-6283,Female,0,Yes,No,63,Yes,No,Fiber optic,Yes,No,Yes,No,Yes,No,Month-to-month,Yes,Credit card (automatic),92.67,5755.39,No
0985-6871,Female,1,No,No,53,Yes,Yes,No,No internet service,No internet service,No internet service,No internet service,No internet service,No internet service,Month-to-month,No,Mailed check,30.27,1719.07,No
0986-6549,Male,0,Yes,Yes,29,Yes,No,Fiber optic,Yes,Yes,No,Yes,No,No,Month-to-month,No,Bank transfer (automatic),74.82,2231.51,No
0987-3845,Female,0,No,No,43,No,No phone service,Fiber optic,No,No,Yes,No,Yes,Yes,Month-to-month,Yes,Electronic check,86.61,3499.11,No
0988-3216,Male,0,No,No,48,Yes,No,No,No internet service,No internet service,No internet service,No internet service,No internet service,No internet service,Two year,No,Mailed check,30.55,1373.11,No
0989-8086,Male,0,No,No,33,Yes,No,Fiber optic,No,Yes,Yes,Yes,No,No,Month-to-month,No,Mailed check,88.39,2878.92,No
0990-4083,Female,0,No,No,46,Yes,No,No,No internet service,No internet service,No internet service,No internet service,No internet service,No internet service,Month-to-month,Yes,Mailed check,29.21,1236.57,No
0991-5941,Male,0,No,No,40,Yes,No,Fiber optic,No,No,No,Yes,No,No,One year,No,Credit card (automatic),102.46,4158.48,No
0992-2772,Female,1,No,No,56,Yes,No,No,No internet service,No internet service,No internet service,No internet service,No internet service,No internet service,Two year,No,Credit card (automatic),26.36,1341.3,No
0993-4882,Male,0,Yes,No,16,Yes,No,No,No internet service,No internet service,No internet service,No internet service,No internet service,No internet service,Month-to-month,Yes,Bank transfer (automatic),27.85,444.39,No
0994-5766,Female,0,Yes,Yes,0,Yes,Yes,Fiber optic,No,No,Yes,No,No,No,Month-to-month,Yes,Credit card (automatic),89.64,,Yes
0995-6633,Female,0,No,No,29,Yes,No,Fiber optic,Yes,No,Yes,No,No,Yes,Month-to-month,Yes,Bank transfer (automatic),77.8,2370.14,No
0996-5736,Male,0,Yes,Yes,60,Yes,No,No,No internet service,No internet service,No internet service,No internet service,No internet service,No internet service,Month-to-month,No,Credit card (automatic),24.78,1414.36,No
0997-4245,Male,0,No,Yes,9,Yes,Yes,Fiber optic,No,Yes,Yes,No,No,Yes,Month-to-month,No,Credit card (automatic),80.85,585.13,Yes
0998-9654,Female,0,Yes,Yes,62,Yes,No,DSL,No,No,No,No,No,No,Month-to-month,No,Credit card (automatic),42.92,2655.51,No
0999-5614,Male,1,No,No,29,Yes,No,DSL,No,No,No,No,Yes,Yes,Month-to-month,Yes,Electronic check,74.46,2065.14,No
1000-8273,Female,0,Yes,No,15,Yes,Yes,DSL,No,No,Yes,No,No,Yes,Two year,No,Electronic check,46.74,752.83,No
1001-7629,Female,1,No,No,34,Yes,No,DSL,No,Yes,Yes,Yes,Yes,No,One year,No,Credit card (automatic),59.88,1960.47,No
1002-6024,Female,0,Yes,No,59,Yes,No,DSL,No,Yes,Yes,No,No,Yes,Two year,Yes,Mailed check,63.14,3771.76,No
1003-8976,Female,0,No,No,62,Yes,No,Fiber optic,No,No,Yes,No,No,No,Two year,Yes,Electronic check,87.47,5441.68,No
1004-2154,Male,1,Yes,Yes,44,Yes,Yes,Fiber optic,Yes,Yes,Yes,No,No,Yes,Two year,Yes,Bank transfer (automatic),95.22,4207.81,No
1005-9288,Male,0,No,Yes,38,Yes,Yes,DSL,No,Yes,Yes,Yes,Yes,Yes,Month-to-month,No,Electronic check,58.59,2044.41,No
1006-8651,Male,0,Yes,Yes,58,Yes,Yes,DSL,Yes,No,Yes,No,Yes,Yes,Two year,Yes,Bank transfer (automatic),72.79,4292.7,No
1007-5532,Female,0,No,No,66,Yes,Yes,DSL,No,Yes,No,Yes,No,No,Two year,Yes,Electronic check,47.32,3137.17,No
1008-7599,Male,0,No,Yes,58,Yes,Yes,Fiber optic,Yes,No,Yes,Yes,Yes,Yes,Month-to-month,No,Electronic check,95.27,5574.78,No
1009-5681,Female,1,No,No,70,Yes,No,Fiber optic,No,Yes,No,No,Yes,Yes,Two year,Yes,Electronic check,96.0,6675.19,No
1010-3418,Male,0,No,No,60,Yes,No,No,No internet service,No internet service,No internet service,No internet service,No internet service,No internet service,Two year,Yes,Credit card (automatic),27.74,1632.24,No
1011-8198,Male,1,No,No,3,Yes,No,Fiber optic,No,No,Yes,No,Yes,No,One year,No,Electronic check,100.07,258.55,Yes
1012-3213,Male,0,No,No,1,Yes,No,Fiber optic,Yes,No,Yes,No,Yes,Yes,Month-to-month,Yes,Electronic check,87.0,69.66,Yes
1013-3829,Male,0,Yes,No,43,Yes,No,DSL,Yes,No,No,Yes,No,No,Two year,No,Electronic check,62.48,2601.54,No
1014-5673,Female,0,No,Yes,69,No,No phone service,Fiber optic,No,Yes,Yes,Yes,No,No,Month-to-month,Yes,Credit card (automatic),73.78,5050.9,No
1015-8535,Male,0,Yes,No,21,Yes,Yes,Fiber optic,No,No,No,No,Yes,Yes,Two year,Yes,Mailed check,107.46,2262.64,No
1016-4454,Male,1,No,Yes,70,Yes,Yes,No,No internet service,No internet service,No internet service,No internet service,No internet service,No internet service,Two year,Yes,Credit card (automatic),28.37,1917.37,No
1017-5446,Female,0,Yes,No,62,Yes,No,Fiber optic,Yes,No,No,Yes,Yes,Yes,Month-to-month,Yes,Electronic check,120.0,7445.48,No
1018-1374,Male,0,Yes,Yes,10,Yes,No,No,No internet service,No internet service,No internet service,No internet service,No internet service,No internet service,One year,No,Electronic check,27.2,505.4,No
1019-2042,Female,0,No,No,36,Yes,Yes,No,No internet service,No internet service,No internet service,No internet service,No internet service,No internet service,Two year,Yes,Electronic check,32.26,1158.7,No
1020-1503,Female,0,Yes,No,16,Yes,No,No,No internet service,No internet service,No internet service,No internet service,No internet service,No internet service,Month-to-month,Yes,Electronic check,35.45,653.7,No
1021-1648,Male,1,Yes,No,5,Yes,No,Fiber optic,No,No,Yes,No,No,No,One year,No,Credit card (automatic),66.31,518.04,Yes
1022-8815,Male,0,Yes,No,50,Yes,Yes,DSL,No,Yes,No,No,Yes,No,Month-to-month,Yes,Mailed check,73.42,3790.43,No
1023-8577,Female,0,No,Yes,15,Yes,No,Fiber optic,Yes,No,No,No,Yes,No,Month-to-month,Yes,Bank transfer (automatic),91.26,1481.06,Yes
1024-8396,Male,0,Yes,No,40,Yes,Yes,No,No internet service,No internet service,No internet service,No internet service,No internet service,No internet service,Two year,Yes,Electronic check,30.36,1256.35,No
1025-1500,Male,0,Yes,No,49,No,No phone service,No,No internet service,No internet service,No internet service,No internet service,No internet service,No internet service,Month-to-month,No,Electronic check,18.25,841.91,No
1026-1698,Female,1,No,Yes,31,Yes,No,No,No internet service,No internet service,No internet service,No internet service,No internet service,No internet service,Month-to-month,No,Mailed check,24.95,858.16,No
1027-3525,Female,0,No,Yes,5,Yes,Yes,Fiber optic,No,No,Yes,Yes,Yes,No,Month-to-month,Yes,Electronic check,91.8,402.87,Yes
1028-6087,Female,0,Yes,Yes,5,Yes,Yes,No,No internet service,No internet service,No internet service,No internet service,No internet service,No internet service,Month-to-month,Yes,Credit card (automatic),35.44,365.58,No
1029-4006,Male,0,No,Yes,27,Yes,No,Fiber optic,No,Yes,No,Yes,Yes,No,Two year,Yes,Mailed check,80.34,2230.07,No
1030-5387,Female,0,Yes,No,3,Yes,No,Fiber optic,No,Yes,Yes,Yes,Yes,No,Two year,No,Electronic check,81.82,103.57,No
1031-2556,Male,1,No,Yes,63,Yes,No,Fiber optic,No,No,Yes,Yes,Yes,Yes,Two year,No,Electronic check,109.99,6936.44,No
1032-7576,Male,0,Yes,No,12,Yes,No,DSL,Yes,No,Yes,No,Yes,No,One year,No,Electronic check,75.5,954.29,Yes
1033-3824,Male,0,Yes,Yes,2,Yes,Yes,Fiber optic,Yes,No,Yes,No,No,No,Two year,Yes,Electronic check,82.24,105.67,Yes
1034-1598,Female,0,Yes,No,10,Yes,Yes,DSL,No,No,Yes,No,No,Yes,Month-to-month,Yes,Electronic check,65.08,688.82,No
1035-7683,Female,1,No,Yes,50,No,No phone service,Fiber optic,No,No,No,No,No,No,Month-to-month,Yes,Mailed check,65.12,3197.08,No
1036-9124,Male,1,Yes,No,42,Yes,Yes,Fiber optic,Yes,No,No,Yes,No,Yes,One year,Yes,Mailed check,92.37,3927.51,No
1037-1132,Male,0,No,No,49,Yes,No,DSL,No,No,No,No,No,No,One year,Yes,Electronic check,55.72,2646.16,No
1038-4929,Female,0,No,No,25,Yes,Yes,Fiber optic,Yes,Yes,Yes,No,Yes,No,Month-to-month,Yes,Bank transfer (automatic),85.25,2190.42,Yes
1039-8443,Male,0,No,No,23,Yes,No,DSL,No,No,No,No,Yes,No,Month-to-month,Yes,Credit card (automatic),64.07,1461.79,No
1040-7354,Male,0,No,No,49,Yes,No,DSL,No,No,No,No,No,No,Month-to-month,No,Bank transfer (automatic),43.81,2109.86,No
1041-8708,Male,0,Yes,No,8,Yes,Yes,DSL,Yes,No,No,Yes,No,No,Month-to-month,Yes,Mailed check,66.43,389.46,No
1042-4736,Female,0,Yes,No,28,Yes,No,DSL,Yes,Yes,No,No,Yes,No,Month-to-month,No,Electronic check,65.28,1824.84,Yes
1043-4349,Male,1,Yes,No,7,Yes,No,No,No internet service,No internet service,No internet service,No internet service,No internet service,No internet service,Two year,Yes,Mailed check,33.36,164.69,No
1044-7381,Male,0,No,Yes,30,No,No phone service,Fiber optic,No,No,No,No,No,Yes,Month-to-month,Yes,Credit card (automatic),82.2,2410.31,No
1045-2382,Male,0,Yes,Yes,70,Yes,No,Fiber optic,No,Yes,Yes,No,No,Yes,Month-to-month,Yes,Bank transfer (automatic),87.37,6007.09,No
1046-3154,Female,0,No,Yes,62,Yes,Yes,Fiber optic,No,No,Yes,Yes,No,Yes,Month-to-month,No,Mailed check,90.6,5633.38,No
1047-6406,Male,0,No,No,49,Yes,No,Fiber optic,No,No,Yes,No,No,Yes,Two year,Yes,Mailed check,83.45,4114.29,No
1048-7015,Female,0,No,Yes,47,Yes,No,No,No internet service,No internet service,No internet service,No internet service,No internet service,No internet service,Month-to-month,No,Credit card (automatic),30.46,1470.94,No
1049-2076,Male,0,No,Yes,27,No,No phone service,Fiber optic,No,Yes,No,Yes,No,No,One year,Yes,Electronic check,63.79,1658.99,No
1050-5574,Female,1,Yes,No,51,Yes,No,DSL,No,Yes,No,No,Yes,No,Month-to-month,No,Electronic check,47.9,2423.29,No
1051-4283,Female,0,Yes,No,60,Yes,Yes,No,No internet service,No internet service,No internet service,No internet service,No internet service,No internet service,Month-to-month,Yes,Electronic check,30.59,1813.1,No
1052-5515,Female,1,No,No,40,Yes,No,Fiber optic,No,No,No,No,Yes,No,Month-to-month,No,Bank transfer (automatic),100.09,4048.99,Yes
1053-9624,Female,0,Yes,No,7,Yes,Yes,No,No internet service,No internet service,No internet service,No internet service,No internet service,No internet service,Month-to-month,Yes,Bank transfer (automatic),31.18,167.84,No
1054-1689,Female,0,No,Yes,50,Yes,No,No,No internet service,No internet service,No internet service,No internet service,No internet service,No internet service,Two year,No,Bank transfer (automatic),26.85,1250.61,No
1055-9958,Female,0,No,No,9,Yes,Yes,Fiber optic,No,Yes,No,No,Yes,No,Month-to-month,Yes,Bank transfer (automatic),107.93,971.81,No
1056-5045,Male,1,Yes,Yes,23,Yes,No,No,No internet service,No internet service,No internet service,No internet service,No internet service,No internet service,Month-to-month,Yes,Bank transfer (automatic),29.16,583.19,No
1057-7948,Female,0,Yes,Yes,14,Yes,No,DSL,Yes,No,No,Yes,No,No,Month-to-month,No,Bank transfer (automatic),59.96,770.32,No
1058-4819,Male,0,Yes,No,3,Yes,No,Fiber optic,Yes,No,No,No,No,Yes,Month-to-month,No,Credit card (automatic),87.03,375.79,No
1059-3798,Female,0,Yes,Yes,55,Yes,No,Fiber optic,No,No,Yes,Yes,No,No,Month-to-month,Yes,Electronic check,58.47,3127.61,No
1060-7934,Male,0,No,No,47,Yes,Yes,No,No internet service,No internet service,No internet service,No internet service,No internet service,No internet service,Two year,Yes,Electronic check,29.75,1386.71,No
1061-7188,Female,0,No,No,29,Yes,No,Fiber optic,No,Yes,Yes,Yes,No,No,Month-to-month,Yes,Mailed check,73.97,2148.86,No
1062-2296,Male,0,Yes,Yes,27,Yes,Yes,DSL,No,Yes,No,No,No,No,One year,Yes,Electronic check,48.49,1259.35,No
1063-7347,Female,0,No,Yes,46,Yes,No,DSL,No,No,No,No,Yes,Yes,Two year,Yes,Electronic check,78.99,3665.26,No
1064-7776,Female,0,Yes,Yes,38,Yes,No,Fiber optic,No,Yes,Yes,Yes,Yes,Yes,Month-to-month,Yes,Mailed check,102.16,3818.06,No
1065-4490,Male,0,No,Yes,16,Yes,Yes,Fiber optic,Yes,No,No,No,Yes,No,Month-to-month,No,Credit card (automatic),83.09,1325.6,Yes
1066-9329,Male,0,No,No,35,Yes,Yes,Fiber optic,No,Yes,Yes,Yes,No,Yes,Month-to-month,Yes,Electronic check,92.77,3208.94,Yes
1067-6767,Female,0,Yes,No,56,Yes,No,Fiber optic,No,Yes,Yes,Yes,No,No,Month-to-month,Yes,Credit card (automatic),77.5,4438.83,No
1068-4002,Male,0,No,Yes,40,Yes,No,Fiber optic,No,Yes,Yes,No,No,Yes,Month-to-month,Yes,Credit card (automatic),100.15,4080.14,No
1069-1096,Female,1,No,Yes,58,Yes,Yes,DSL,No,No,Yes,No,Yes,Yes,One year,No,Mailed check,70.75,4051.64,No
1070-7073,Female,0,Yes,No,37,Yes,No,DSL,No,Yes,No,No,Yes,No,Month-to-month,Yes,Mailed check,59.9,2233.8,No
1071-2881,Female,0,Yes,No,30,Yes,No,No,No internet service,No internet service,No internet service,No internet service,No internet service,No internet service,Month-to-month,No,Credit card (automatic),24.4,675.28,No
1072-7807,Male,1,No,No,54,Yes,No,Fiber optic,No,No,No,No,Yes,No,Month-to-month,Yes,Electronic check,76.64,4072.64,No
1073-5725,Female,0,Yes,Yes,15,Yes,Yes,Fiber optic,No,No,No,No,Yes,Yes,Month-to-month,No,Electronic check,77.36,1214.12,No
1074-5200,Female,0,Yes,No,45,No,No phone service,Fiber optic,No,No,Yes,No,No,No,Month-to-month,Yes,Electronic check,55.89,2572.77,No
1075-2473,Female,0,Yes,Yes,45,Yes,No,DSL,No,No,Yes,No,No,No,Month-to-month,Yes,Electronic check,56.03,2453.26,No
1076-7402,Male,0,No,No,20,Yes,Yes,DSL,Yes,Yes,No,No,Yes,Yes,Month-to-month,No,Electronic check,72.43,1496.27,No
1077-2492,Female,0,Yes,No,18,Yes,No,No,No internet service,No internet service,No internet service,No internet service,No internet service,No internet service,One year,Yes,Bank transfer (automatic),29.87,423.61,No
1078-4759,Male,0,No,No,6,Yes,Yes,DSL,No,No,No,No,No,Yes,Month-to-month,Yes,Electronic check,50.62,374.03,Yes
1079-8525,Male,0,Yes,Yes,10,Yes,Yes,DSL,Yes,No,No,No,Yes,No,Month-to-month,Yes,Mailed check,76.78,824.33,No
1080-9282,Male,0,Yes,No,6,Yes,Yes,Fiber optic,No,No,Yes,No,Yes,No,Month-to-month,No,Bank transfer (automatic),84.82,478.94,Yes
1081-9901,Male,1,No,Yes,44,Yes,No,No,No internet service,No internet service,No internet service,No internet service,No internet service,No internet service,Two year,Yes,Mailed check,28.68,1241.67,No
1082-9621,Female,0,Yes,No,8,Yes,No,Fiber optic,No,Yes,No,Yes,No,No,One year,No,Bank transfer (automatic),85.51,687.74,Yes
1083-6003,Female,0,No,Yes,37,Yes,Yes,Fiber optic,No,Yes,Yes,Yes,No,No,Month-to-month,No,Electronic check,72.3,2635.13,No
1084-2804,Male,0,Yes,No,8,Yes,No,No,No internet service,No internet service,No internet service,No internet service,No internet service,No internet service,Two year,No,Credit card (automatic),38.03,403.84,No
1085-8550,Female,0,No,Yes,57,No,No phone service,No,No internet service,No internet service,No internet service,No internet service,No internet service,No internet service,Two year,No,Electronic check,18.25,1150.15,No
1086-8213,Female,0,Yes,No,49,Yes,Yes,Fiber optic,Yes,No,Yes,Yes,No,No,One year,No,Credit card (automatic),82.07,4023.02,No
1087-9911,Female,0,No,No,21,Yes,No,DSL,No,No,Yes,No,No,No,Month-to-month,No,Mailed check,52.78,1145.04,No
1088-6857,Male,1,Yes,No,53,Yes,No,Fiber optic,No,No,Yes,No,No,No,Month-to-month,No,Electronic check,86.04,4560.68,Yes
1089-2274,Male,0,No,Yes,16,Yes,No,No,No internet service,No internet service,No internet service,No internet service,No internet service,No internet service,Two year,Yes,Bank transfer (automatic),23.09,391.96,No
1090-5525,Female,0,Yes,No,46,Yes,Yes,Fiber optic,No,Yes,No,No,No,Yes,Month-to-month,No,Mailed check,88.98,4070.93,No
1091-5033,Male,0,Yes,Yes,46,Yes,Yes,No,No internet service,No internet service,No internet service,No internet service,No internet service,No internet service,One year,Yes,Electronic check,33.03,1429.37,No
1092-8585,Male,0,No,No,31,Yes,No,Fiber optic,No,Yes,Yes,Yes,Yes,No,Two year,Yes,Credit card (automatic),87.84,2901.76,No
1093-4532,Male,0,Yes,Yes,51,Yes,Yes,DSL,No,No,No,No,Yes,No,Two year,Yes,Electronic check,58.99,3193.64,No
1094-3957,Male,0,Yes,Yes,69,Yes,Yes,Fiber optic,Yes,No,No,No,Yes,No,Month-to-month,No,Credit card (automatic),106.9,7497.62,No
1095-1720,Male,0,No,Yes,30,Yes,No,No,No internet service,No internet service,No internet service,No internet service,No internet service,No internet service,Two year,Yes,Credit card (automatic),28.59,987.67,No
1096-8518,Female,0,No,Yes,20,Yes,No,DSL,No,Yes,No,Yes,No,Yes,Month-to-month,Yes,Electronic check,64.77,1250.24,Yes
1097-7797,Male,0,No,Yes,32,Yes,No,Fiber optic,Yes,No,No,Yes,No,No,Two year,Yes,Mailed check,84.59,2509.92,No
1098-1371,Female,0,No,No,41,Yes,No,Fiber optic,No,No,Yes,Yes,Yes,No,Month-to-month,Yes,Bank transfer (automatic),91.59,3716.96,No
1099-4903,Female,0,Yes,Yes,9,Yes,Yes,Fiber optic,No,Yes,No,No,No,No,Two year,No,Credit card (automatic),84.93,675.3,No
1100-5316,Male,0,Yes,No,70,Yes,Yes,Fiber optic,No,Yes,Yes,No,No,No,Month-to-month,No,Credit card (automatic),72.27,5083.3,No
1101-5223,Male,0,No,No,34,Yes,No,Fiber optic,Yes,No,Yes,No,No,No,One year,Yes,Electronic check,83.3,2763.68,No
1102-9269,Female,0,Yes,No,70,Yes,Yes,No,No internet service,No internet service,No internet service,No internet service,No internet service,No internet service,Month-to-month,Yes,Bank transfer (automatic),30.44,2184.85,No
1103-2355,Male,0,Yes,No,70,Yes,No,DSL,Yes,No,Yes,No,Yes,Yes,Month-to-month,Yes,Electronic check,76.64,5473.69,No
1104-3756,Female,0,Yes,No,4,Yes,Yes,Fiber optic,No,No,No,No,No,No,Month-to-month,Yes,Credit card (automatic),87.67,194.17,Yes
1105-2628,Female,0,Yes,No,8,Yes,No,DSL,Yes,No,No,Yes,Yes,No,Two year,Yes,Credit card (automatic),58.96,382.34,No
1106-3196,Female,0,Yes,No,13,Yes,No,DSL,No,No,No,No,No,Yes,Month-to-month,Yes,Mailed check,70.33,811.04,No
1107-9163,Male,0,Yes,No,41,Yes,Yes,DSL,Yes,No,No,Yes,No,No,Month-to-month,Yes,Credit card (automatic),50.31,1852.59,No
1108-9465,Female,0,No,Yes,25,Yes,Yes,DSL,Yes,Yes,No,Yes,No,Yes,Month-to-month,Yes,Mailed check,66.13,1708.54,Yes
1109-1401,Female,0,No,No,1,Yes,No,Fiber optic,No,Yes,No,No,No,No,One year,No,Credit card (automatic),85.81,0.0,No
1110-6688,Male,1,No,Yes,41,Yes,Yes,Fiber optic,Yes,No,Yes,No,Yes,No,Month-to-month,Yes,Mailed check,102.4,4224.49,Yes
1111-3095,Female,0,Yes,No,23,Yes,Yes,DSL,No,No,Yes,No,No,Yes,Two year,Yes,Electronic check,68.96,1487.2,No
1112-2732,Male,1,Yes,No,61,No,No phone service,No,No internet service,No internet service,No internet service,No internet service,No internet service,No internet service,Month-to-month,No,Mailed check,18.25,1036.6,No
1113-3628,Female,1,No,Yes,55,Yes,Yes,Fiber optic,No,Yes,No,No,No,No,Month-to-month,No,Electronic check,82.06,4494.3,No
1114-2749,Female,0,Yes,Yes,61,Yes,Yes,No,No internet service,No internet service,No internet service,No internet service,No internet service,No internet service,Two year,Yes,Electronic check,30.64,1858.94,No
1115-5411,Male,0,Yes,No,41,Yes,Yes,No,No internet service,No internet service,No internet service,No internet service,No internet service,No internet service,Month-to-month,No,Credit card (automatic),28.76,1155.71,No
1116-9959,Female,0,No,Yes,50,Yes,Yes,Fiber optic,No,Yes,Yes,No,No,No,Month-to-month,Yes,Credit card (automatic),102.95,5149.29,No
1117-6277,Female,0,No,Yes,5,Yes,No,Fiber optic,No,No,No,No,No,Yes,One year,Yes,Mailed check,86.75,491.79,No
1118-7508,Female,0,Yes,No,55,Yes,Yes,No,No internet service,No internet service,No internet service,No internet service,No internet service,No internet service,Month-to-month,No,Mailed check,27.97,1580.01,No
1119-5439,Female,0,No,No,32,Yes,No,Fiber optic,No,No,Yes,Yes,Yes,Yes,Month-to-month,Yes,Credit card (automatic),92.91,2958.2,Yes
1120-1125,Female,0,No,No,0,Yes,No,Fiber optic,No,Yes,Yes,Yes,No,No,Month-to-month,Yes,Electronic check,77.17,,No
1121-1756,Female,0,No,No,5,Yes,No,DSL,Yes,No,Yes,No,Yes,Yes,Month-to-month,No,Credit card (automatic),67.95,347.49,No
1122-3419,Male,0,Yes,No,22,Yes,No,DSL,No,No,Yes,No,Yes,Yes,Month-to-month,Yes,Mailed check,64.58,1423.46,No
1123-3192,Female,0,No,No,27,Yes,Yes,No,No internet service,No internet service,No internet service,No internet service,No internet service,No internet service,Two year,Yes,Mailed check,28.81,724.62,No
1124-8564,Female,1,No,No,15,Yes,Yes,DSL,Yes,Yes,Yes,Yes,Yes,No,Month-to-month,No,Bank transfer (automatic),65.13,1076.74,No
1125-8591,Female,0,Yes,No,56,Yes,No,DSL,Yes,Yes,No,No,No,Yes,Two year,No,Credit card (automatic),57.39,3223.57,No
1126-8686,Male,0,No,No,32,Yes,Yes,Fiber optic,No,Yes,No,No,No,No,Two year,No,Credit card (automatic),85.13,2730.52,No
1127-6737,Male,1,No,No,18,Yes,Yes,No,No internet service,No internet service,No internet service,No internet service,No internet service,No internet service,Two year,Yes,Bank transfer (automatic),32.39,486.59,No
1128-6005,Male,0,Yes,Yes,49,Yes,No,No,No internet service,No internet service,No internet service,No internet service,No internet service,No internet service,One year,Yes,Electronic check,32.59,1509.44,No
1129-6841,Female,0,Yes,Yes,33,Yes,No,Fiber optic,No,No,No,Yes,No,No,Two year,No,Electronic check,82.1,2607.53,No
1130-4660,Male,0,Yes,Yes,56,Yes,No,Fiber optic,Yes,Yes,No,No,No,No,Two year,Yes,Credit card (automatic),77.83,4362.73,No
1131-7031,Female,0,No,No,36,Yes,No,Fiber optic,Yes,No,Yes,Yes,No,Yes,Month-to-month,No,Bank transfer (automatic),89.25,3225.24,Yes
1132-8149,Male,1,Yes,No,54,Yes,No,DSL,No,Yes,No,No,No,No,Two year,Yes,Bank transfer (automatic),62.74,3339.31,No
1133-7865,Female,0,No,No,62,Yes,Yes,DSL,No,No,No,Yes,No,Yes,Two year,Yes,Bank transfer (automatic),63.72,3874.18,No
1134-6523,Female,0,Yes,No,5,Yes,Yes,No,No internet service,No internet service,No internet service,No internet service,No internet service,No internet service,Two year,No,Electronic check,29.52,143.32,No
1135-1522,Male,0,No,No,8,Yes,No,No,No internet service,No internet service,No internet service,No internet service,No internet service,No internet service,One year,Yes,Electronic check,27.75,310.35,No
1136-7523,Female,0,No,No,53,Yes,Yes,DSL,No,No,No,No,No,No,Two year,Yes,Bank transfer (automatic),52.6,2749.98,No
1137-4299,Female,0,No,No,40,No,No phone service,Fiber optic,Yes,Yes,Yes,No,No,Yes,One year,No,Credit card (automatic),76.1,3055.08,No
1138-7692,Female,0,No,Yes,17,Yes,No,No,No internet service,No internet service,No internet service,No internet service,No internet service,No internet service,Month-to-month,Yes,Credit card (automatic),32.36,537.49,No
1139-5855,Male,0,Yes,No,2,Yes,No,Fiber optic,No,Yes,No,No,Yes,No,Month-to-month,No,Electronic check,84.9,118.46,Yes
1140-8929,Male,0,Yes,No,69,Yes,Yes,DSL,No,No,No,No,No,Yes,One year,No,Mailed check,55.88,3833.3,No
1141-4045,Male,0,No,Yes,6,No,No phone service,DSL,Yes,No,No,Yes,Yes,No,Month-to-month,Yes,Electronic check,61.32,478.0,No
1142-9381,Male,1,Yes,Yes,33,Yes,No,Fiber optic,Yes,No,Yes,No,No,No,Month-to-month,No,Bank transfer (automatic),78.61,2564.92,No
1143-8599,Female,0,No,Yes,16,Yes,No,Fiber optic,No,Yes,No,No,Yes,Yes,Month-to-month,Yes,Bank transfer (automatic),95.27,1563.22,Yes
1144-3979,Female,0,No,Yes,28,Yes,Yes,Fiber optic,No,Yes,No,Yes,No,No,Month-to-month,No,Electronic check,92.77,2591.43,Yes
1145-5342,Female,0,No,Yes,52,Yes,No,Fiber optic,Yes,No,Yes,No,No,No,Two year,Yes,Credit card (automatic),80.34,4219.13,No
1146-5781,Female,0,Yes,No,37,Yes,No,Fiber optic,No,Yes,Yes,No,No,No,Month-to-month,Yes,Electronic check,73.82,2635.81,Yes
1147-7916,Female,0,No,No,3,Yes,No,DSL,No,No,Yes,No,Yes,Yes,Two year,Yes,Credit card (automatic),77.15,260.72,No
1148-7201,Female,1,Yes,No,6,Yes,No,DSL,Yes,No,No,No,No,Yes,Month-to-month,Yes,Credit card (automatic),58.97,398.94,No
1149-8667,Female,0,No,Yes,68,Yes,Yes,DSL,Yes,Yes,Yes,No,No,Yes,Month-to-month,No,Credit card (automatic),57.94,3889.67,No
1150-4328,Male,1,No,No,18,Yes,Yes,Fiber optic,No,Yes,Yes,No,No,No,Two year,No,Bank transfer (automatic),76.02,1277.52,No
1151-5542,Female,1,No,No,31,Yes,No,Fiber optic,No,Yes,No,Yes,No,Yes,Two year,Yes,Bank transfer (automatic),112.71,3675.0,No
1152-4877,Male,0,No,No,57,Yes,Yes,DSL,Yes,No,No,No,Yes,No,One year,No,Electronic check,52.09,3043.96,No
1153-9185,Female,0,Yes,No,61,Yes,No,No,No internet service,No internet service,No internet service,No internet service,No internet service,No internet service,Month-to-month,No,Mailed check,33.69,2120.11,No
1154-3744,Male,0,No,No,20,Yes,No,Fiber optic,No,No,No,Yes,Yes,Yes,Month-to-month,No,Credit card (automatic),104.5,2187.22,No
1155-6283,Male,0,No,No,16,Yes,Yes,Fiber optic,No,Yes,No,No,Yes,No,Month-to-month,No,Electronic check,90.33,1560.39,Yes
1156-2081,Male,0,Yes,No,31,Yes,No,No,No internet service,No internet service,No internet service,No internet service,No internet service,No internet service,Two year,Yes,Mailed check,35.26,1045.72,No
1157-8651,Female,0,No,No,24,Yes,No,DSL,No,No,No,No,No,No,Month-to-month,No,Electronic check,46.83,1183.25,No
1158-4457,Female,1,No,Yes,51,Yes,No,DSL,No,No,No,Yes,Yes,Yes,Two year,No,Electronic check,74.56,3740.86,No
1159-4064,Male,0,No,Yes,53,Yes,No,DSL,No,Yes,Yes,No,Yes,No,One year,Yes,Electronic check,60.66,3166.45,No
1160-6245,Male,0,No,No,18,Yes,No,No,No internet service,No internet service,No internet service,No internet service,No internet service,No internet service,Two year,No,Bank transfer (automatic),32.48,586.9,No
1161-5488,Female,0,Yes,Yes,27,Yes,Yes,Fiber optic,No,No,No,Yes,Yes,Yes,Two year,No,Bank transfer (automatic),99.49,2589.04,No
1162-8630,Male,0,No,No,53,Yes,No,DSL,Yes,No,No,No,Yes,No,Month-to-month,Yes,Mailed check,71.66,3948.18,No
1163-5782,Female,0,Yes,Yes,37,Yes,Yes,DSL,No,Yes,No,Yes,No,No,Month-to-month,Yes,Mailed check,46.58,1703.97,No
1164-5652,Female,0,No,No,40,Yes,No,DSL,Yes,Yes,Yes,No,No,Yes,Month-to-month,Yes,Electronic check,69.07,2741.56,No
1165-1944,Female,0,Yes,Yes,59,No,No phone service,Fiber optic,No,No,No,No,No,Yes,Month-to-month,Yes,Bank transfer (automatic),79.14,4723.37,No
1166-1197,Male,1,No,No,47,Yes,No,Fiber optic,No,Yes,No,No,No,No,Month-to-month,Yes,Electronic check,76.91,3588.73,No
1167-4586,Male,0,Yes,No,47,Yes,Yes,Fiber optic,No,Yes,No,Yes,Yes,No,Two year,Yes,Electronic check,92.06,4297.03,No
1168-9982,Female,1,Yes,No,35,Yes,Yes,DSL,No,No,No,Yes,No,Yes,Month-to-month,No,Mailed check,55.19,1889.79,No
1169-9255,Male,0,Yes,Yes,61,Yes,No,No,No internet service,No internet service,No internet service,No internet service,No internet service,No internet service,Month-to-month,Yes,Electronic check,29.06,1821.53,No
1170-6660,Male,0,No,No,1,Yes,Yes,No,No internet service,No internet service,No internet service,No internet service,No internet service,No internet service,Two year,Yes,Mailed check,32.49,0.0,No
1171-6676,Female,0,Yes,No,6,Yes,No,Fiber optic,No,No,No,Yes,Yes,Yes,Month-to-month,No,Electronic check,89.15,477.24,Yes
1172-4523,Male,0,Yes,Yes,49,Yes,No,Fiber optic,No,No,No,Yes,No,No,One year,No,Bank transfer (automatic),83.44,4060.25,No
1173-2597,Male,1,Yes,Yes,44,Yes,Yes,No,No internet service,No internet service,No internet service,No internet service,No internet service,No internet service,Month-to-month,Yes,Electronic check,31.35,1372.68,No
1174-1076,Male,0,Yes,No,20,Yes,Yes,Fiber optic,No,Yes,No,No,Yes,Yes,Two year,Yes,Mailed check,94.99,1903.16,Yes
1175-4049,Female,0,No,No,43,Yes,Yes,DSL,No,Yes,No,No,Yes,No,Two year,No,Credit card (automatic),63.59,2679.27,No
1176-3847,Male,0,No,No,7,Yes,No,Fiber optic,Yes,No,No,No,No,No,Two year,No,Credit card (automatic),96.48,626.96,Yes
1177-2724,Female,0,Yes,Yes,44,Yes,Yes,DSL,Yes,No,No,No,No,No,Month-to-month,Yes,Electronic check,57.93,2609.12,No
1178-3332,Female,0,Yes,No,26,No,No phone service,DSL,No,No,No,No,No,Yes,Two year,No,Electronic check,40.95,1102.15,No
1179-1223,Male,0,Yes,No,42,Yes,No,No,No internet service,No internet service,No internet service,No internet service,No internet service,No internet service,Two year,Yes,Credit card (automatic),32.17,1415.0,No
1180-6471,Male,1,Yes,No,24,Yes,No,No,No internet service,No internet service,No internet service,No internet service,No internet service,No internet service,Month-to-month,Yes,Electronic check,30.3,708.0,No
1181-9346,Male,0,Yes,No,52,Yes,No,Fiber optic,No,Yes,No,No,No,Yes,One year,Yes,Bank transfer (automatic),75.91,3991.68,No
1182-7216,Male,0,Yes,No,8,Yes,No,No,No internet service,No internet service,No internet service,No internet service,No internet service,No internet service,Month-to-month,No,Electronic check,35.27,222.18,Yes
1183-5033,Male,0,Yes,No,61,Yes,No,No,No internet service,No internet service,No internet service,No internet service,No internet service,No internet service,Two year,No,Electronic check,30.85,1870.06,No
1184-4781,Male,0,Yes,No,36,Yes,No,Fiber optic,No,Yes,No,Yes,No,No,Month-to-month,No,Credit card (automatic),71.44,2640.22,No
1185-3767,Female,1,No,No,16,Yes,No,No,No internet service,No internet service,No internet service,No internet service,No internet service,No internet service,Month-to-month,No,Credit card (automatic),28.78,466.69,Yes
1186-2281,Male,0,Yes,Yes,70,Yes,No,No,No internet service,No internet service,No internet service,No internet service,No internet service,No internet service,One year,No,Mailed check,25.93,1890.21,No
1187-6385,Female,0,No,No,7,Yes,No,DSL,Yes,No,No,No,Yes,No,Two year,Yes,Bank transfer (automatic),67.1,447.69,No
1188-6098,Female,0,No,No,39,Yes,No,No,No internet service,No internet service,No internet service,No internet service,No internet service,No internet service,Two year,No,Mailed check,30.79,1191.72,No
1189-1065,Male,1,No,Yes,5,Yes,No,No,No internet service,No internet service,No internet service,No internet service,No internet service,No internet service,One year,Yes,Electronic check,33.65,255.61,No
1190-4739,Male,0,Yes,No,65,Yes,No,DSL,No,No,Yes,No,No,Yes,Month-to-month,No,Credit card (automatic),65.47,4090.96,No
1191-3501,Female,1,No,No,11,Yes,Yes,Fiber optic,No,Yes,Yes,No,No,Yes,Two year,Yes,Bank transfer (automatic),88.67,1058.53,No
1192-2532,Male,0,No,Yes,18,Yes,No,DSL,No,Yes,Yes,No,Yes,Yes,Month-to-month,Yes,Credit card (automatic),77.72,1420.94,No
1193-7326,Male,1,No,No,47,Yes,Yes,Fiber optic,Yes,No,No,No,Yes,No,Two year,Yes,Electronic check,79.07,3727.7,No
1194-5731,Female,0,No,Yes,64,Yes,Yes,Fiber optic,No,No,No,Yes,Yes,No,Month-to-month,No,Electronic check,92.82,5801.76,No
1195-6703,Male,0,Yes,No,30,No,No phone service,DSL,No,No,No,No,No,No,Month-to-month,No,Electronic check,52.48,1514.09,No
1196-7420,Female,0,No,No,18,Yes,Yes,Fiber optic,No,No,No,No,No,No,Month-to-month,Yes,Bank transfer (automatic),103.49,1927.66,Yes
1197-9835,Male,0,No,No,25,No,No phone service,Fiber optic,No,No,No,No,No,Yes,One year,No,Credit card (automatic),74.66,1893.02,No
1198-8224,Male,1,Yes,No,66,Yes,Yes,DSL,No,No,No,No,No,No,One year,No,Credit card (automatic),44.73,2904.03,No
1199-6582,Male,1,Yes,No,66,Yes,No,Fiber optic,Yes,Yes,No,No,No,Yes,Month-to-month,No,Credit card (automatic),81.48,5410.88,No
1200-8910,Male,0,No,No,8,Yes,No,No,No internet service,No internet service,No internet service,No internet service,No internet service,No internet service,Month-to-month,Yes,Credit card (automatic),26.46,170.64,No
1201-5297,Male,1,Yes,No,65,Yes,Yes,DSL,Yes,Yes,Yes,Yes,No,No,One year,Yes,Bank transfer (automatic),54.31,3489.55,No
1202-9861,Male,0,No,No,61,Yes,Yes,Fiber optic,Yes,No,No,No,No,Yes,Month-to-month,Yes,Mailed check,91.7,5808.2,No
1203-7852,Female,0,Yes,No,39,Yes,Yes,DSL,No,Yes,Yes,No,No,No,Two year,No,Electronic check,42.69,1618.71,No
1204-6857,Female,0,No,No,18,Yes,No,DSL,Yes,No,Yes,No,No,No,Two year,Yes,Electronic check,67.3,981.89,No
1205-9129,Female,0,Yes,No,33,Yes,Yes,Fiber optic,No,No,Yes,No,Yes,No,Month-to-month,No,Bank transfer (automatic),91.22,2958.74,No
1206-5635,Male,0,No,No,56,Yes,Yes,DSL,No,Yes,No,Yes,No,No,Two year,Yes,Credit card (automatic),61.81,3328.95,No
1207-7485,Male,0,No,No,19,Yes,Yes,Fiber optic,No,Yes,No,Yes,No,Yes,Month-to-month,Yes,Mailed check,98.36,1800.08,Yes
1208-3562,Female,0,No,No,25,Yes,Yes,DSL,No,No,No,No,No,Yes,Month-to-month,Yes,Mailed check,64.86,1586.79,No
1209-9667,Female,0,Yes,Yes,33,Yes,No,Fiber optic,No,Yes,No,Yes,Yes,No,Month-to-month,Yes,Mailed check,77.9,2468.95,No
1210-6609,Male,0,Yes,No,4,Yes,No,DSL,No,Yes,Yes,No,No,No,Two year,Yes,Credit card (automatic),52.59,340.95,No
1211-8037,Male,0,Yes,Yes,29,Yes,Yes,No,No internet service,No internet service,No internet service,No internet service,No internet service,No internet service,Month-to-month,Yes,Bank transfer (automatic),30.65,865.61,No
1212-5146,Female,0,Yes,No,9,Yes,No,Fiber optic,Yes,No,No,Yes,No,No,Month-to-month,Yes,Mailed check,79.83,750.38,No
1213-8800,Male,0,No,Yes,0,Yes,No,DSL,No,No,Yes,No,No,No,One year,Yes,Bank transfer (automatic),53.1,,No
1214-1667,Male,0,Yes,No,28,Yes,No,DSL,Yes,No,No,No,No,Yes,Month-to-month,Yes,Electronic check,73.54,2021.19,No
1215-2026,Male,0,Yes,Yes,55,No,No phone service,Fiber optic,No,No,Yes,Yes,No,No,Month-to-month,No,Electronic check,75.89,4168.62,No
1216-5563,Male,0,No,No,71,Yes,No,No,No internet service,No internet service,No internet service,No internet service,No internet service,No internet service,Two year,Yes,Electronic check,29.87,2058.69,No
1217-7590,Male,0,Yes,No,32,Yes,No,Fiber optic,No,Yes,No,No,No,No,Two year,Yes,Credit card (automatic),78.46,2558.21,No
1218-8282,Male,0,Yes,No,55,Yes,Yes,Fiber optic,No,No,No,Yes,No,No,One year,Yes,Bank transfer (automatic),69.79,3782.51,No
1219-4960,Male,0,No,No,16,No,No phone service,Fiber optic,Yes,No,Yes,Yes,No,No,Month-to-month,Yes,Electronic check,75.28,1158.36,No
1220-6846,Male,1,Yes,No,46,Yes,No,DSL,No,No,No,No,Yes,No,One year,Yes,Mailed check,55.95,2667.97,No
1221-5977,Female,0,No,Yes,48,Yes,Yes,Fiber optic,No,No,Yes,Yes,Yes,Yes,Month-to-month,No,Electronic check,91.09,4476.2,No
1222-9652,Female,1,No,No,24,Yes,No,DSL,No,Yes,No,No,No,Yes,Month-to-month,Yes,Bank transfer (automatic),55.92,1463.95,No
1223-6886,Female,1,Yes,No,32,Yes,No,No,No internet service,No internet service,No internet service,No internet service,No internet service,No internet service,Month-to-month,Yes,Bank transfer (automatic),28.12,1020.15,No
1224-4751,Male,0,No,No,48,Yes,No,No,No internet service,No internet service,No internet service,No internet service,No internet service,No internet service,One year,Yes,Bank transfer (automatic),27.1,1263.9,No
1225-9727,Female,0,No,No,22,Yes,Yes,DSL,Yes,No,No,No,No,Yes,One year,Yes,Bank transfer (automatic),45.38,1025.96,No
1226-1965,Male,0,Yes,No,44,Yes,No,DSL,No,No,Yes,No,No,No,Month-to-month,Yes,Mailed check,50.1,2169.43,No
1227-9860,Female,0,No,No,16,Yes,Yes,Fiber optic,No,No,No,No,Yes,Yes,Two year,No,Electronic check,90.38,1501.56,No
1228-2385,Female,0,Yes,No,39,Yes,Yes,Fiber optic,No,No,Yes,Yes,No,No,Month-to-month,Yes,Electronic check,92.61,3753.42,No
1229-3593,Female,1,No,No,4,Yes,Yes,Fiber optic,No,No,Yes,Yes,No,No,Month-to-month,Yes,Credit card (automatic),64.13,313.0,Yes
1230-8392,Male,0,No,No,32,Yes,Yes,Fiber optic,No,No,Yes,No,Yes,No,Month-to-month,Yes,Electronic check,89.07,2970.46,No
1231-7603,Female,0,Yes,No,36,Yes,No,DSL,No,Yes,No,No,Yes,Yes,Month-to-month,No,Bank transfer (automatic),75.94,2667.35,Yes
1232-9732,Male,0,Yes,No,60,Yes,No,Fiber optic,No,No,No,No,No,No,Month-to-month,No,Credit card (automatic),79.55,4743.81,No
1233-7749,Male,0,Yes,Yes,27,Yes,No,DSL,No,Yes,Yes,No,No,Yes,Month-to-month,Yes,Mailed check,64.41,1810.87,No
1234-6732,Male,0,No,No,0,Yes,No,Fiber optic,No,No,No,Yes,No,Yes,Month-to-month,Yes,Electronic check,76.67,,Yes
1235-4118,Female,1,No,No,2,Yes,No,Fiber optic,No,Yes,No,Yes,Yes,No,Two year,Yes,Bank transfer (automatic),88.24,44.83,No
1236-1042,Male,0,Yes,Yes,39,Yes,No,DSL,Yes,Yes,Yes,Yes,Yes,No,Month-to-month,Yes,Electronic check,54.93,2273.14,No
1237-2114,Male,0,Yes,No,59,Yes,No,No,No internet service,No internet service,No internet service,No internet service,No internet service,No internet service,Two year,Yes,Electronic check,31.92,1862.33,No
1238-3679,Female,0,No,Yes,65,Yes,Yes,Fiber optic,Yes,Yes,No,No,Yes,No,Two year,Yes,Mailed check,94.85,6090.63,No
1239-1368,Female,0,Yes,No,59,No,No phone service,Fiber optic,No,No,No,No,No,No,Two year,Yes,Electronic check,61.77,3586.51,No
1240-5573,Male,0,Yes,No,24,Yes,Yes,No,No internet service,No internet service,No internet service,No internet service,No internet service,No internet service,One year,Yes,Electronic check,30.18,735.06,No
1241-7995,Male,0,Yes,Yes,35,No,No phone service,Fiber optic,Yes,Yes,No,Yes,Yes,No,One year,Yes,Bank transfer (automatic),59.77,2063.91,No
1242-9668,Female,0,No,Yes,64,Yes,No,No,No internet service,No internet service,No internet service,No internet service,No internet service,No internet service,One year,Yes,Bank transfer (automatic),27.26,1826.81,No
1243-5406,Female,0,Yes,No,61,Yes,No,No,No internet service,No internet service,No internet service,No internet service,No internet service,No internet service,Month-to-month,Yes,Credit card (automatic),29.99,1887.59,No
1244-8874,Female,1,No,Yes,33,Yes,Yes,Fiber optic,Yes,No,No,No,Yes,Yes,Month-to-month,Yes,Bank transfer (automatic),90.54,2957.88,Yes
1245-9868,Male,0,No,Yes,35,Yes,No,DSL,Yes,Yes,Yes,Yes,No,Yes,Month-to-month,Yes,Electronic check,51.79,1770.18,No
1246-8737,Female,0,Yes,No,5,No,No phone service,DSL,No,Yes,No,No,No,No,Two year,Yes,Electronic check,42.87,393.73,No
1247-5184,Female,0,No,No,12,Yes,No,Fiber optic,No,No,Yes,No,Yes,No,Month-to-month,Yes,Credit card (automatic),82.74,1006.16,Yes
1248-3927,Female,1,Yes,No,38,Yes,No,DSL,Yes,Yes,No,No,Yes,No,Two year,Yes,Mailed check,57.01,2275.58,No
1249-9800,Female,0,Yes,No,37,Yes,Yes,DSL,Yes,Yes,No,No,Yes,No,One year,No,Electronic check,80.49,3033.13,No
1250-3176,Female,0,No,No,41,Yes,Yes,DSL,Yes,No,No,Yes,Yes,Yes,Two year,No,Bank transfer (automatic),62.2,2625.07,No
1251-4703,Female,0,Yes,No,22,Yes,Yes,DSL,No,Yes,Yes,Yes,Yes,Yes,One year,Yes,Electronic check,62.21,1287.78,No
1252-1666,Male,0,No,Yes,16,No,No phone service,Fiber optic,No,No,No,No,Yes,No,Month-to-month,Yes,Electronic check,78.71,1236.92,No
1253-8142,Male,0,No,No,33,Yes,No,DSL,No,No,No,No,Yes,Yes,Month-to-month,No,Electronic check,70.24,2367.33,No
1254-6847,Female,0,Yes,No,64,Yes,Yes,DSL,Yes,Yes,No,Yes,Yes,No,Month-to-month,Yes,Electronic check,71.85,4494.39,No
1255-1763,Female,0,No,No,70,Yes,No,Fiber optic,Yes,No,No,No,No,No,Month-to-month,Yes,Mailed check,100.39,6994.3,No
1256-2997,Female,0,No,Yes,3,Yes,No,No,No internet service,No internet service,No internet service,No internet service,No internet service,No internet service,One year,No,Credit card (automatic),33.06,91.65,No
1257-5998,Male,0,Yes,No,25,Yes,Yes,Fiber optic,Yes,Yes,Yes,No,No,Yes,Month-to-month,No,Mailed check,103.7,2529.35,No
1258-5863,Female,0,No,No,38,Yes,No,No,No internet service,No internet service,No internet service,No internet service,No internet service,No internet service,Month-to-month,Yes,Credit card (automatic),29.79,1021.32,No
1259-8217,Female,0,No,Yes,15,Yes,No,DSL,Yes,No,No,No,No,No,Month-to-month,Yes,Mailed check,52.06,860.55,No
1260-3394,Male,0,Yes,No,25,Yes,No,Fiber optic,No,Yes,No,No,Yes,No,Month-to-month,No,Bank transfer (automatic),80.18,2018.02,No
1261-9321,Female,0,Yes,Yes,9,Yes,Yes,Fiber optic,No,No,Yes,No,Yes,No,Month-to-month,Yes,Bank transfer (automatic),99.37,1069.48,Yes
1262-4999,Female,0,Yes,No,33,Yes,No,Fiber optic,Yes,No,Yes,Yes,Yes,Yes,Two year,Yes,Electronic check,110.89,3706.51,No
1263-8402,Female,0,Yes,No,64,Yes,Yes,Fiber optic,Yes,Yes,No,No,No,Yes,Month-to-month,Yes,Credit card (automatic),116.04,7454.4,No
1264-3145,Female,0,Yes,Yes,67,Yes,Yes,No,No internet service,No internet service,No internet service,No internet service,No internet service,No internet service,Month-to-month,Yes,Electronic check,27.28,1817.89,No
1265-1332,Male,0,No,No,1,No,No phone service,DSL,No,Yes,Yes,No,No,Yes,Month-to-month,No,Bank transfer (automatic),54.79,18.78,No
1266-1495,Male,1,No,Yes,46,Yes,Yes,Fiber optic,No,Yes,No,Yes,No,No,One year,No,Bank transfer (automatic),76.44,3638.03,No
1267-4353,Female,1,No,No,66,Yes,No,Fiber optic,Yes,No,No,No,No,Yes,One year,No,Bank transfer (automatic),102.21,6795.22,No
1268-9577,Female,0,Yes,No,56,Yes,No,Fiber optic,No,Yes,No,Yes,No,Yes,Month-to-month,No,Credit card (automatic),90.37,5070.66,No
1269-1438,Female,0,Yes,No,4,Yes,Yes,Fiber optic,Yes,Yes,Yes,No,No,Yes,Month-to-month,No,Bank transfer (automatic),102.19,457.95,Yes
1270-4320,Male,0,Yes,Yes,28,Yes,No,DSL,No,Yes,No,No,Yes,No,One year,Yes,Electronic check,63.41,1813.05,No
1271-1983,Female,0,Yes,No,54,Yes,No,DSL,No,No,No,No,No,Yes,Month-to-month,Yes,Credit card (automatic),51.79,2783.13,No
1272-9383,Female,0,No,No,71,Yes,Yes,Fiber optic,Yes,Yes,No,Yes,No,No,One year,Yes,Electronic check,71.16,5035.57,No
1273-7077,Male,1,Yes,No,21,Yes,Yes,Fiber optic,No,No,No,No,No,Yes,Month-to-month,Yes,Mailed check,74.36,1505.71,No
1274-7863,Female,1,No,No,20,Yes,No,DSL,No,No,No,Yes,No,Yes,Month-to-month,Yes,Electronic check,63.2,1287.47,No
1275-7418,Female,0,Yes,No,18,Yes,No,No,No internet service,No internet service,No internet service,No internet service,No internet service,No internet service,Two year,No,Mailed check,29.78,545.76,No
1276-6912,Female,0,No,No,65,Yes,Yes,Fiber optic,Yes,No,No,No,No,No,One year,Yes,Bank transfer (automatic),78.61,4890.19,No
1277-7962,Male,0,No,No,13,Yes,No,DSL,No,No,No,Yes,No,Yes,Month-to-month,No,Bank transfer (automatic),77.47,946.4,No
1278-1073,Male,0,No,No,26,Yes,No,DSL,Yes,Yes,Yes,No,No,No,Month-to-month,Yes,Electronic check,52.64,1490.6,No
1279-8788,Male,0,No,Yes,9,Yes,No,No,No internet service,No internet service,No internet service,No internet service,No internet service,No internet service,One year,Yes,Credit card (automatic),29.87,203.79,No
1280-7658,Female,1,No,No,68,Yes,Yes,No,No internet service,No internet service,No internet service,No internet service,No internet service,No internet service,Month-to-month,Yes,Electronic check,30.14,2130.13,No
1281-7654,Male,1,No,No,4,Yes,No,No,No internet service,No internet service,No internet service,No internet service,No internet service,No internet service,Month-to-month,Yes,Mailed check,24.86,41.32,No
1282-4540,Male,0,Yes,No,37,Yes,Yes,Fiber optic,No,No,No,No,Yes,No,One year,Yes,Credit card (automatic),93.11,3541.81,No
1283-8207,Female,0,Yes,No,11,Yes,Yes,No,No internet service,No internet service,No internet service,No internet service,No internet service,No internet service,One year,Yes,Mailed check,34.51,375.78,No
1284-4435,Female,0,No,No,29,Yes,No,DSL,Yes,No,No,Yes,No,No,Month-to-month,No,Electronic check,55.56,1630.16,No
1285-1440,Female,0,Yes,Yes,42,Yes,No,DSL,No,No,No,No,Yes,Yes,Two year,No,Mailed check,70.12,3039.87,No
1286-9169,Male,0,No,No,50,Yes,Yes,DSL,No,No,No,No,No,No,Two year,No,Electronic check,43.14,2097.38,No
1287-3110,Female,0,Yes,No,41,Yes,Yes,Fiber optic,Yes,No,Yes,No,No,Yes,One year,Yes,Electronic check,83.0,3482.38,No
1288-1916,Female,0,No,Yes,31,Yes,Yes,DSL,No,No,Yes,No,Yes,No,One year,Yes,Electronic check,68.5,2106.94,No
1289-6596,Male,0,Yes,Yes,20,Yes,No,Fiber optic,No,No,No,No,No,No,Month-to-month,Yes,Bank transfer (automatic),89.86,1892.03,Yes
1290-3102,Female,0,No,Yes,58,Yes,Yes,DSL,Yes,No,No,Yes,No,Yes,Month-to-month,No,Electronic check,51.03,2858.21,No
1291-8722,Male,0,Yes,No,49,Yes,No,Fiber optic,No,Yes,No,No,No,Yes,Two year,Yes,Bank transfer (automatic),106.83,5295.06,No
1292-4993,Female,0,Yes,No,49,No,No phone service,No,No internet service,No internet service,No internet service,No internet service,No internet service,No internet service,Two year,No,Bank transfer (automatic),18.25,876.73,No
1293-1040,Female,0,No,Yes,56,Yes,Yes,Fiber optic,No,No,Yes,No,Yes,Yes,Two year,No,Bank transfer (automatic),75.76,4217.26,No
1294-9564,Male,0,Yes,No,16,Yes,No,Fiber optic,Yes,No,No,No,No,No,Two year,Yes,Mailed check,83.29,1377.9,No
1295-5631,Male,0,Yes,No,71,Yes,No,DSL,No,No,Yes,No,Yes,No,Two year,Yes,Bank transfer (automatic),68.48,4755.17,No
1296-3366,Female,0,No,No,67,Yes,No,DSL,No,No,Yes,No,No,No,Month-to-month,No,Credit card (automatic),56.19,3750.79,No
1297-7094,Male,0,No,No,32,Yes,No,Fiber optic,No,No,No,No,No,No,Month-to-month,No,Mailed check,86.32,2863.72,No
1298-5774,Male,0,Yes,No,14,Yes,Yes,DSL,No,No,No,Yes,No,No,Two year,No,Bank transfer (automatic),53.87,767.03,No
1299-1266,Female,0,No,No,27,Yes,Yes,Fiber optic,Yes,No,No,Yes,Yes,Yes,Two year,No,Credit card (automatic),92.59,2491.7,No
1300-7836,Male,0,Yes,No,28,Yes,Yes,No,No internet service,No internet service,No internet service,No internet service,No internet service,No internet service,Month-to-month,No,Bank transfer (automatic),29.95,961.29,No
1301-4611,Female,0,Yes,No,71,Yes,Yes,DSL,No,No,Yes,No,No,No,Month-to-month,Yes,Bank transfer (automatic),57.0,4020.6,No
1302-7297,Male,0,No,No,21,Yes,No,DSL,No,No,Yes,No,Yes,Yes,One year,No,Electronic check,72.96,1588.58,No
1303-9059,Female,0,Yes,No,68,Yes,Yes,DSL,No,No,No,Yes,Yes,Yes,Two year,Yes,Bank transfer (automatic),71.22,4868.28,No
1304-6494,Female,0,Yes,No,16,Yes,Yes,No,No internet service,No internet service,No internet service,No internet service,No internet service,No internet service,Month-to-month,Yes,Mailed check,30.21,600.61,No
1305-7043,Male,0,Yes,No,67,No,No phone service,DSL,Yes,Yes,No,No,Yes,No,One year,Yes,Electronic check,51.65,3524.72,No
1306-3291,Male,0,No,Yes,67,Yes,Yes,Fiber optic,Yes,Yes,Yes,No,Yes,No,One year,Yes,Mailed check,81.73,5501.14,No
1307-3138,Female,1,No,No,44,Yes,No,Fiber optic,Yes,No,Yes,Yes,Yes,Yes,Month-to-month,No,Bank transfer (automatic),111.58,4788.73,No
1308-4734,Male,1,Yes,Yes,7,Yes,Yes,Fiber optic,Yes,No,No,No,Yes,Yes,Month-to-month,No,Mailed check,99.33,695.28,Yes
1309-8674,Female,0,No,Yes,45,Yes,No,Fiber optic,Yes,No,Yes,No,No,Yes,Month-to-month,No,Electronic check,104.06,4827.7,Yes
1310-5717,Male,0,No,No,66,No,No phone service,DSL,No,No,No,No,No,Yes,Month-to-month,No,Credit card (automatic),54.55,3739.45,No
1311-4131,Male,0,Yes,Yes,67,Yes,No,No,No internet service,No internet service,No internet service,No internet service,No internet service,No internet service,Month-to-month,Yes,Electronic check,29.56,1945.56,No
1312-8015,Male,0,No,No,33,Yes,No,DSL,No,No,No,No,No,No,One year,No,Bank transfer (automatic),51.35,1710.59,Yes
1313-8679,Male,0,Yes,No,35,Yes,Yes,Fiber optic,No,Yes,No,No,No,No,One year,Yes,Bank transfer (automatic),76.3,2556.82,No
1314-9121,Male,0,Yes,No,28,Yes,Yes,No,No internet service,No internet service,No internet service,No internet service,No internet service,No internet service,Month-to-month,No,Electronic check,28.78,863.98,No
1315-3690,Male,1,Yes,No,15,Yes,No,DSL,No,No,No,Yes,No,No,Two year,Yes,Credit card (automatic),55.22,746.21,No
1316-7386,Male,0,Yes,Yes,47,Yes,No,Fiber optic,Yes,No,No,No,No,Yes,Month-to-month,Yes,Mailed check,81.57,3828.25,No
1317-6312,Female,0,No,Yes,71,Yes,No,Fiber optic,No,No,No,No,Yes,No,Month-to-month,Yes,Mailed check,89.5,6424.35,No
1318-5040,Male,1,No,No,19,Yes,No,DSL,No,No,Yes,No,Yes,No,Month-to-month,No,Electronic check,59.72,1108.33,No
1319-4572,Male,0,No,Yes,61,Yes,No,Fiber optic,Yes,Yes,No,No,No,No,One year,Yes,Mailed check,78.91,4826.72,No
1320-2030,Female,0,Yes,No,6,Yes,No,DSL,Yes,No,Yes,No,No,Yes,Two year,Yes,Credit card (automatic),74.24,539.53,No
1321-3473,Male,0,Yes,Yes,4,Yes,No,Fiber optic,Yes,No,No,No,No,No,Two year,No,Credit card (automatic),82.8,428.76,No
1322-5946,Male,1,Yes,No,65,No,No phone service,Fiber optic,No,No,No,No,Yes,No,One year,Yes,Mailed check,84.66,5463.98,No
1323-8978,Female,0,Yes,Yes,8,Yes,No,Fiber optic,Yes,Yes,No,No,No,No,One year,Yes,Credit card (automatic),82.46,574.03,No
1324-8796,Female,0,No,No,30,Yes,No,Fiber optic,No,No,Yes,Yes,No,No,Month-to-month,No,Mailed check,82.43,2455.78,Yes
1325-2688,Female,0,No,Yes,64,Yes,No,Fiber optic,Yes,No,Yes,No,No,Yes,Month-to-month,Yes,Mailed check,98.43,6248.28,No
1326-7113,Male,0,No,No,25,Yes,No,DSL,No,No,No,No,No,No,Month-to-month,No,Mailed check,67.18,1560.11,Yes
1327-1763,Male,0,No,Yes,21,Yes,No,DSL,Yes,No,No,Yes,No,Yes,Month-to-month,No,Bank transfer (automatic),68.01,1509.65,No
1328-7074,Male,0,Yes,Yes,2,Yes,Yes,DSL,No,No,Yes,No,No,No,One year,Yes,Credit card (automatic),52.82,0.0,Yes
1329-4077,Male,0,Yes,Yes,50,Yes,No,No,No internet service,No internet service,No internet service,No internet service,No internet service,No internet service,Month-to-month,No,Electronic check,31.18,1566.93,No
1330-5048,Female,0,Yes,No,23,Yes,Yes,Fiber optic,Yes,Yes,No,No,No,No,Month-to-month,Yes,Electronic check,84.1,1946.89,Yes
1331-7458,Male,0,No,No,8,Yes,Yes,DSL,No,Yes,Yes,No,No,Yes,Two year,Yes,Electronic check,70.78,481.13,No
1332-4823,Female,0,Yes,No,34,Yes,Yes,Fiber optic,Yes,No,Yes,Yes,No,No,Two year,Yes,Credit card (automatic),88.82,3017.17,No
1333-8266,Female,0,Yes,No,12,Yes,No,Fiber optic,No,No,No,No,No,Yes,Month-to-month,No,Electronic check,74.46,962.19,No
1334-5801,Female,0,No,No,61,No,No phone service,Fiber optic,No,Yes,No,Yes,No,Yes,Month-to-month,Yes,Credit card (automatic),82.4,5043.7,No
1335-9987,Male,0,Yes,Yes,54,No,No phone service,Fiber optic,Yes,No,No,No,Yes,Yes,One year,No,Credit card (automatic),84.91,4523.43,No
1336-6743,Female,0,No,No,71,Yes,Yes,DSL,Yes,No,Yes,Yes,Yes,Yes,Month-to-month,Yes,Credit card (automatic),83.36,5996.84,No
1337-3666,Female,0,Yes,No,71,Yes,Yes,DSL,Yes,Yes,Yes,No,No,No,One year,Yes,Mailed check,65.35,4625.71,No
1338-7976,Female,0,No,Yes,61,Yes,No,No,No internet service,No internet service,No internet service,No internet service,No internet service,No internet service,Month-to-month,No,Bank transfer (automatic),33.83,2119.96,No
1339-4671,Female,0,Yes,Yes,36,Yes,Yes,Fiber optic,No,No,Yes,No,No,Yes,Month-to-month,No,Electronic check,86.36,3140.46,No
1340-5806,Male,0,No,No,12,Yes,No,Fiber optic,No,No,Yes,No,Yes,Yes,Month-to-month,No,Mailed check,88.25,1079.75,No
1341-2231,Male,0,No,Yes,3,Yes,Yes,DSL,Yes,Yes,Yes,No,Yes,No,Month-to-month,No,Mailed check,76.75,207.11,No
1342-2073,Male,0,Yes,Yes,6,Yes,Yes,No,No internet service,No internet service,No internet service,No internet service,No internet service,No internet service,Month-to-month,No,Electronic check,27.3,130.3,No
1343-6173,Male,1,No,No,17,Yes,No,DSL,No,Yes,No,Yes,No,Yes,Two year,Yes,Mailed check,61.1,1014.32,No
1344-2680,Male,0,No,Yes,64,Yes,No,Fiber optic,No,No,Yes,No,Yes,No,One year,Yes,Mailed check,111.14,7065.34,Yes
1345-9977,Male,0,No,No,15,Yes,Yes,Fiber optic,No,No,Yes,No,No,No,One year,Yes,Bank transfer (automatic),93.19,1561.79,No
1346-8700,Female,0,No,No,6,Yes,Yes,DSL,No,Yes,Yes,Yes,No,Yes,Month-to-month,Yes,Credit card (automatic),55.51,343.28,Yes
1347-7307,Male,0,No,No,68,Yes,Yes,DSL,Yes,No,Yes,No,Yes,Yes,Month-to-month,No,Mailed check,76.13,5122.73,No
1348-7611,Male,0,Yes,No,31,Yes,Yes,Fiber optic,Yes,No,No,Yes,Yes,Yes,Two year,No,Electronic check,112.11,3517.89,No
1349-6356,Male,0,Yes,No,30,Yes,No,Fiber optic,No,No,No,No,Yes,Yes,Two year,Yes,Electronic check,88.35,2759.78,Yes
1350-1542,Female,0,Yes,No,22,Yes,No,No,No internet service,No internet service,No internet service,No internet service,No internet service,No internet service,Month-to-month,No,Credit card (automatic),31.77,644.86,No
1351-4530,Female,0,No,No,69,Yes,Yes,Fiber optic,Yes,No,Yes,Yes,No,Yes,Month-to-month,Yes,Electronic check,84.71,5899.03,No
1352-5461,Male,0,No,No,25,Yes,Yes,No,No internet service,No internet service,No internet service,No internet service,No internet service,No internet service,Two year,No,Electronic check,25.36,644.7,No
1353-9236,Male,0,No,No,62,Yes,Yes,Fiber optic,No,No,No,Yes,No,No,Two year,No,Bank transfer (automatic),67.19,4009.53,No
1354-2975,Female,0,Yes,No,72,Yes,Yes,Fiber optic,No,Yes,No,No,Yes,Yes,Month-to-month,Yes,Credit card (automatic),106.64,7578.78,No
1355-5471,Male,1,No,No,32,Yes,No,No,No internet service,No internet service,No internet service,No internet service,No internet service,No internet service,Month-to-month,Yes,Bank transfer (automatic),31.03,941.13,No
1356-4096,Female,0,No,Yes,51,Yes,Yes,No,No internet service,No internet service,No internet service,No internet service,No internet service,No internet service,Month-to-month,Yes,Electronic check,33.24,1648.11,No
1357-2209,Male,0,Yes,Yes,1,Yes,No,DSL,Yes,Yes,Yes,No,Yes,No,Month-to-month,Yes,Credit card (automatic),78.69,6.08,No
1358-1927,Female,0,No,No,57,Yes,No,Fiber optic,No,No,No,Yes,No,Yes,One year,Yes,Mailed check,93.2,5297.34,No
1359-4288,Female,0,Yes,No,71,Yes,No,DSL,Yes,No,No,No,Yes,No,Month-to-month,Yes,Bank transfer (automatic),71.15,5124.02,No
1360-1741,Male,0,No,No,14,Yes,No,No,No internet service,No internet service,No internet service,No internet service,No internet service,No internet service,Month-to-month,No,Bank transfer (automatic),27.49,320.71,No
1361-1604,Male,1,Yes,No,0,Yes,Yes,Fiber optic,Yes,Yes,Yes,Yes,No,No,Month-to-month,Yes,Mailed check,85.41,,Yes
1362-4157,Female,0,No,Yes,3,No,No phone service,Fiber optic,Yes,Yes,No,Yes,No,No,One year,Yes,Credit card (automatic),75.19,313.05,No
1363-2817,Female,0,Yes,No,62,Yes,No,No,No internet service,No internet service,No internet service,No internet service,No internet service,No internet service,One year,Yes,Electronic check,30.81,1896.52,No
1364-5992,Male,0,Yes,No,17,Yes,No,DSL,Yes,No,No,No,No,No,Two year,Yes,Electronic check,51.67,873.15,No
1365-1159,Female,1,No,No,30,No,No phone service,Fiber optic,No,No,Yes,Yes,No,No,Month-to-month,No,Electronic check,81.06,2500.75,No
1366-3716,Male,0,No,No,24,Yes,Yes,Fiber optic,Yes,Yes,Yes,Yes,Yes,Yes,Month-to-month,No,Mailed check,103.29,2409.8,No
1367-5079,Male,0,Yes,No,21,Yes,Yes,DSL,No,Yes,No,Yes,No,No,Two year,Yes,Bank transfer (automatic),47.7,880.19,No
1368-9667,Male,0,Yes,No,12,Yes,Yes,DSL,No,No,Yes,Yes,Yes,Yes,Month-to-month,No,Credit card (automatic),73.5,740.83,No
1369-6710,Female,0,No,No,29,Yes,No,Fiber optic,No,Yes,Yes,No,No,No,Month-to-month,No,Electronic check,83.39,2422.74,No
1370-8925,Female,0,No,No,67,Yes,No,DSL,Yes,Yes,Yes,Yes,Yes,No,Two year,Yes,Mailed check,86.64,5729.27,No
1371-4089,Male,0,Yes,No,26,Yes,No,No,No internet service,No internet service,No internet service,No internet service,No internet service,No internet service,Month-to-month,Yes,Credit card (automatic),26.57,467.96,No
1372-5046,Female,0,Yes,Yes,58,Yes,No,DSL,Yes,No,No,No,No,No,Month-to-month,Yes,Bank transfer (automatic),67.31,4027.68,No
1373-4783,Male,1,Yes,Yes,50,Yes,No,DSL,Yes,No,No,Yes,Yes,Yes,Two year,Yes,Bank transfer (automatic),85.43,4448.61,No
1374-8985,Female,1,No,No,58,Yes,No,DSL,No,Yes,Yes,No,No,No,Month-to-month,No,Electronic check,67.03,3846.07,No
1375-9631,Male,0,No,No,41,Yes,No,Fiber optic,No,Yes,No,No,No,No,Month-to-month,Yes,Mailed check,88.86,3855.49,No
1376-9660,Female,0,No,No,27,Yes,No,Fiber optic,Yes,No,Yes,No,Yes,Yes,Two year,Yes,Electronic check,97.08,2629.13,No
1377-7766,Male,0,Yes,No,18,Yes,Yes,No,No internet service,No internet service,No internet service,No internet service,No internet service,No internet service,Month-to-month,Yes,Mailed check,26.86,560.45,No
1378-5527,Male,1,No,No,20,Yes,No,DSL,No,No,No,No,Yes,Yes,Two year,Yes,Electronic check,70.64,1455.05,No
1379-5867,Female,0,Yes,No,38,No,No phone service,DSL,Yes,Yes,Yes,Yes,No,Yes,One year,Yes,Mailed check,70.3,2665.08,No
1380-9823,Female,1,No,No,29,No,No phone service,DSL,No,No,No,No,Yes,No,One year,No,Mailed check,53.77,1479.74,No
1381-3560,Female,0,Yes,No,29,Yes,No,Fiber optic,No,No,No,No,Yes,Yes,Month-to-month,Yes,Electronic check,86.96,2533.05,No
1382-4120,Female,0,Yes,No,26,Yes,No,DSL,No,No,No,No,Yes,No,One year,Yes,Electronic check,64.23,1551.61,No
1383-9072,Female,0,Yes,No,67,Yes,No,DSL,Yes,No,No,Yes,No,Yes,One year,No,Mailed check,79.93,5209.12,No
1384-4476,Female,0,Yes,No,46,Yes,Yes,Fiber optic,No,No,No,Yes,No,No,Two year,Yes,Electronic check,70.24,3149.6,No
1385-3115,Male,1,Yes,No,65,Yes,No,No,No internet service,No internet service,No internet service,No internet service,No internet service,No internet service,Month-to-month,Yes,Electronic check,29.9,1980.81,No
1386-6043,Male,0,No,Yes,67,Yes,Yes,DSL,No,Yes,Yes,No,Yes,Yes,Month-to-month,No,Bank transfer (automatic),47.01,3146.27,No
1387-3927,Female,0,No,No,45,Yes,No,Fiber optic,No,No,Yes,No,No,No,Month-to-month,Yes,Electronic check,65.78,2886.35,No
1388-9016,Female,0,No,No,6,Yes,No,Fiber optic,No,No,No,No,No,No,One year,No,Electronic check,70.26,467.17,Yes
1389-9180,Female,1,No,Yes,70,Yes,No,DSL,No,Yes,No,No,No,Yes,Month-to-month,No,Mailed check,56.93,4036.78,No
1390-3753,Male,0,Yes,No,34,Yes,No,Fiber optic,Yes,No,No,No,Yes,No,Month-to-month,Yes,Bank transfer (automatic),97.3,3224.15,No
1391-5765,Female,0,No,Yes,27,Yes,Yes,DSL,No,No,No,Yes,Yes,No,Month-to-month,Yes,Bank transfer (automatic),58.23,1520.45,No
1392-9854,Female,0,Yes,No,30,Yes,Yes,Fiber optic,No,No,Yes,No,Yes,No,Month-to-month,No,Credit card (automatic),114.83,3450.11,No
1393-7680,Female,0,Yes,No,6,No,No phone service,Fiber optic,No,Yes,No,Yes,No,No,Month-to-month,No,Bank transfer (automatic),85.43,503.82,No
1394-2940,Male,0,Yes,Yes,48,No,No phone service,Fiber optic,Yes,No,Yes,No,No,No,Month-to-month,No,Mailed check,70.21,3273.95,No
1395-6316,Female,1,Yes,No,3,Yes,No,Fiber optic,No,No,No,No,No,No,Month-to-month,Yes,Mailed check,79.08,255.9,Yes
1396-6578,Male,0,No,No,52,Yes,No,Fiber optic,Yes,No,No,No,Yes,Yes,Two year,No,Credit card (automatic),99.04,5136.04,No
1397-6880,Female,0,Yes,No,60,Yes,No,DSL,No,No,No,No,No,No,Month-to-month,Yes,Credit card (automatic),67.92,4074.96,No
1398-1225,Female,0,Yes,No,30,Yes,Yes,Fiber optic,No,No,No,No,No,No,Month-to-month,Yes,Bank transfer (automatic),73.2,2049.43,No
1399-3694,Female,0,No,Yes,27,Yes,Yes,No,No internet service,No internet service,No internet service,No internet service,No internet service,No internet service,Month-to-month,No,Bank transfer (automatic),31.58,912.45,No
1400-8690,Female,0,Yes,Yes,49,Yes,No,Fiber optic,Yes,No,Yes,No,Yes,No,Month-to-month,No,Mailed check,83.57,4110.56,No
1401-3172,Male,1,No,No,62,Yes,Yes,Fiber optic,No,No,Yes,No,No,Yes,One year,Yes,Bank transfer (automatic),98.65,6203.96,No
1402-3696,Female,0,Yes,No,6,Yes,No,Fiber optic,No,Yes,No,No,Yes,Yes,Two year,No,Bank transfer (automatic),102.47,666.19,Yes
1403-3902,Female,0,No,No,33,Yes,No,No,No internet service,No internet service,No internet service,No internet service,No internet service,No internet service,Month-to-month,No,Credit card (automatic),26.92,981.26,No
1404-2596,Female,0,No,Yes,23,Yes,Yes,Fiber optic,No,No,No,No,Yes,No,Month-to-month,No,Mailed check,83.39,1914.91,No
1405-2398,Male,0,Yes,No,0,Yes,No,Fiber optic,No,Yes,No,No,No,No,Two year,No,Bank transfer (automatic),84.22,,No
1406-4122,Female,0,No,No,0,Yes,No,No,No internet service,No internet service,No internet service,No internet service,No internet service,No internet service,Month-to-month,No,Electronic check,31.72,,No
1407-8867,Male,1,Yes,No,38,Yes,Yes,No,No internet service,No internet service,No internet service,No internet service,No internet service,No internet service,Month-to-month,No,Credit card (automatic),32.48,1209.38,No
1408-1013,Male,0,Yes,Yes,55,Yes,Yes,No,No internet service,No internet service,No internet service,No internet service,No internet service,No internet service,Month-to-month,No,Credit card (automatic),33.66,1888.33,No
1409-3548,Male,0,No,No,43,Yes,No,DSL,No,Yes,No,No,No,No,Month-to-month,Yes,Bank transfer (automatic),47.83,1992.67,No
1410-1545,Male,1,No,No,18,Yes,No,Fiber optic,No,No,Yes,No,Yes,Yes,Two year,Yes,Mailed check,85.66,1572.98,No
1411-6052,Male,0,Yes,Yes,32,Yes,Yes,DSL,No,Yes,No,No,Yes,No,Month-to-month,No,Credit card (automatic),63.52,1923.1,No
1412-3255,Female,0,Yes,No,70,Yes,Yes,Fiber optic,Yes,No,Yes,Yes,No,Yes,Two year,Yes,Electronic check,93.95,6657.69,No
1413-8126,Male,1,Yes,No,61,Yes,Yes,Fiber optic,No,No,Yes,No,Yes,No,Month-to-month,No,Bank transfer (automatic),71.44,4362.84,No
1414-6264,Male,1,No,Yes,8,Yes,No,DSL,No,Yes,No,No,No,No,One year,Yes,Mailed check,54.35,488.86,No
1415-8053,Female,0,No,Yes,47,Yes,Yes,Fiber optic,No,No,Yes,Yes,Yes,No,Month-to-month,No,Electronic check,95.16,4396.74,No
1416-6713,Female,0,Yes,No,45,No,No phone service,DSL,Yes,No,No,No,No,Yes,Month-to-month,No,Electronic check,44.56,1998.65,No
1417-4945,Male,1,No,Yes,26,Yes,Yes,No,No internet service,No internet service,No internet service,No internet service,No internet service,No internet service,Two year,Yes,Bank transfer (automatic),29.17,802.75,No
1418-8747,Male,0,Yes,Yes,26,Yes,No,Fiber optic,No,No,Yes,No,No,No,One year,No,Mailed check,83.28,2204.23,No
1419-5285,Male,0,No,No,52,Yes,Yes,DSL,Yes,No,No,No,Yes,Yes,Two year,Yes,Credit card (automatic),66.05,3457.32,No
1420-9548,Female,1,No,No,68,Yes,Yes,Fiber optic,Yes,Yes,Yes,No,No,No,Month-to-month,Yes,Mailed check,89.39,6026.15,No
1421-9951,Female,0,No,No,23,Yes,No,Fiber optic,No,No,No,No,No,No,Month-to-month,Yes,Electronic check,80.3,1841.34,Yes
1422-6300,Male,0,Yes,No,67,Yes,No,Fiber optic,No,No,No,No,Yes,No,Month-to-month,Yes,Mailed check,83.82,5591.07,No
1423-7070,Female,0,Yes,No,61,Yes,No,Fiber optic,Yes,No,Yes,Yes,Yes,No,Two year,No,Electronic check,85.0,5062.4,No
1424-3300,Male,0,Yes,No,3,Yes,No,No,No internet service,No internet service,No internet service,No internet service,No internet service,No internet service,One year,Yes,Mailed check,30.5,37.69,No
1425-8330,Male,0,No,Yes,20,Yes,No,DSL,No,No,No,No,No,Yes,Month-to-month,Yes,Mailed check,58.65,1144.27,No
1426-7043,Female,0,No,No,32,Yes,No,DSL,No,No,No,Yes,No,Yes,Month-to-month,No,Electronic check,65.98,2066.96,No
1427-9122,Male,0,Yes,No,48,Yes,No,DSL,Yes,No,No,No,No,No,Month-to-month,Yes,Mailed check,60.45,2896.47,No
1428-3402,Female,0,Yes,No,16,Yes,No,DSL,No,Yes,No,Yes,No,No,Month-to-month,Yes,Bank transfer (automatic),47.19,780.86,No
1429-8087,Female,0,Yes,No,30,Yes,Yes,Fiber optic,Yes,No,No,No,No,No,Month-to-month,No,Electronic check,74.73,2240.14,No
1430-5232,Female,0,No,No,6,Yes,No,DSL,Yes,No,Yes,Yes,Yes,No,Month-to-month,Yes,Electronic check,67.08,368.93,No
1431-2666,Male,0,No,No,7,Yes,No,Fiber optic,No,No,Yes,No,Yes,No,One year,No,Bank transfer (automatic),87.84,682.62,No
1432-2540,Male,0,Yes,No,31,No,No phone service,Fiber optic,No,No,No,No,No,No,One year,No,Bank transfer (automatic),72.47,2156.94,No
1433-6058,Female,0,No,No,45,Yes,Yes,Fiber optic,No,Yes,No,No,No,Yes,Month-to-month,Yes,Bank transfer (automatic),82.28,3641.14,No
1434-3874,Male,0,Yes,Yes,33,Yes,Yes,No,No internet service,No internet service,No internet service,No internet service,No internet service,No internet service,Two year,No,Bank transfer (automatic),34.3,1047.43,No
1435-1916,Male,0,No,No,27,Yes,Yes,Fiber optic,No,Yes,Yes,No,No,No,Two year,Yes,Credit card (automatic),76.39,2101.55,No
1436-4843,Male,0,Yes,Yes,36,Yes,No,DSL,Yes,No,No,Yes,No,No,Two year,Yes,Mailed check,36.36,1346.7,No
1437-6875,Male,0,Yes,No,46,Yes,Yes,Fiber optic,Yes,No,No,No,No,No,Month-to-month,Yes,Bank transfer (automatic),93.24,4321.17,No
1438-3870,Male,0,No,Yes,52,Yes,No,DSL,No,No,No,Yes,No,Yes,Two year,Yes,Electronic check,73.56,3963.71,No
1439-9597,Male,0,No,No,39,Yes,No,Fiber optic,No,No,No,No,No,Yes,One year,No,Electronic check,89.44,3430.41,No
1440-8015,Male,0,Yes,No,6,Yes,Yes,Fiber optic,No,No,No,Yes,No,No,One year,Yes,Electronic check,78.54,474.37,No
1441-5614,Female,0,No,No,3,Yes,No,No,No internet service,No internet service,No internet service,No internet service,No internet service,No internet service,Month-to-month,Yes,Bank transfer (automatic),26.2,120.28,No
1442-9410,Female,0,No,No,25,Yes,No,DSL,No,Yes,No,No,Yes,Yes,Month-to-month,Yes,Credit card (automatic),77.33,1907.75,No
1443-4896,Female,1,Yes,Yes,14,Yes,No,DSL,No,No,No,No,No,No,Month-to-month,Yes,Electronic check,50.24,749.95,No
1444-2256,Male,0,No,No,39,Yes,Yes,DSL,Yes,No,Yes,Yes,No,No,Two year,No,Mailed check,55.53,2234.45,No
1445-1322,Male,0,No,No,51,Yes,No,Fiber optic,No,Yes,No,No,No,No,Month-to-month,Yes,Bank transfer (automatic),57.47,2989.27,No
1446-9441,Male,0,Yes,No,18,Yes,Yes,No,No internet service,No internet service,No internet service,No internet service,No internet service,No internet service,Two year,No,Credit card (automatic),29.71,661.96,No
1447-9637,Female,0,No,No,34,Yes,Yes,Fiber optic,No,No,No,No,No,No,Two year,No,Electronic check,83.86,2983.09,No
1448-7652,Female,1,No,No,15,Yes,Yes,Fiber optic,Yes,No,No,No,Yes,No,Month-to-month,Yes,Bank transfer (automatic),90.48,1398.69,Yes
1449-1926,Female,0,Yes,Yes,34,Yes,No,DSL,No,Yes,Yes,Yes,No,Yes,Month-to-month,Yes,Credit card (automatic),39.83,1299.57,No
1450-3642,Male,1,No,No,27,Yes,Yes,Fiber optic,No,No,Yes,No,Yes,No,One year,Yes,Electronic check,90.22,2696.0,No
1451-1369,Female,0,Yes,Yes,0,Yes,No,DSL,Yes,Yes,No,No,No,Yes,Month-to-month,Yes,Electronic check,60.63,,No
1452-1461,Female,0,No,No,48,Yes,No,DSL,No,No,No,Yes,Yes,No,One year,Yes,Electronic check,51.02,2441.21,No
1453-3214,Male,0,No,No,22,Yes,No,Fiber optic,No,No,No,Yes,No,Yes,Month-to-month,No,Bank transfer (automatic),95.5,2169.91,No
1454-6148,Female,1,Yes,No,54,Yes,No,DSL,No,Yes,No,No,No,No,Month-to-month,Yes,Electronic check,44.14,2406.59,No
1455-1589,Male,0,No,Yes,48,Yes,Yes,DSL,Yes,No,No,Yes,No,Yes,One year,Yes,Electronic check,73.88,3565.4,No
1456-9860,Male,0,Yes,No,14,Yes,No,DSL,No,No,No,No,Yes,Yes,One year,No,Electronic check,63.43,922.53,No
1457-5095,Female,0,No,No,64,Yes,Yes,DSL,Yes,No,No,No,Yes,Yes,Two year,No,Bank transfer (automatic),78.02,5056.97,No
1458-3374,Female,0,No,No,1,Yes,Yes,Fiber optic,Yes,No,Yes,No,No,Yes,Two year,No,Bank transfer (automatic),71.8,0.0,No
1459-5644,Female,0,Yes,No,41,Yes,Yes,DSL,Yes,No,Yes,No,Yes,Yes,Month-to-month,No,Electronic check,71.99,3017.43,No
1460-8110,Female,0,No,No,58,Yes,No,Fiber optic,No,Yes,No,Yes,Yes,No,One year,Yes,Credit card (automatic),89.95,5230.8,No
1461-3812,Female,0,Yes,Yes,39,Yes,Yes,Fiber optic,Yes,No,No,No,No,Yes,Month-to-month,No,Electronic check,86.88,3449.96,Yes
1462-1427,Female,0,No,No,40,Yes,No,Fiber optic,Yes,No,Yes,No,No,No,One year,Yes,Electronic check,84.23,3373.12,No
1463-1458,Female,0,No,Yes,34,Yes,Yes,DSL,No,No,Yes,No,No,No,Month-to-month,No,Mailed check,57.84,1882.18,No
1464-8667,Male,0,No,No,4,Yes,Yes,Fiber optic,No,No,No,No,Yes,No,Month-to-month,Yes,Credit card (automatic),90.68,412.09,Yes
1465-2004,Female,1,Yes,No,49,Yes,Yes,Fiber optic,No,No,No,No,Yes,No,Two year,Yes,Credit card (automatic),88.34,4221.74,No
1466-6719,Male,1,No,Yes,69,Yes,No,Fiber optic,No,No,Yes,Yes,No,No,Month-to-month,No,Bank transfer (automatic),86.06,5979.76,No
1467-4460,Male,0,No,Yes,58,Yes,No,Fiber optic,Yes,No,Yes,No,No,Yes,Month-to-month,Yes,Mailed check,93.59,5629.39,Yes
1468-7996,Female,0,No,No,4,Yes,Yes,No,No internet service,No internet service,No internet service,No internet service,No internet service,No internet service,Two year,No,Mailed check,32.37,81.46,No
1469-1544,Male,0,No,No,16,Yes,No,Fiber optic,No,No,Yes,No,No,No,Month-to-month,No,Bank transfer (automatic),95.07,1447.64,Yes
1470-9079,Female,1,No,No,60,Yes,No,No,No internet service,No internet service,No internet service,No internet service,No internet service,No internet service,Month-to-month,Yes,Bank transfer (automatic),28.59,1729.75,No
1471-7283,Male,0,Yes,No,52,Yes,Yes,Fiber optic,No,Yes,No,No,Yes,No,Month-to-month,Yes,Mailed check,94.02,4862.33,No
1472-5043,Female,0,Yes,No,26,Yes,Yes,No,No internet service,No internet service,No internet service,No internet service,No internet service,No internet service,Month-to-month,Yes,Credit card (automatic),29.38,786.74,No
1473-2862,Male,1,No,No,17,Yes,Yes,No,No internet service,No internet service,No internet service,No internet service,No internet service,No internet service,Month-to-month,No,Credit card (automatic),30.39,465.24,No
1474-9793,Male,0,Yes,No,33,Yes,No,DSL,No,Yes,No,No,No,No,Month-to-month,No,Credit card (automatic),55.46,1741.62,No
1475-3718,Male,0,No,Yes,2,Yes,Yes,Fiber optic,No,No,No,Yes,Yes,No,Month-to-month,Yes,Mailed check,89.84,0.0,Yes
1476-5414,Female,0,No,No,6,Yes,No,DSL,Yes,No,No,No,No,No,One year,No,Electronic check,62.52,282.37,No
1477-4546,Male,0,No,Yes,5,Yes,No,No,No internet service,No internet service,No internet service,No internet service,No internet service,No internet service,Month-to-month,Yes,Electronic check,32.42,174.27,No
1478-3074,Male,0,No,No,60,Yes,Yes,Fiber optic,No,No,Yes,No,Yes,No,Month-to-month,Yes,Bank transfer (automatic),89.07,5418.78,No
1479-4749,Male,1,No,No,3,Yes,No,Fiber optic,No,No,Yes,Yes,No,No,Month-to-month,No,Electronic check,70.05,255.4,No
1480-2363,Male,0,No,Yes,40,Yes,Yes,DSL,No,No,No,No,No,No,One year,Yes,Bank transfer (automatic),62.39,2547.68,No
1481-1014,Female,0,No,No,20,Yes,No,No,No internet service,No internet service,No internet service,No internet service,No internet service,No internet service,Two year,Yes,Credit card (automatic),30.7,670.23,No
1482-3609,Female,0,Yes,Yes,55,Yes,Yes,No,No internet service,No internet service,No internet service,No internet service,No internet service,No internet service,Two year,Yes,Electronic check,29.8,1586.19,No
1483-2008,Male,0,Yes,No,9,Yes,No,Fiber optic,No,Yes,Yes,No,Yes,No,Month-to-month,No,Credit card (automatic),100.83,750.26,Yes
1484-4732,Male,0,Yes,No,66,Yes,Yes,DSL,No,Yes,No,No,No,No,Month-to-month,Yes,Electronic check,57.01,3748.68,No
1485-8764,Male,0,No,No,6,Yes,No,Fiber optic,No,Yes,Yes,Yes,Yes,No,Month-to-month,No,Mailed check,87.7,396.46,No
1486-2462,Male,0,Yes,No,61,Yes,Yes,DSL,Yes,Yes,No,No,No,Yes,One year,No,Electronic check,68.92,4218.44,No
1487-1011,Male,0,No,No,10,Yes,No,No,No internet service,No internet service,No internet service,No internet service,No internet service,No internet service,One year,Yes,Electronic check,32.7,316.08,Yes
1488-1999,Male,0,No,No,2,Yes,No,DSL,Yes,Yes,No,No,Yes,No,Month-to-month,No,Credit card (automatic),69.98,298.93,No
1489-5572,Female,0,Yes,Yes,2,Yes,Yes,Fiber optic,No,No,Yes,No,Yes,No,Month-to-month,No,Electronic check,69.59,236.69,No
1490-3473,Female,1,No,No,57,Yes,No,DSL,No,No,No,No,Yes,Yes,Month-to-month,No,Credit card (automatic),82.0,4712.46,No
1491-5405,Female,0,Yes,No,25,Yes,No,No,No internet service,No internet service,No internet service,No internet service,No internet service,No internet service,Month-to-month,No,Electronic check,29.84,698.81,No
1492-1263,Male,0,No,Yes,30,Yes,No,Fiber optic,Yes,No,No,Yes,No,No,Two year,Yes,Electronic check,83.69,2393.13,No
1493-3997,Male,0,Yes,Yes,60,No,No phone service,No,No internet service,No internet service,No internet service,No internet service,No internet service,No internet service,Month-to-month,Yes,Bank transfer (automatic),18.25,1258.2,No
1494-4690,Male,1,Yes,Yes,19,Yes,No,DSL,Yes,No,No,Yes,Yes,No,Month-to-month,Yes,Electronic check,71.21,1342.12,No
1495-4881,Female,0,Yes,Yes,40,Yes,No,Fiber optic,No,Yes,No,Yes,No,Yes,Two year,Yes,Electronic check,95.43,3846.39,No
1496-5959,Male,0,No,Yes,21,Yes,Yes,DSL,No,Yes,No,No,No,Yes,Month-to-month,Yes,Electronic check,63.04,1260.26,No
1497-8024,Male,0,Yes,No,4,Yes,No,Fiber optic,No,No,No,Yes,Yes,No,Month-to-month,Yes,Credit card (automatic),79.93,453.89,Yes
1498-5204,Male,0,No,No,72,Yes,No,DSL,No,Yes,Yes,No,Yes,No,Month-to-month,Yes,Bank transfer (automatic),62.22,4405.58,No
1499-8569,Female,0,No,No,27,Yes,No,Fiber optic,No,Yes,No,No,No,No,One year,Yes,Mailed check,71.92,1908.99,No
1500-5767,Female,1,Yes,Yes,61,No,No phone service,Fiber optic,No,Yes,Yes,Yes,Yes,Yes,Month-to-month,Yes,Mailed check,90.53,5552.5,No
1501-3342,Female,0,Yes,No,31,Yes,No,DSL,No,Yes,No,No,Yes,Yes,Two year,No,Electronic check,56.38,1826.97,No
1502-3060,Male,0,Yes,No,63,Yes,Yes,No,No internet service,No internet service,No internet service,No internet service,No internet service,No internet service,One year,No,Electronic check,27.77,1721.26,No
1503-3902,Male,0,No,Yes,12,Yes,No,No,No internet service,No internet service,No internet service,No internet service,No internet service,No internet service,One year,No,Electronic check,29.41,357.7,No
1504-6376,Male,0,No,No,39,Yes,No,Fiber optic,No,Yes,No,Yes,No,Yes,One year,Yes,Electronic check,83.38,3198.99,No
1505-3182,Female,0,Yes,No,27,Yes,Yes,Fiber optic,No,No,No,Yes,No,No,Month-to-month,Yes,Electronic check,82.14,2210.28,Yes
1506-9226,Female,0,No,Yes,72,Yes,Yes,DSL,No,No,No,Yes,No,Yes,Month-to-month,No,Mailed check,61.49,4468.13,No
1507-5318,Male,0,No,No,24,Yes,Yes,Fiber optic,No,No,No,No,Yes,No,Month-to-month,Yes,Bank transfer (automatic),83.74,2129.1,Yes
1508-8768,Female,0,No,No,56,Yes,No,No,No internet service,No internet service,No internet service,No internet service,No internet service,No internet service,Two year,No,Mailed check,29.74,1674.78,No
1509-7148,Male,0,Yes,No,36,Yes,No,DSL,No,Yes,No,No,No,No,Month-to-month,No,Bank transfer (automatic),49.87,1700.22,No
1510-3999,Female,0,Yes,No,29,Yes,No,No,No internet service,No internet service,No internet service,No internet service,No internet service,No internet service,Month-to-month,Yes,Electronic check,33.08,1094.02,No
1511-3054,Male,0,Yes,No,50,Yes,Yes,Fiber optic,No,Yes,No,No,Yes,No,One year,Yes,Electronic check,91.44,4629.11,No
1512-7694,Male,0,No,No,47,Yes,Yes,DSL,No,No,No,No,Yes,Yes,One year,Yes,Bank transfer (automatic),76.16,3613.99,No
1513-3976,Male,0,No,No,34,Yes,Yes,DSL,Yes,No,No,No,No,No,Two year,Yes,Electronic check,70.1,2529.33,No
1514-3221,Female,0,Yes,No,4,No,No phone service,Fiber optic,Yes,No,Yes,Yes,No,No,Month-to-month,Yes,Electronic check,69.25,402.68,No
1515-9372,Male,0,Yes,No,5,Yes,No,No,No internet service,No internet service,No internet service,No internet service,No internet service,No internet service,Month-to-month,No,Bank transfer (automatic),31.92,76.37,No
1516-5343,Male,1,No,No,43,Yes,No,Fiber optic,No,No,No,No,Yes,No,Month-to-month,Yes,Credit card (automatic),93.03,3986.37,No
1517-1437,Male,0,Yes,No,4,Yes,Yes,Fiber optic,No,No,No,No,No,No,Month-to-month,No,Electronic check,67.65,158.78,Yes
1518-5452,Female,0,No,Yes,44,Yes,No,No,No internet service,No internet service,No internet service,No internet service,No internet service,No internet service,Month-to-month,No,Electronic check,27.75,1216.84,No
1519-5146,Male,1,Yes,Yes,64,Yes,No,DSL,Yes,No,No,Yes,Yes,No,Month-to-month,No,Mailed check,66.73,4292.43,No
1520-8774,Female,0,Yes,Yes,57,Yes,No,Fiber optic,Yes,No,No,No,Yes,Yes,Month-to-month,No,Mailed check,103.89,5781.51,No
1521-7403,Female,0,No,No,50,Yes,No,Fiber optic,Yes,Yes,Yes,No,No,Yes,Month-to-month,Yes,Credit card (automatic),92.12,4596.49,Yes
1522-2722,Male,0,Yes,No,19,Yes,No,Fiber optic,Yes,No,Yes,No,No,Yes,Month-to-month,No,Electronic check,91.61,1702.38,Yes
1523-2353,Male,1,No,No,47,Yes,No,DSL,No,Yes,No,No,No,No,Month-to-month,Yes,Credit card (automatic),44.26,2168.27,No
1524-6431,Female,0,Yes,No,13,Yes,Yes,Fiber optic,No,No,Yes,No,Yes,No,Month-to-month,Yes,Electronic check,79.31,1164.95,No
1525-1426,Female,0,Yes,No,66,Yes,No,DSL,Yes,No,No,No,Yes,No,Two year,No,Electronic check,81.97,5501.72,No
1526-3870,Male,0,No,No,6,Yes,No,Fiber optic,No,Yes,No,No,No,Yes,One year,No,Electronic check,101.92,592.62,Yes
1527-2243,Male,0,Yes,Yes,39,No,No phone service,No,No internet service,No internet service,No internet service,No internet service,No internet service,No internet service,Two year,Yes,Mailed check,18.25,777.9,No
1528-1185,Female,1,No,No,35,Yes,Yes,DSL,Yes,Yes,No,No,Yes,Yes,Month-to-month,No,Bank transfer (automatic),82.25,2846.33,No
1529-9268,Male,0,No,No,5,Yes,No,Fiber optic,No,No,No,Yes,No,Yes,One year,No,Bank transfer (automatic),92.16,392.56,No
1530-1808,Male,0,No,No,13,Yes,Yes,No,No internet service,No internet service,No internet service,No internet service,No internet service,No internet service,Two year,No,Electronic check,28.45,304.95,No
1531-1083,Male,1,Yes,No,52,Yes,No,DSL,Yes,No,No,No,No,Yes,Month-to-month,Yes,Credit card (automatic),56.69,3036.16,No
1532-9395,Female,0,Yes,No,43,No,No phone service,DSL,No,No,No,No,No,No,Two year,Yes,Electronic check,37.92,1770.44,No
1533-2694,Male,0,Yes,No,11,Yes,Yes,No,No internet service,No internet service,No internet service,No internet service,No internet service,No internet service,Month-to-month,Yes,Bank transfer (automatic),28.29,302.26,No
1534-8348,Male,0,No,No,10,Yes,No,Fiber optic,Yes,No,No,No,Yes,No,Month-to-month,Yes,Bank transfer (automatic),97.44,1028.6,Yes
1535-1281,Male,0,Yes,Yes,48,Yes,No,DSL,Yes,Yes,Yes,No,No,No,One year,Yes,Electronic check,68.99,3263.14,No
1536-2381,Male,0,Yes,No,48,Yes,No,DSL,Yes,No,No,No,Yes,No,Two year,Yes,Bank transfer (automatic),58.42,2873.83,No
1537-1995,Female,0,No,No,29,No,No phone service,DSL,No,No,No,No,No,Yes,Two year,No,Electronic check,51.51,1366.19,No
1538-7355,Female,0,Yes,No,1,No,No phone service,Fiber optic,Yes,Yes,No,No,Yes,No,Month-to-month,Yes,Electronic check,72.86,166.68,No
1539-6580,Female,0,No,No,2,Yes,No,No,No internet service,No internet service,No internet service,No internet service,No internet service,No internet service,Month-to-month,No,Bank transfer (automatic),30.32,159.26,No
1540-5279,Female,0,Yes,No,11,Yes,No,Fiber optic,No,No,Yes,No,Yes,Yes,One year,No,Bank transfer (automatic),95.46,999.55,Yes
1541-3174,Female,1,No,No,4,Yes,No,DSL,No,Yes,No,No,No,No,Two year,Yes,Bank transfer (automatic),52.22,320.5,No
1542-1799,Female,0,No,No,40,Yes,No,No,No internet service,No internet service,No internet service,No internet service,No internet service,No internet service,Month-to-month,No,Mailed check,32.54,1059.51,No
1543-6122,Male,0,Yes,Yes,28,Yes,Yes,Fiber optic,No,No,Yes,No,Yes,No,One year,Yes,Electronic check,82.07,2272.6,No
1544-3076,Male,0,No,No,15,No,No phone service,DSL,No,Yes,Yes,No,No,No,Month-to-month,No,Mailed check,54.72,894.92,No
1545-6311,Male,0,No,Yes,43,Yes,Yes,No,No internet service,No internet service,No internet service,No internet service,No internet service,No internet service,Month-to-month,No,Mailed check,35.69,1525.93,No
1546-7186,Male,0,Yes,No,51,Yes,Yes,Fiber optic,No,Yes,No,No,No,No,Two year,Yes,Credit card (automatic),77.56,3818.01,No
1547-8644,Female,0,No,No,12,Yes,Yes,Fiber optic,No,No,No,Yes,No,No,Two year,No,Mailed check,79.2,965.13,No
1548-5445,Female,0,No,No,45,Yes,No,No,No internet service,No internet service,No internet service,No internet service,No internet service,No internet service,One year,No,Electronic check,27.12,1155.65,No
1549-1042,Female,1,No,No,7,Yes,No,DSL,Yes,Yes,No,Yes,No,No,Month-to-month,No,Credit card (automatic),64.71,559.99,No
1550-3525,Female,0,No,No,43,Yes,No,Fiber optic,No,No,No,No,No,No,Month-to-month,No,Credit card (automatic),69.12,2832.78,No
1551-8679,Female,0,Yes,No,27,Yes,Yes,No,No internet service,No internet service,No internet service,No internet service,No internet service,No internet service,One year,Yes,Bank transfer (automatic),27.28,734.86,No
1552-5798,Male,0,Yes,No,8,Yes,Yes,DSL,Yes,No,No,No,No,No,Month-to-month,No,Bank transfer (automatic),58.08,343.1,No
1553-6571,Male,0,Yes,No,58,No,No phone service,No,No internet service,No internet service,No internet service,No internet service,No internet service,No internet service,One year,Yes,Credit card (automatic),18.25,1065.9,No
1554-5119,Male,0,Yes,Yes,13,Yes,No,DSL,Yes,No,Yes,Yes,No,Yes,One year,No,Electronic check,74.15,875.04,No
1555-2464,Female,0,Yes,No,57,No,No phone service,No,No internet service,No internet service,No internet service,No internet service,No internet service,No internet service,One year,No,Bank transfer (automatic),18.25,1028.09,No
1556-9069,Male,0,Yes,No,26,Yes,No,Fiber optic,No,No,No,No,No,No,Month-to-month,No,Electronic check,93.26,2379.73,No
1557-7955,Male,0,Yes,No,49,Yes,Yes,Fiber optic,No,No,No,No,No,Yes,Month-to-month,No,Electronic check,88.54,4294.12,No
1558-9955,Female,0,No,No,51,Yes,No,Fiber optic,No,Yes,No,Yes,Yes,No,One year,Yes,Electronic check,80.31,4106.26,No
1559-8698,Female,0,Yes,Yes,31,Yes,No,DSL,Yes,Yes,No,No,No,No,Month-to-month,Yes,Electronic check,59.23,1895.23,Yes
1560-3619,Male,1,No,No,48,Yes,Yes,DSL,Yes,Yes,Yes,No,Yes,Yes,Two year,No,Electronic check,76.28,3671.71,No
1561-3288,Female,0,No,No,32,No,No phone service,Fiber optic,Yes,No,No,No,No,No,Month-to-month,Yes,Bank transfer (automatic),74.39,2369.33,No
1562-3236,Male,0,No,No,44,Yes,Yes,No,No internet service,No internet service,No internet service,No internet service,No internet service,No internet service,Two year,Yes,Bank transfer (automatic),30.14,1422.36,No
1563-9268,Female,0,Yes,No,16,Yes,Yes,DSL,No,No,No,No,Yes,No,Two year,Yes,Credit card (automatic),58.17,863.79,No
1564-6011,Female,0,No,Yes,31,Yes,No,Fiber optic,Yes,Yes,No,No,No,No,One year,Yes,Electronic check,79.05,2495.48,No
1565-5089,Male,0,No,No,10,Yes,No,DSL,No,No,No,No,No,No,Two year,No,Mailed check,56.65,541.21,No
1566-9713,Female,0,No,No,30,Yes,Yes,Fiber optic,No,Yes,Yes,Yes,No,No,Month-to-month,No,Electronic check,74.71,2417.95,Yes
1567-6430,Female,0,Yes,No,1,Yes,No,Fiber optic,No,No,No,Yes,No,No,Month-to-month,Yes,Mailed check,78.45,13.39,No
1568-9183,Female,0,Yes,Yes,29,Yes,Yes,Fiber optic,Yes,Yes,No,No,No,No,Month-to-month,No,Credit card (automatic),77.64,2169.38,No
1569-9860,Female,0,No,Yes,62,Yes,No,Fiber optic,Yes,No,Yes,No,Yes,Yes,Two year,No,Mailed check,95.79,5929.73,No
1570-1714,Male,0,Yes,No,26,Yes,Yes,DSL,Yes,Yes,Yes,No,No,No,One year,No,Mailed check,48.55,1244.22,No
1571-4253,Female,0,No,No,36,Yes,Yes,DSL,No,No,Yes,Yes,No,Yes,Two year,No,Credit card (automatic),61.48,2227.53,No
1572-7606,Female,0,No,No,62,Yes,No,Fiber optic,No,Yes,Yes,Yes,Yes,Yes,Two year,Yes,Mailed check,102.22,6338.58,No
1573-8317,Male,0,No,Yes,0,Yes,Yes,Fiber optic,No,No,Yes,Yes,No,No,Month-to-month,Yes,Mailed check,90.6,,Yes
1574-2336,Male,0,No,No,48,Yes,Yes,DSL,No,No,Yes,No,Yes,No,Two year,Yes,Electronic check,75.73,3742.65,No
1575-3865,Female,0,No,No,38,Yes,No,DSL,No,No,No,Yes,Yes,Yes,Month-to-month,No,Bank transfer (automatic),63.49,2520.06,No
1576-5933,Male,0,No,No,25,No,No phone service,DSL,No,Yes,Yes,No,No,No,Two year,No,Bank transfer (automatic),46.46,1164.22,No
1577-8192,Female,1,No,No,18,Yes,No,DSL,No,Yes,Yes,Yes,Yes,No,Month-to-month,Yes,Credit card (automatic),69.48,1242.29,No
1578-2016,Male,0,Yes,Yes,43,Yes,No,Fiber optic,Yes,No,No,Yes,No,No,Month-to-month,Yes,Mailed check,86.72,3739.48,Yes
1579-6406,Male,0,No,Yes,31,Yes,Yes,No,No internet service,No internet service,No internet service,No internet service,No internet service,No internet service,Month-to-month,No,Electronic check,32.41,1041.22,No
1580-3667,Male,0,No,Yes,28,Yes,No,DSL,No,No,Yes,No,No,Yes,Two year,Yes,Credit card (automatic),77.82,2045.69,No
1581-2946,Female,0,No,No,49,Yes,No,DSL,Yes,Yes,No,No,Yes,No,One year,Yes,Electronic check,67.69,3426.77,No
1582-5638,Female,0,Yes,No,29,Yes,Yes,Fiber optic,No,No,No,No,No,Yes,Month-to-month,No,Electronic check,89.5,2668.14,Yes
1583-4725,Male,0,Yes,Yes,59,Yes,Yes,Fiber optic,No,No,No,No,No,No,Month-to-month,No,Bank transfer (automatic),78.26,4591.83,No
1584-6720,Male,1,No,No,20,Yes,No,Fiber optic,No,No,Yes,Yes,Yes,Yes,Two year,Yes,Mailed check,113.2,2205.99,No
1585-3858,Female,0,Yes,No,51,Yes,No,Fiber optic,Yes,No,No,No,No,No,Month-to-month,No,Bank transfer (automatic),72.07,3576.0,No
1586-8408,Female,1,No,No,41,Yes,Yes,DSL,No,No,No,No,Yes,Yes,Two year,Yes,Bank transfer (automatic),75.25,3129.01,No
1587-1702,Female,0,No,No,65,Yes,No,No,No internet service,No internet service,No internet service,No internet service,No internet service,No internet service,One year,Yes,Mailed check,32.09,2235.47,No
1588-8756,Male,0,Yes,No,29,Yes,Yes,Fiber optic,Yes,Yes,No,No,No,No,Month-to-month,Yes,Bank transfer (automatic),78.13,2061.4,No
1589-1268,Female,0,Yes,Yes,17,Yes,No,Fiber optic,Yes,Yes,No,No,No,Yes,One year,Yes,Electronic check,94.91,1608.23,Yes
1590-7622,Male,0,No,No,29,Yes,No,Fiber optic,Yes,No,Yes,Yes,Yes,Yes,Two year,No,Credit card (automatic),102.44,2831.62,No
1591-4117,Male,0,Yes,No,48,Yes,Yes,No,No internet service,No internet service,No internet service,No internet service,No internet service,No internet service,Month-to-month,Yes,Electronic check,27.69,1291.41,No
1592-4449,Male,0,No,No,31,Yes,Yes,No,No internet service,No internet service,No internet service,No internet service,No internet service,No internet service,Two year,Yes,Mailed check,26.41,783.27,No
1593-1171,Female,0,No,Yes,64,Yes,No,DSL,No,No,Yes,No,Yes,No,Month-to-month,Yes,Credit card (automatic),48.58,3219.59,No
1594-7318,Male,0,No,No,11,Yes,Yes,DSL,No,Yes,Yes,Yes,Yes,No,One year,Yes,Electronic check,65.15,730.44,No
1595-2489,Male,0,Yes,No,22,Yes,No,DSL,Yes,No,Yes,No,No,No,One year,Yes,Mailed check,57.35,1323.48,No
1596-6931,Female,0,Yes,No,71,Yes,No,No,No internet service,No internet service,No internet service,No internet service,No internet service,No internet service,Month-to-month,Yes,Electronic check,30.44,2118.57,No
1597-7525,Male,0,No,Yes,58,Yes,No,DSL,Yes,No,No,Yes,Yes,No,Month-to-month,No,Bank transfer (automatic),56.64,3305.67,No
1598-8606,Male,1,Yes,No,5,Yes,No,Fiber optic,Yes,No,No,Yes,Yes,No,Two year,Yes,Mailed check,81.87,423.79,Yes
1599-7372,Male,0,Yes,Yes,68,Yes,No,Fiber optic,No,No,No,No,No,No,Month-to-month,Yes,Credit card (automatic),80.76,5649.61,No
1600-3713,Male,0,No,No,31,Yes,No,Fiber optic,No,No,Yes,No,No,No,One year,Yes,Mailed check,85.82,2649.8,No
1601-7646,Female,0,Yes,Yes,47,Yes,No,Fiber optic,No,Yes,No,No,No,Yes,Month-to-month,Yes,Credit card (automatic),70.64,3338.6,No
1602-8432,Male,0,Yes,No,1,Yes,Yes,Fiber optic,No,No,Yes,No,No,No,Two year,Yes,Mailed check,75.62,167.52,No
1603-3854,Male,0,No,Yes,11,Yes,No,DSL,No,No,Yes,No,Yes,Yes,Two year,No,Credit card (automatic),61.76,623.49,No
1604-2117,Female,0,Yes,No,50,Yes,Yes,DSL,No,Yes,No,Yes,No,No,Month-to-month,No,Electronic check,46.94,2224.13,No
1605-9009,Male,0,Yes,No,19,Yes,Yes,DSL,No,Yes,No,No,No,Yes,Month-to-month,Yes,Mailed check,68.72,1272.89,Yes
1606-2331,Female,0,Yes,No,8,No,No phone service,No,No internet service,No internet service,No internet service,No internet service,No internet service,No internet service,Month-to-month,Yes,Bank transfer (automatic),18.25,196.79,No
1607-6343,Male,0,No,Yes,49,Yes,Yes,No,No internet service,No internet service,No internet service,No internet service,No internet service,No internet service,Month-to-month,Yes,Bank transfer (automatic),30.2,1452.72,No
1608-3126,Male,1,No,Yes,15,Yes,Yes,No,No internet service,No internet service,No internet service,No internet service,No internet service,No internet service,Month-to-month,No,Electronic check,29.36,452.29,No
1609-2134,Female,1,No,Yes,63,No,No phone service,DSL,Yes,No,Yes,No,No,No,Month-to-month,Yes,Bank transfer (automatic),40.88,2531.68,No
1610-7986,Female,0,No,Yes,13,Yes,Yes,DSL,No,No,No,No,Yes,No,Month-to-month,Yes,Mailed check,58.37,746.09,No
1611-2293,Female,0,Yes,No,1,Yes,No,Fiber optic,Yes,Yes,No,No,No,Yes,Month-to-month,No,Mailed check,87.81,0.0,No
1612-7031,Male,0,No,No,28,Yes,No,DSL,No,Yes,No,No,No,No,One year,No,Electronic check,46.86,1368.05,No
1613-7237,Female,0,Yes,No,23,Yes,No,No,No internet service,No internet service,No internet service,No internet service,No internet service,No internet service,Month-to-month,Yes,Electronic check,32.36,798.06,Yes
1614-1541,Male,0,No,No,46,No,No phone service,Fiber optic,Yes,Yes,Yes,No,No,Yes,Two year,Yes,Bank transfer (automatic),66.81,3198.88,No
1615-2556,Female,0,No,No,17,No,No phone service,No,No internet service,No internet service,No internet service,No internet service,No internet service,No internet service,Month-to-month,No,Electronic check,18.25,224.24,No
1616-8148,Male,0,Yes,No,71,Yes,Yes,No,No internet service,No internet service,No internet service,No internet service,No internet service,No internet service,Month-to-month,Yes,Electronic check,30.38,2316.32,No
1617-5565,Male,0,No,No,30,Yes,No,Fiber optic,Yes,Yes,Yes,Yes,Yes,No,Month-to-month,No,Credit card (automatic),97.68,2896.0,No
1618-2092,Female,0,No,No,51,Yes,Yes,DSL,Yes,Yes,No,Yes,No,No,One year,No,Electronic check,51.15,2446.16,No
1619-9924,Male,1,Yes,No,56,Yes,No,No,No internet service,No internet service,No internet service,No internet service,No internet service,No internet service,Two year,Yes,Electronic check,32.61,1916.46,No
1620-3384,Male,1,No,Yes,64,Yes,Yes,Fiber optic,Yes,Yes,Yes,No,No,Yes,One year,No,Mailed check,86.06,5598.71,No
1621-1036,Female,0,No,No,36,Yes,No,No,No internet service,No internet service,No internet service,No internet service,No internet service,No internet service,One year,No,Electronic check,29.3,1016.89,No
1622-9316,Female,0,Yes,No,16,No,No phone service,DSL,Yes,Yes,No,Yes,No,No,Month-to-month,Yes,Mailed check,47.37,671.98,No
1623-1149,Male,0,Yes,No,37,Yes,Yes,Fiber optic,Yes,No,Yes,No,No,Yes,Two year,No,Bank transfer (automatic),83.62,2874.66,No
1624-5979,Female,0,No,No,31,Yes,Yes,Fiber optic,No,No,No,No,Yes,Yes,Month-to-month,Yes,Electronic check,105.25,3150.39,Yes
1625-9936,Female,0,Yes,Yes,44,Yes,No,DSL,Yes,Yes,No,No,Yes,No,Month-to-month,No,Electronic check,73.39,3158.75,No
1626-6199,Male,1,Yes,No,17,No,No phone service,Fiber optic,Yes,No,No,No,No,No,One year,No,Electronic check,77.57,1376.59,No
1627-6261,Male,0,No,No,37,Yes,Yes,DSL,No,No,Yes,No,Yes,Yes,Two year,Yes,Electronic check,79.32,2957.59,No
1628-4493,Female,0,No,No,69,Yes,Yes,Fiber optic,No,No,Yes,Yes,No,Yes,Two year,No,Mailed check,86.04,5948.64,No
1629-2142,Female,1,Yes,No,50,Yes,Yes,Fiber optic,No,Yes,Yes,No,No,Yes,Month-to-month,Yes,Electronic check,76.59,3792.05,Yes
1630-6153,Female,0,Yes,No,69,Yes,No,DSL,No,Yes,No,No,Yes,No,Month-to-month,Yes,Mailed check,69.75,4809.14,No
1631-9074,Male,0,No,No,7,Yes,No,Fiber optic,No,No,No,Yes,Yes,Yes,Two year,Yes,Electronic check,91.47,695.63,Yes
1632-1819,Female,0,No,No,47,Yes,No,DSL,No,No,Yes,No,No,Yes,Two year,No,Credit card (automatic),53.09,2539.67,No
1633-8922,Male,0,No,No,1,No,No phone service,Fiber optic,No,No,Yes,Yes,Yes,No,One year,No,Credit card (automatic),61.54,84.39,No
1634-4735,Male,0,No,No,14,Yes,Yes,DSL,Yes,No,No,No,No,Yes,Month-to-month,No,Credit card (automatic),57.7,887.64,Yes
1635-5825,Male,0,Yes,No,60,Yes,No,Fiber optic,No,Yes,No,No,No,No,Month-to-month,No,Bank transfer (automatic),77.75,4566.21,No
1636-2488,Male,0,No,No,7,Yes,No,Fiber optic,No,No,Yes,No,No,Yes,Month-to-month,Yes,Credit card (automatic),89.5,538.1,Yes
1637-6595,Male,0,No,No,34,Yes,No,No,No internet service,No internet service,No internet service,No internet service,No internet service,No internet service,Month-to-month,Yes,Electronic check,31.56,1137.54,No
1638-2640,Female,0,No,No,5,Yes,Yes,Fiber optic,Yes,No,No,No,Yes,No,Month-to-month,No,Credit card (automatic),105.9,487.48,Yes
1639-3458,Female,0,Yes,No,21,Yes,No,Fiber optic,No,Yes,No,No,Yes,Yes,One year,Yes,Mailed check,97.95,2032.5,No
1640-7493,Female,1,Yes,No,9,Yes,No,Fiber optic,No,No,No,No,No,Yes,Two year,Yes,Electronic check,86.3,714.86,Yes
1641-1454,Male,0,No,Yes,33,Yes,Yes,Fiber optic,No,No,Yes,No,No,Yes,One year,Yes,Mailed check,102.31,3329.4,No
1642-5024,Male,0,No,Yes,46,No,No phone service,Fiber optic,No,No,No,No,No,Yes,Month-to-month,No,Bank transfer (automatic),67.68,3058.9,No
1643-6350,Female,0,No,Yes,47,No,No phone service,Fiber optic,No,No,No,No,Yes,Yes,Month-to-month,No,Bank transfer (automatic),90.19,4363.27,No
1644-2188,Female,0,Yes,Yes,68,Yes,No,Fiber optic,No,No,No,Yes,Yes,No,One year,Yes,Mailed check,76.0,5174.68,No
1645-3652,Male,0,No,No,8,No,No phone service,Fiber optic,No,No,Yes,No,No,Yes,One year,No,Mailed check,66.19,555.85,Yes
1646-4091,Male,0,Yes,No,29,Yes,No,No,No internet service,No internet service,No internet service,No internet service,No internet service,No internet service,Two year,No,Bank transfer (automatic),31.59,793.77,No
1647-6971,Female,0,No,No,38,Yes,Yes,DSL,No,No,Yes,Yes,No,No,Month-to-month,No,Mailed check,59.97,2211.75,No
1648-9789,Male,0,No,No,6,Yes,Yes,DSL,No,Yes,No,No,Yes,Yes,Two year,No,Credit card (automatic),57.25,277.41,No
1649-8525,Male,0,No,Yes,8,Yes,Yes,Fiber optic,Yes,Yes,Yes,No,Yes,Yes,Two year,No,Mailed check,105.17,873.55,No
1650-2707,Male,0,Yes,No,22,Yes,No,Fiber optic,No,Yes,Yes,No,No,No,One year,No,Electronic check,82.92,1761.26,No
1651-1163,Female,0,No,Yes,62,Yes,Yes,DSL,Yes,No,Yes,No,No,No,Two year,Yes,Electronic check,66.98,4190.04,No
1652-1467,Male,0,Yes,Yes,42,Yes,No,DSL,Yes,No,No,Yes,No,Yes,One year,Yes,Electronic check,51.94,2045.25,No
1653-6360,Male,0,No,No,41,Yes,Yes,No,No internet service,No internet service,No internet service,No internet service,No internet service,No internet service,Month-to-month,Yes,Mailed check,35.12,1354.78,No
1654-2406,Male,0,No,Yes,40,Yes,Yes,DSL,No,Yes,No,Yes,No,No,Month-to-month,Yes,Electronic check,52.94,1992.12,No
1655-3081,Female,0,No,No,59,Yes,Yes,Fiber optic,Yes,No,Yes,No,No,No,Month-to-month,Yes,Mailed check,83.73,4934.02,No
1656-8625,Male,0,No,No,39,Yes,Yes,DSL,No,No,Yes,No,Yes,Yes,Month-to-month,Yes,Mailed check,84.13,3192.79,No
1657-8864,Male,0,No,No,52,Yes,No,DSL,Yes,No,Yes,No,Yes,Yes,Month-to-month,Yes,Electronic check,70.83,3663.61,No
1658-8550,Female,0,Yes,No,22,Yes,Yes,DSL,No,No,Yes,Yes,No,No,Month-to-month,No,Mailed check,58.48,1165.92,No
1659-3282,Male,0,Yes,No,59,Yes,No,DSL,No,No,No,No,No,No,One year,No,Bank transfer (automatic),60.03,3411.51,No
1660-6576,Female,0,No,No,2,Yes,No,Fiber optic,Yes,No,Yes,No,No,No,Month-to-month,No,Bank transfer (automatic),84.39,107.31,No
1661-6496,Male,0,No,No,24,No,No phone service,DSL,No,No,No,No,No,Yes,Month-to-month,Yes,Electronic check,56.65,1482.13,No
1662-2667,Male,0,No,No,18,No,No phone service,Fiber optic,Yes,No,No,No,Yes,Yes,Two year,No,Mailed check,85.97,1425.35,No
1663-5981,Male,0,Yes,Yes,10,No,No phone service,DSL,Yes,No,No,No,No,No,Month-to-month,Yes,Electronic check,61.52,591.66,No
1664-5726,Female,0,Yes,No,39,Yes,No,No,No internet service,No internet service,No internet service,No internet service,No internet service,No internet service,Month-to-month,Yes,Electronic check,27.36,1096.66,No
1665-4565,Female,0,No,Yes,65,Yes,Yes,DSL,Yes,No,No,No,No,Yes,One year,Yes,Bank transfer (automatic),65.05,4236.88,No
1666-7764,Male,0,No,Yes,11,Yes,No,DSL,No,No,No,Yes,No,Yes,Two year,No,Credit card (automatic),62.39,616.62,No
1667-7097,Female,0,No,No,64,Yes,Yes,Fiber optic,No,No,No,No,Yes,No,Month-to-month,Yes,Electronic check,75.46,4742.9,No
1668-5793,Male,0,Yes,No,62,Yes,No,No,No internet service,No internet service,No internet service,No internet service,No internet service,No internet service,Month-to-month,No,Electronic check,28.28,1751.69,No
1669-7531,Male,0,Yes,Yes,64,Yes,No,Fiber optic,No,No,Yes,No,Yes,No,Month-to-month,Yes,Electronic check,75.78,4933.77,No
1670-7867,Male,0,Yes,No,0,Yes,No,Fiber optic,Yes,No,Yes,No,Yes,Yes,Month-to-month,Yes,Bank transfer (automatic),104.55,,Yes
1671-6101,Male,0,Yes,Yes,72,Yes,No,No,No internet service,No internet service,No internet service,No internet service,No internet service,No internet service,Month-to-month,No,Credit card (automatic),26.71,1945.4,No
1672-3408,Female,0,No,No,31,Yes,Yes,Fiber optic,Yes,No,Yes,No,Yes,No,Month-to-month,No,Bank transfer (automatic),104.21,3223.53,No
1673-7825,Male,0,Yes,No,43,No,No phone service,Fiber optic,No,No,No,Yes,No,No,Two year,Yes,Credit card (automatic),67.24,3013.11,No
1674-7457,Female,0,Yes,No,22,Yes,Yes,Fiber optic,Yes,No,Yes,Yes,No,Yes,Month-to-month,No,Mailed check,98.73,2082.21,No
1675-9849,Male,0,No,Yes,37,Yes,No,DSL,Yes,Yes,No,Yes,Yes,Yes,Month-to-month,Yes,Electronic check,65.28,2497.58,No
1676-2347,Male,0,Yes,No,40,Yes,No,DSL,No,No,No,Yes,Yes,Yes,Month-to-month,Yes,Bank transfer (automatic),73.66,2856.51,No
1677-4773,Male,0,No,No,58,Yes,Yes,DSL,No,No,No,No,Yes,Yes,One year,Yes,Electronic check,74.42,4287.38,No
1678-9317,Female,0,Yes,No,24,Yes,No,DSL,No,Yes,Yes,Yes,No,Yes,Month-to-month,No,Bank transfer (automatic),53.98,1378.36,No
1679-5630,Male,0,Yes,Yes,8,Yes,Yes,No,No internet service,No internet service,No internet service,No internet service,No internet service,No internet service,Month-to-month,Yes,Electronic check,29.39,303.07,No
1680-9482,Male,0,Yes,No,42,Yes,No,No,No internet service,No internet service,No internet service,No internet service,No internet service,No internet service,One year,Yes,Mailed check,28.25,1080.94,No
1681-1112,Male,0,No,No,57,Yes,No,DSL,No,Yes,No,No,No,No,Month-to-month,Yes,Mailed check,56.3,3208.53,No
1682-1316,Male,1,Yes,No,1,Yes,Yes,DSL,No,Yes,No,Yes,No,Yes,Two year,No,Bank transfer (automatic),51.94,136.15,No
1683-8163,Male,1,No,No,59,Yes,Yes,Fiber optic,No,Yes,No,No,Yes,No,Two year,Yes,Credit card (automatic),102.04,6062.86,Yes
1684-4225,Male,0,No,No,58,Yes,No,Fiber optic,No,No,No,Yes,Yes,Yes,Month-to-month,Yes,Electronic check,91.88,5232.68,No
1685-5681,Male,0,Yes,No,42,Yes,Yes,No,No internet service,No internet service,No internet service,No internet service,No internet service,No internet service,Two year,Yes,Credit card (automatic),32.02,1321.67,No
1686-4851,Male,0,No,No,69,Yes,Yes,No,No internet service,No internet service,No internet service,No internet service,No internet service,No internet service,Month-to-month,Yes,Bank transfer (automatic),23.38,1647.64,No
1687-4671,Male,0,Yes,Yes,28,Yes,Yes,Fiber optic,No,Yes,Yes,No,No,Yes,Month-to-month,Yes,Bank transfer (automatic),88.76,2463.13,No
1688-9454,Female,0,Yes,No,9,Yes,No,DSL,Yes,Yes,Yes,No,No,No,Month-to-month,Yes,Electronic check,51.23,365.04,Yes
1689-1846,Female,0,No,No,47,Yes,No,No,No internet service,No internet service,No internet service,No internet service,No internet service,No internet service,One year,Yes,Electronic check,28.87,1364.75,No
1690-7949,Female,0,Yes,No,44,Yes,No,Fiber optic,No,Yes,No,No,Yes,Yes,Month-to-month,Yes,Credit card (automatic),91.15,4166.38,No
1691-9006,Male,0,No,No,66,Yes,No,Fiber optic,No,Yes,No,No,No,No,Two year,Yes,Mailed check,75.72,5001.01,No
1692-6916,Male,0,No,No,16,Yes,No,Fiber optic,No,No,No,No,No,No,Two year,Yes,Electronic check,89.77,1297.02,No
1693-4554,Female,0,Yes,No,11,No,No phone service,Fiber optic,No,No,Yes,No,Yes,No,Month-to-month,Yes,Electronic check,81.45,792.26,No
1694-2439,Female,0,Yes,No,49,Yes,No,DSL,Yes,Yes,No,Yes,No,No,Month-to-month,No,Credit card (automatic),44.78,2269.44,No
1695-7142,Male,0,No,No,22,No,No phone service,Fiber optic,No,No,Yes,Yes,No,Yes,Two year,No,Electronic check,89.05,1993.76,No
1696-5218,Female,0,No,No,13,Yes,Yes,DSL,Yes,Yes,No,No,No,No,One year,Yes,Bank transfer (automatic),49.56,672.96,Yes
1697-2344,Female,0,Yes,No,49,Yes,No,DSL,No,Yes,Yes,Yes,No,No,Two year,No,Bank transfer (automatic),47.18,2351.59,No
1698-4236,Female,0,No,Yes,13,Yes,No,Fiber optic,No,Yes,No,Yes,No,No,One year,Yes,Mailed check,82.35,1201.74,Yes
1699-9652,Male,0,Yes,No,60,Yes,No,DSL,No,No,No,Yes,Yes,No,Two year,Yes,Bank transfer (automatic),64.56,3922.57,No
1700-3388,Female,0,No,Yes,22,Yes,No,No,No internet service,No internet service,No internet service,No internet service,No internet service,No internet service,Month-to-month,No,Mailed check,25.07,528.32,No
1701-2605,Female,0,Yes,No,47,Yes,Yes,No,No internet service,No internet service,No internet service,No internet service,No internet service,No internet service,Month-to-month,No,Credit card (automatic),32.87,1526.99,No
1702-7137,Male,0,No,No,42,Yes,Yes,No,No internet service,No internet service,No internet service,No internet service,No internet service,No internet service,Month-to-month,No,Bank transfer (automatic),27.98,1207.35,No
1703-2795,Female,0,No,Yes,43,Yes,No,DSL,No,No,No,No,Yes,Yes,Month-to-month,Yes,Credit card (automatic),73.01,2974.25,No
1704-9278,Female,1,No,No,22,Yes,Yes,No,No internet service,No internet service,No internet service,No internet service,No internet service,No internet service,Two year,Yes,Electronic check,25.26,719.63,No
1705-8729,Male,0,No,No,6,Yes,No,DSL,No,Yes,Yes,No,Yes,No,One year,Yes,Mailed check,68.92,388.6,No
1706-9850,Male,0,No,Yes,46,Yes,Yes,Fiber optic,No,No,No,No,Yes,No,Month-to-month,No,Mailed check,93.8,4229.1,Yes
1707-9212,Female,0,Yes,No,31,Yes,No,DSL,No,No,Yes,No,Yes,No,Two year,No,Mailed check,69.12,2139.3,No
1708-3193,Female,0,Yes,Yes,71,Yes,Yes,No,No internet service,No internet service,No internet service,No internet service,No internet service,No internet service,Two year,No,Mailed check,31.28,2172.91,No
1709-2909,Female,0,No,Yes,64,Yes,No,DSL,No,No,Yes,Yes,Yes,Yes,One year,No,Credit card (automatic),51.02,3424.04,No
1710-4083,Male,0,Yes,No,5,Yes,Yes,Fiber optic,No,No,Yes,No,Yes,No,Two year,No,Bank transfer (automatic),82.67,415.97,Yes
1711-5227,Male,0,No,Yes,26,Yes,Yes,Fiber optic,No,Yes,Yes,Yes,Yes,No,Month-to-month,No,Bank transfer (automatic),83.02,2182.7,No
1712-8919,Female,0,Yes,No,30,Yes,No,Fiber optic,Yes,No,No,No,No,No,Month-to-month,No,Mailed check,68.69,2119.36,No
1713-7600,Male,0,No,No,27,Yes,Yes,No,No internet service,No internet service,No internet service,No internet service,No internet service,No internet service,Month-to-month,Yes,Bank transfer (automatic),23.68,591.79,No
1714-6799,Male,0,No,No,52,Yes,Yes,DSL,No,No,Yes,No,No,Yes,Month-to-month,No,Credit card (automatic),69.85,3625.17,No
1715-8904,Female,0,No,No,26,No,No phone service,DSL,No,No,Yes,No,Yes,No,Two year,No,Credit card (automatic),53.15,1403.99,No
1716-6812,Female,0,Yes,No,11,Yes,Yes,Fiber optic,No,No,Yes,No,No,No,One year,Yes,Electronic check,86.67,997.19,No
1717-4411,Male,0,No,No,26,Yes,Yes,Fiber optic,No,No,Yes,Yes,Yes,No,Two year,Yes,Bank transfer (automatic),96.49,2416.17,No
1718-4716,Male,0,No,No,57,Yes,Yes,DSL,No,Yes,No,Yes,No,Yes,Month-to-month,No,Bank transfer (automatic),65.23,3657.35,No
1719-5652,Male,0,No,No,29,Yes,No,No,No internet service,No internet service,No internet service,No internet service,No internet service,No internet service,Month-to-month,Yes,Electronic check,32.13,703.5,No
1720-1798,Female,0,No,No,20,No,No phone service,DSL,No,Yes,Yes,No,Yes,No,Month-to-month,Yes,Bank transfer (automatic),51.76,985.66,Yes
1721-7674,Female,0,Yes,No,56,Yes,No,Fiber optic,No,Yes,Yes,No,Yes,No,Month-to-month,Yes,Credit card (automatic),99.84,5605.37,No
1722-6874,Female,0,Yes,No,4,Yes,No,DSL,No,No,No,No,No,Yes,Two year,Yes,Electronic check,64.93,340.22,No
1723-7579,Female,0,Yes,No,33,Yes,Yes,Fiber optic,Yes,No,No,Yes,Yes,Yes,Month-to-month,No,Electronic check,107.27,3592.4,No
1724-5804,Female,1,No,No,7,Yes,No,Fiber optic,No,No,No,No,No,No,One year,No,Credit card (automatic),82.41,512.02,No
1725-8045,Female,0,No,No,44,Yes,No,Fiber optic,Yes,Yes,No,No,No,No,Two year,Yes,Bank transfer (automatic),84.36,3678.0,No
1726-9546,Male,0,Yes,No,65,Yes,No,DSL,No,Yes,Yes,Yes,No,No,One year,Yes,Credit card (automatic),53.61,3553.01,No
1727-6128,Male,0,No,Yes,32,Yes,Yes,Fiber optic,No,No,Yes,Yes,No,Yes,One year,Yes,Credit card (automatic),100.22,3178.21,Yes
1728-4999,Male,1,Yes,No,71,Yes,No,DSL,No,Yes,Yes,No,Yes,Yes,Two year,Yes,Electronic check,70.15,4960.47,No
1729-1941,Male,0,No,No,63,No,No phone service,DSL,Yes,No,Yes,No,No,No,Month-to-month,Yes,Electronic check,43.04,2816.04,No
1730-8007,Female,0,No,No,53,Yes,No,DSL,No,Yes,Yes,Yes,No,Yes,Two year,Yes,Electronic check,68.01,3666.85,No
1731-9134,Male,0,Yes,No,13,Yes,Yes,No,No internet service,No internet service,No internet service,No internet service,No internet service,No internet service,Two year,No,Electronic check,34.35,368.24,No
1732-7294,Female,0,Yes,No,2,Yes,No,DSL,No,No,Yes,No,No,Yes,One year,Yes,Bank transfer (automatic),60.36,74.51,No
1733-8789,Male,0,No,No,8,Yes,Yes,Fiber optic,No,Yes,No,No,No,No,Month-to-month,No,Bank transfer (automatic),95.97,903.4,Yes
1734-8749,Male,0,No,Yes,25,Yes,No,DSL,No,Yes,Yes,No,Yes,No,Month-to-month,Yes,Bank transfer (automatic),64.47,1640.13,No
1735-8182,Female,1,Yes,No,29,Yes,No,Fiber optic,No,Yes,Yes,No,No,No,Month-to-month,Yes,Credit card (automatic),63.32,1936.42,No
1736-5525,Male,0,No,No,15,Yes,Yes,Fiber optic,No,Yes,Yes,No,No,No,Month-to-month,Yes,Electronic check,71.35,978.8,No
1737-1898,Male,0,No,No,71,Yes,Yes,DSL,Yes,No,No,No,No,Yes,Month-to-month,Yes,Mailed check,60.82,4356.66,No
1738-1029,Female,0,Yes,No,54,Yes,Yes,No,No internet service,No internet service,No internet service,No internet service,No internet service,No internet service,Month-to-month,No,Mailed check,33.46,1858.5,No
1739-2839,Female,1,No,No,51,Yes,No,No,No internet service,No internet service,No internet service,No internet service,No internet service,No internet service,Two year,Yes,Electronic check,29.92,1623.66,No
1740-4878,Male,0,Yes,No,47,Yes,No,DSL,Yes,No,No,Yes,No,No,Month-to-month,No,Credit card (automatic),54.49,2663.15,No
1741-7691,Female,0,No,No,44,Yes,Yes,Fiber optic,No,Yes,No,No,Yes,Yes,Month-to-month,No,Credit card (automatic),87.65,3824.43,No
1742-5101,Male,0,No,No,64,No,No phone service,No,No internet service,No internet service,No internet service,No internet service,No internet service,No internet service,Month-to-month,No,Bank transfer (automatic),18.25,1193.23,No
1743-1208,Female,0,Yes,No,28,Yes,Yes,No,No internet service,No internet service,No internet service,No internet service,No internet service,No internet service,Month-to-month,No,Electronic check,34.24,940.87,No
1744-2892,Male,0,No,No,10,Yes,No,DSL,Yes,Yes,No,Yes,No,Yes,Month-to-month,Yes,Electronic check,59.19,644.6,No
1745-9812,Female,0,Yes,No,21,No,No phone service,No,No internet service,No internet service,No internet service,No internet service,No internet service,No internet service,Month-to-month,Yes,Electronic check,18.25,264.43,No
1746-9891,Female,0,No,No,16,Yes,No,DSL,No,Yes,No,No,No,No,Two year,No,Credit card (automatic),43.83,545.65,No
1747-4393,Male,1,No,Yes,69,No,No phone service,Fiber optic,No,No,No,No,No,Yes,Two year,No,Mailed check,70.34,4876.52,No
1748-8244,Female,1,Yes,Yes,41,Yes,No,Fiber optic,No,No,No,No,Yes,Yes,One year,No,Electronic check,89.68,3675.89,No
1749-7473,Male,0,No,No,31,Yes,No,Fiber optic,Yes,No,Yes,No,No,No,Month-to-month,No,Electronic check,93.1,2907.98,No
1750-9380,Female,0,Yes,No,1,Yes,No,No,No internet service,No internet service,No internet service,No internet service,No internet service,No internet service,Two year,Yes,Electronic check,31.29,5.57,No
1751-8987,Female,0,No,No,51,Yes,No,DSL,Yes,No,Yes,No,No,Yes,Two year,Yes,Bank transfer (automatic),67.94,3551.52,No
1752-6658,Male,0,No,No,47,Yes,Yes,DSL,No,No,Yes,No,No,No,One year,No,Mailed check,63.61,3030.97,No
1753-4551,Female,0,No,No,59,Yes,Yes,Fiber optic,No,No,Yes,No,No,No,Two year,Yes,Credit card (automatic),76.32,4465.01,No
1754-6639,Female,0,No,Yes,9,Yes,Yes,Fiber optic,No,No,No,No,Yes,No,Two year,No,Bank transfer (automatic),79.9,707.49,No
1755-3871,Male,0,No,Yes,47,Yes,No,Fiber optic,Yes,Yes,No,No,Yes,Yes,Month-to-month,Yes,Mailed check,100.93,4597.54,No
1756-4132,Male,0,Yes,No,26,Yes,No,No,No internet service,No internet service,No internet service,No internet service,No internet service,No internet service,One year,Yes,Bank transfer (automatic),31.8,1009.74,No
1757-6478,Male,0,Yes,Yes,16,Yes,Yes,Fiber optic,No,No,No,Yes,Yes,Yes,Month-to-month,No,Credit card (automatic),84.5,1330.86,No
1758-6142,Male,0,No,Yes,16,Yes,Yes,Fiber optic,No,No,No,No,Yes,No,Month-to-month,Yes,Bank transfer (automatic),79.19,1315.83,Yes
1759-6228,Male,0,Yes,No,21,Yes,No,DSL,No,Yes,No,No,No,No,One year,No,Mailed check,61.38,1310.46,No
1760-4461,Male,0,Yes,No,53,Yes,No,DSL,No,No,Yes,Yes,Yes,No,One year,Yes,Bank transfer (automatic),68.64,3635.49,No
1761-4681,Male,0,Yes,No,1,Yes,No,No,No internet service,No internet service,No internet service,No internet service,No internet service,No internet service,One year,No,Electronic check,27.56,43.26,No
1762-1091,Female,0,No,Yes,69,Yes,No,Fiber optic,No,No,No,Yes,Yes,Yes,Two year,Yes,Electronic check,83.77,5603.73,No
1763-6415,Male,0,No,No,70,Yes,Yes,Fiber optic,No,No,Yes,No,Yes,Yes,Month-to-month,Yes,Bank transfer (automatic),95.62,6746.45,No
1764-6181,Female,0,Yes,No,70,Yes,No,DSL,Yes,No,Yes,No,Yes,No,Two year,Yes,Credit card (automatic),79.79,5544.83,No
1765-9417,Male,1,Yes,No,60,No,No phone service,Fiber optic,No,Yes,No,Yes,No,Yes,One year,No,Electronic check,69.16,4207.1,Yes
1766-5538,Female,1,No,No,23,Yes,No,DSL,No,Yes,No,Yes,No,No,Month-to-month,Yes,Electronic check,63.63,1513.28,Yes
1767-5208,Male,0,Yes,No,29,Yes,Yes,No,No internet service,No internet service,No internet service,No internet service,No internet service,No internet service,Month-to-month,Yes,Credit card (automatic),30.97,890.62,No
1768-1609,Male,1,No,Yes,9,Yes,No,DSL,No,Yes,Yes,No,Yes,No,Month-to-month,Yes,Bank transfer (automatic),67.8,706.52,No
1769-2770,Male,0,No,Yes,65,Yes,Yes,DSL,No,Yes,No,Yes,No,Yes,Month-to-month,No,Bank transfer (automatic),59.87,4042.94,No
1770-4041,Male,1,No,No,56,Yes,Yes,Fiber optic,Yes,No,No,No,No,No,One year,Yes,Mailed check,97.28,5381.89,No
1771-4394,Female,1,Yes,Yes,11,Yes,Yes,DSL,Yes,No,No,No,No,Yes,Two year,Yes,Credit card (automatic),72.83,758.22,No
1772-4263,Female,0,No,Yes,72,Yes,No,No,No internet service,No internet service,No internet service,No internet service,No internet service,No internet service,One year,Yes,Bank transfer (automatic),27.17,1810.25,No
1773-4546,Female,1,No,Yes,3,Yes,No,Fiber optic,No,No,No,Yes,No,No,Month-to-month,Yes,Electronic check,78.31,228.36,Yes
1774-7919,Male,0,Yes,No,56,Yes,Yes,Fiber optic,No,Yes,No,No,Yes,Yes,Month-to-month,Yes,Electronic check,93.09,5238.05,No
1775-2179,Male,0,No,No,9,Yes,Yes,DSL,No,No,Yes,No,No,No,Month-to-month,No,Bank transfer (automatic),60.85,478.75,No
1776-3990,Female,1,Yes,No,54,Yes,Yes,Fiber optic,No,Yes,Yes,No,No,No,Month-to-month,Yes,Mailed check,86.9,4674.24,No
1777-2465,Female,0,No,No,64,Yes,No,DSL,Yes,Yes,No,No,No,Yes,Two year,Yes,Electronic check,69.73,4625.51,No
1778-3769,Female,0,No,No,69,Yes,No,Fiber optic,No,Yes,Yes,Yes,No,No,Month-to-month,No,Electronic check,61.09,4241.02,No
1779-7160,Male,0,Yes,Yes,11,Yes,No,No,No internet service,No internet service,No internet service,No internet service,No internet service,No internet service,Two year,Yes,Credit card (automatic),29.94,320.91,No
1780-1420,Female,0,Yes,No,12,Yes,No,DSL,No,No,No,No,Yes,No,Month-to-month,Yes,Electronic check,68.63,854.05,No
1781-4054,Male,1,Yes,No,4,Yes,No,No,No internet service,No internet service,No internet service,No internet service,No internet service,No internet service,Month-to-month,Yes,Credit card (automatic),26.39,133.4,No
1782-1213,Male,1,Yes,No,60,Yes,Yes,No,No internet service,No internet service,No internet service,No internet service,No internet service,No internet service,Month-to-month,No,Mailed check,28.26,1529.3,No
1783-9593,Female,0,No,Yes,13,Yes,No,No,No internet service,No internet service,No internet service,No internet service,No internet service,No internet service,Two year,Yes,Electronic check,30.02,376.62,No
1784-7544,Female,1,Yes,No,28,Yes,No,Fiber optic,No,No,Yes,Yes,No,No,Month-to-month,Yes,Electronic check,72.34,1990.28,No
1785-3192,Male,0,No,No,30,Yes,No,No,No internet service,No internet service,No internet service,No internet service,No internet service,No internet service,One year,Yes,Electronic check,34.32,1131.14,No
1786-2783,Female,1,Yes,Yes,25,Yes,No,Fiber optic,No,Yes,Yes,Yes,No,Yes,Month-to-month,Yes,Credit card (automatic),84.72,2093.36,Yes
1787-1890,Male,0,No,No,36,No,No phone service,Fiber optic,Yes,Yes,No,No,Yes,No,Month-to-month,Yes,Electronic check,75.75,2862.17,No
1788-5255,Male,0,No,Yes,25,Yes,Yes,Fiber optic,No,Yes,No,No,No,Yes,Month-to-month,No,Electronic check,109.91,2817.44,No
1789-7780,Male,0,No,Yes,17,No,No phone service,DSL,No,No,Yes,No,No,Yes,Month-to-month,No,Mailed check,49.84,958.04,No
1790-6257,Male,0,No,Yes,28,Yes,No,DSL,Yes,Yes,No,Yes,Yes,No,Month-to-month,Yes,Electronic check,67.95,1842.53,No
1791-8928,Male,0,No,No,58,Yes,No,Fiber optic,No,Yes,Yes,Yes,Yes,No,Month-to-month,Yes,Mailed check,76.04,4423.17,No
1792-4094,Female,0,No,Yes,8,Yes,Yes,DSL,Yes,Yes,Yes,No,No,Yes,Month-to-month,Yes,Electronic check,62.42,654.03,Yes
1793-3502,Female,0,No,No,70,Yes,No,Fiber optic,No,No,No,No,No,No,Month-to-month,Yes,Bank transfer (automatic),66.6,4540.25,No
1794-5301,Female,0,Yes,No,29,Yes,Yes,No,No internet service,No internet service,No internet service,No internet service,No internet service,No internet service,Month-to-month,Yes,Electronic check,24.56,759.75,No
1795-2818,Male,0,Yes,No,21,Yes,No,Fiber optic,Yes,Yes,Yes,No,No,No,One year,Yes,Bank transfer (automatic),97.79,2144.42,No
1796-9779,Male,0,Yes,No,32,Yes,No,Fiber optic,No,Yes,No,No,No,No,Month-to-month,No,Electronic check,76.54,2439.35,No
1797-2671,Female,0,No,Yes,67,Yes,No,Fiber optic,No,No,No,No,Yes,Yes,Month-to-month,Yes,Credit card (automatic),88.29,5938.38,No
1798-5309,Female,0,No,No,59,Yes,No,DSL,No,No,Yes,No,No,Yes,Two year,Yes,Bank transfer (automatic),67.77,4106.95,No
1799-5697,Male,0,No,No,59,Yes,No,DSL,No,No,No,No,No,No,One year,Yes,Electronic check,61.43,3760.39,No
1800-1513,Female,0,No,No,16,Yes,No,DSL,No,No,No,No,Yes,No,Two year,No,Mailed check,69.74,989.66,No
1801-5215,Male,0,Yes,Yes,64,Yes,Yes,No,No internet service,No internet service,No internet service,No internet service,No internet service,No internet service,Two year,No,Credit card (automatic),28.36,1907.36,No
1802-5091,Male,0,No,No,51,Yes,No,No,No internet service,No internet service,No internet service,No internet service,No internet service,No internet service,Month-to-month,No,Mailed check,36.6,1774.45,No
1803-3334,Female,0,Yes,No,4,Yes,No,Fiber optic,No,No,No,No,No,No,Month-to-month,Yes,Credit card (automatic),74.97,352.83,Yes
1804-2151,Female,0,Yes,No,31,Yes,Yes,Fiber optic,No,Yes,Yes,No,Yes,Yes,Month-to-month,Yes,Electronic check,105.12,3128.98,No
1805-1406,Female,0,No,No,60,Yes,No,No,No internet service,No internet service,No internet service,No internet service,No internet service,No internet service,Month-to-month,Yes,Electronic check,28.43,1584.23,No
1806-1077,Male,1,Yes,No,38,Yes,Yes,DSL,No,No,Yes,Yes,No,Yes,Two year,No,Credit card (automatic),64.87,2649.59,No
1807-5332,Female,0,No,No,42,Yes,No,DSL,Yes,No,No,Yes,No,No,Two year,Yes,Electronic check,52.93,2294.33,No
1808-1808,Female,0,No,Yes,27,Yes,No,Fiber optic,No,No,No,Yes,Yes,No,Month-to-month,No,Credit card (automatic),88.99,2228.16,No
1809-9633,Male,0,No,No,2,Yes,No,Fiber optic,No,No,No,No,No,Yes,Month-to-month,Yes,Credit card (automatic),90.11,94.55,Yes
1810-3202,Female,0,Yes,Yes,64,Yes,Yes,No,No internet service,No internet service,No internet service,No internet service,No internet service,No internet service,Two year,Yes,Credit card (automatic),29.01,1784.83,No
1811-6872,Male,0,Yes,Yes,55,Yes,No,No,No internet service,No internet service,No internet service,No internet service,No internet service,No internet service,One year,No,Electronic check,29.83,1606.65,No
1812-7060,Female,0,Yes,Yes,19,Yes,No,No,No internet service,No internet service,No internet service,No internet service,No internet service,No internet service,Month-to-month,No,Credit card (automatic),32.2,539.71,No
1813-5459,Female,1,No,Yes,17,Yes,No,Fiber optic,No,Yes,No,Yes,No,Yes,Month-to-month,Yes,Credit card (automatic),85.34,1335.63,Yes
1814-8951,Female,1,Yes,No,37,Yes,No,No,No internet service,No internet service,No internet service,No internet service,No internet service,No internet service,Month-to-month,Yes,Electronic check,28.0,985.92,No
1815-1996,Female,0,Yes,No,58,Yes,No,Fiber optic,No,Yes,Yes,No,Yes,Yes,Month-to-month,Yes,Credit card (automatic),104.79,6061.46,No
1816-3106,Female,0,No,No,6,Yes,No,Fiber optic,No,No,Yes,No,Yes,No,Month-to-month,No,Credit card (automatic),97.76,509.13,Yes
1817-3271,Male,0,No,No,45,Yes,Yes,Fiber optic,No,No,No,No,No,Yes,Month-to-month,No,Electronic check,85.16,3904.18,No
1818-2218,Female,0,No,No,61,Yes,Yes,No,No internet service,No internet service,No internet service,No internet service,No internet service,No internet service,One year,Yes,Bank transfer (automatic),35.04,2047.5,No
1819-3652,Male,1,Yes,No,35,Yes,Yes,DSL,Yes,No,No,No,No,Yes,Month-to-month,Yes,Credit card (automatic),62.25,2218.88,No
1820-3813,Male,0,No,No,3,Yes,No,Fiber optic,Yes,No,Yes,No,No,No,Two year,No,Electronic check,76.9,258.77,No
1821-7882,Male,0,Yes,No,1,Yes,Yes,Fiber optic,Yes,No,No,No,Yes,Yes,One year,Yes,Electronic check,81.59,39.23,Yes
1822-3714,Male,0,Yes,No,11,Yes,No,Fiber optic,No,Yes,No,Yes,Yes,No,Month-to-month,No,Credit card (automatic),89.73,936.29,Yes
1823-8889,Female,0,Yes,No,64,Yes,No,Fiber optic,Yes,No,Yes,Yes,No,Yes,Month-to-month,Yes,Electronic check,79.47,5163.61,No
1824-7953,Female,0,No,No,33,Yes,Yes,Fiber optic,No,No,Yes,No,Yes,No,One year,Yes,Electronic check,77.39,2487.05,No
1825-9113,Male,0,No,No,10,Yes,Yes,Fiber optic,Yes,No,No,Yes,Yes,Yes,Two year,No,Credit card (automatic),113.41,1217.36,Yes
1826-1946,Male,0,Yes,No,66,Yes,No,Fiber optic,No,No,No,No,No,No,Two year,Yes,Electronic check,56.22,3710.12,No
1827-9860,Female,0,No,No,60,Yes,Yes,DSL,No,No,No,No,No,No,Month-to-month,Yes,Bank transfer (automatic),55.86,3451.27,No
1828-6525,Male,1,No,Yes,10,Yes,Yes,Fiber optic,Yes,Yes,Yes,No,No,No,Month-to-month,Yes,Bank transfer (automatic),86.51,740.06,Yes
1829-9840,Male,0,Yes,No,50,Yes,No,DSL,No,Yes,Yes,No,Yes,Yes,Month-to-month,No,Electronic check,61.58,3065.85,No
1830-4193,Male,0,No,No,24,Yes,No,No,No internet service,No internet service,No internet service,No internet service,No internet service,No internet service,Month-to-month,Yes,Mailed check,26.45,577.06,No
1831-9576,Female,0,Yes,No,5,Yes,Yes,No,No internet service,No internet service,No internet service,No internet service,No internet service,No internet service,Month-to-month,No,Electronic check,28.62,271.93,No
1832-6296,Female,0,Yes,Yes,4,Yes,Yes,DSL,No,Yes,No,No,Yes,Yes,Month-to-month,No,Credit card (automatic),66.88,281.71,Yes
1833-1646,Female,1,No,No,39,Yes,No,DSL,No,Yes,No,Yes,No,No,One year,No,Electronic check,53.14,2028.89,No
1834-4690,Female,0,Yes,Yes,61,No,No phone service,DSL,No,No,No,Yes,No,No,One year,Yes,Credit card (automatic),44.48,2622.23,No
1835-2240,Female,0,No,No,70,Yes,No,Fiber optic,No,No,No,Yes,No,No,Month-to-month,Yes,Electronic check,90.45,6257.29,No
1836-9470,Female,0,Yes,No,51,Yes,No,DSL,Yes,Yes,Yes,No,No,Yes,Month-to-month,No,Mailed check,69.79,3592.59,No
1837-3739,Female,0,No,No,67,Yes,No,Fiber optic,No,Yes,Yes,No,No,No,One year,Yes,Credit card (automatic),88.81,6002.74,No
1838-3001,Female,1,No,No,17,Yes,No,Fiber optic,No,No,Yes,No,No,No,Month-to-month,No,Credit card (automatic),72.28,1359.86,No
1839-5975,Female,0,No,Yes,10,Yes,Yes,Fiber optic,No,No,No,No,Yes,No,Month-to-month,Yes,Credit card (automatic),77.95,781.64,Yes
1840-4826,Female,0,No,No,8,Yes,Yes,Fiber optic,Yes,No,No,Yes,No,Yes,Month-to-month,Yes,Credit card (automatic),98.89,630.09,Yes
1841-1872,Female,0,No,Yes,12,Yes,No,Fiber optic,Yes,Yes,Yes,No,No,Yes,Month-to-month,Yes,Mailed check,90.91,1122.92,No
1842-8347,Male,0,Yes,No,55,Yes,No,Fiber optic,No,No,No,Yes,No,No,Month-to-month,Yes,Bank transfer (automatic),72.14,4007.59,No
1843-8611,Male,0,Yes,No,11,Yes,No,Fiber optic,No,Yes,No,Yes,Yes,Yes,Two year,Yes,Electronic check,90.11,956.09,No
1844-7685,Male,0,No,Yes,31,No,No phone service,Fiber optic,No,No,No,No,No,No,Two year,Yes,Credit card (automatic),72.16,2285.36,No
1845-6550,Male,0,No,No,55,Yes,No,Fiber optic,No,No,No,No,Yes,No,Two year,Yes,Electronic check,94.64,5218.15,No
1846-4622,Female,0,Yes,No,67,No,No phone service,DSL,Yes,Yes,Yes,No,Yes,No,One year,No,Bank transfer (automatic),54.84,3719.84,No
1847-5880,Male,0,No,Yes,11,Yes,Yes,DSL,Yes,Yes,No,No,No,No,Month-to-month,No,Electronic check,58.44,530.97,No
1848-5688,Female,0,Yes,No,13,Yes,No,Fiber optic,No,Yes,No,Yes,Yes,No,Month-to-month,No,Mailed check,101.23,1350.69,No
1849-2487,Male,0,Yes,Yes,4,Yes,No,Fiber optic,Yes,Yes,No,No,Yes,Yes,Month-to-month,Yes,Bank transfer (automatic),107.71,316.98,No
1850-1736,Female,0,No,Yes,8,Yes,Yes,Fiber optic,Yes,No,Yes,No,Yes,Yes,One year,Yes,Electronic check,90.7,643.14,No
1851-3279,Female,0,No,No,28,Yes,Yes,No,No internet service,No internet service,No internet service,No internet service,No internet service,No internet service,Month-to-month,Yes,Mailed check,32.22,909.64,Yes
1852-5088,Female,0,No,No,22,Yes,No,DSL,No,Yes,No,Yes,Yes,Yes,Month-to-month,Yes,Electronic check,80.48,1724.13,No
1853-2442,Female,0,Yes,No,70,Yes,No,Fiber optic,No,No,Yes,No,Yes,Yes,Two year,Yes,Credit card (automatic),97.13,6753.0,No
1854-1959,Male,0,Yes,No,32,Yes,No,Fiber optic,Yes,No,Yes,Yes,No,Yes,Two year,No,Bank transfer (automatic),91.83,2943.98,Yes
1855-8666,Male,0,No,No,22,No,No phone service,DSL,No,Yes,No,No,No,Yes,Month-to-month,No,Electronic check,57.43,1261.67,No
1856-4374,Female,0,Yes,No,34,Yes,No,Fiber optic,No,Yes,No,No,Yes,Yes,One year,No,Credit card (automatic),109.81,3614.99,No
1857-6257,Female,0,No,Yes,52,Yes,Yes,Fiber optic,No,Yes,Yes,No,No,No,Month-to-month,Yes,Mailed check,92.67,4798.43,No
1858-5715,Male,1,Yes,Yes,24,Yes,No,Fiber optic,Yes,Yes,Yes,No,No,No,Month-to-month,Yes,Bank transfer (automatic),78.96,1965.2,Yes
1859-7615,Male,0,Yes,No,10,Yes,No,DSL,No,Yes,Yes,No,Yes,Yes,Month-to-month,No,Electronic check,82.01,840.2,Yes
1860-7657,Male,0,Yes,No,30,Yes,No,DSL,No,No,No,No,No,No,Two year,No,Bank transfer (automatic),53.49,1768.54,No
1861-3663,Male,1,Yes,No,45,Yes,Yes,DSL,Yes,No,No,No,No,No,Month-to-month,Yes,Credit card (automatic),56.4,2577.71,No
1862-8630,Male,0,Yes,Yes,23,Yes,No,No,No internet service,No internet service,No internet service,No internet service,No internet service,No internet service,One year,Yes,Electronic check,28.74,786.0,No
1863-4340,Male,0,No,No,42,Yes,No,DSL,No,Yes,No,Yes,Yes,Yes,Two year,Yes,Electronic check,64.26,2593.37,No
1864-8516,Male,0,No,Yes,23,Yes,Yes,DSL,No,Yes,Yes,No,No,No,One year,No,Bank transfer (automatic),39.35,897.21,No
1865-4643,Female,0,Yes,No,66,Yes,No,Fiber optic,Yes,Yes,No,Yes,Yes,Yes,Month-to-month,No,Bank transfer (automatic),93.24,6063.82,No
1866-1998,Male,0,No,No,64,Yes,Yes,No,No internet service,No internet service,No internet service,No internet service,No internet service,No internet service,One year,No,Bank transfer (automatic),34.82,2164.91,No
1867-7839,Female,0,Yes,Yes,52,Yes,No,DSL,No,No,No,No,Yes,Yes,Month-to-month,Yes,Mailed check,80.66,4332.36,No
1868-1271,Female,0,Yes,No,61,Yes,No,Fiber optic,No,Yes,No,No,Yes,No,Month-to-month,No,Mailed check,89.41,5311.56,No
1869-7950,Male,0,No,No,8,Yes,No,DSL,Yes,Yes,No,Yes,No,No,Two year,No,Bank transfer (automatic),66.64,608.83,No
1870-1388,Female,0,No,No,47,Yes,No,DSL,Yes,Yes,Yes,Yes,Yes,No,Two year,Yes,Mailed check,66.49,3163.61,No
1871-2861,Male,0,No,No,29,Yes,No,No,No internet service,No internet service,No internet service,No internet service,No internet service,No internet service,Month-to-month,No,Mailed check,28.43,877.33,No
1872-6429,Male,0,Yes,Yes,56,Yes,Yes,Fiber optic,No,No,Yes,No,Yes,Yes,One year,No,Electronic check,93.45,5207.74,No
1873-9472,Female,0,Yes,Yes,0,Yes,No,Fiber optic,No,No,Yes,No,Yes,No,Two year,Yes,Bank transfer (automatic),99.31,,No
1874-4675,Female,0,No,Yes,13,Yes,No,DSL,Yes,Yes,No,Yes,Yes,Yes,Month-to-month,No,Mailed check,67.51,891.96,No
1875-2085,Male,1,No,Yes,17,Yes,No,Fiber optic,No,Yes,No,Yes,Yes,Yes,One year,Yes,Bank transfer (automatic),95.8,1675.15,Yes
1876-3095,Male,0,No,No,40,Yes,Yes,DSL,Yes,No,Yes,Yes,Yes,Yes,Month-to-month,Yes,Electronic check,88.68,3385.79,No
1877-9064,Male,0,No,No,70,Yes,No,Fiber optic,No,No,No,No,No,Yes,Month-to-month,No,Electronic check,84.61,5830.26,No
1878-7539,Female,0,Yes,No,65,Yes,No,Fiber optic,No,Yes,Yes,Yes,Yes,Yes,Month-to-month,Yes,Bank transfer (automatic),101.0,6530.71,No
1879-1903,Male,0,No,No,33,Yes,No,Fiber optic,No,No,No,Yes,No,Yes,Month-to-month,Yes,Electronic check,84.28,2825.53,No
1880-4463,Female,0,No,No,0,Yes,Yes,Fiber optic,Yes,No,No,No,No,No,Month-to-month,Yes,Electronic check,91.51,,No
1881-3380,Female,0,Yes,Yes,63,No,No phone service,DSL,No,Yes,No,No,No,No,One year,No,Credit card (automatic),55.72,3369.0,No
1882-2600,Female,0,Yes,Yes,41,Yes,Yes,Fiber optic,No,No,No,Yes,No,Yes,Month-to-month,Yes,Bank transfer (automatic),88.21,3619.73,No
1883-8617,Female,0,No,No,1,Yes,No,No,No internet service,No internet service,No internet service,No internet service,No internet service,No internet service,Two year,Yes,Mailed check,29.45,0.0,No
1884-6558,Male,1,Yes,No,47,Yes,No,No,No internet service,No internet service,No internet service,No internet service,No internet service,No internet service,Month-to-month,No,Bank transfer (automatic),31.51,1496.69,No
1885-2615,Male,0,No,Yes,64,Yes,Yes,DSL,No,No,No,No,No,No,One year,No,Credit card (automatic),52.55,3330.65,No
1886-6855,Female,0,No,No,63,Yes,Yes,DSL,Yes,No,Yes,No,Yes,No,Two year,No,Electronic check,60.63,3861.38,No
1887-4721,Male,0,Yes,Yes,64,Yes,No,Fiber optic,No,Yes,No,No,Yes,Yes,Two year,Yes,Electronic check,105.39,6621.84,No
1888-1553,Female,0,No,No,71,Yes,Yes,Fiber optic,Yes,No,Yes,Yes,Yes,No,Two year,Yes,Bank transfer (automatic),80.67,5675.33,No
1889-5048,Male,0,No,No,47,Yes,No,No,No internet service,No internet service,No internet service,No internet service,No internet service,No internet service,Month-to-month,Yes,Electronic check,25.5,1166.17,No
1890-2666,Female,1,Yes,Yes,44,Yes,Yes,Fiber optic,No,Yes,No,No,No,Yes,Month-to-month,Yes,Electronic check,76.82,3449.25,No
1891-3207,Female,0,No,No,8,Yes,Yes,Fiber optic,No,No,No,No,No,Yes,Two year,No,Credit card (automatic),101.03,761.5,No
1892-8910,Male,1,Yes,No,46,Yes,No,DSL,No,No,No,No,No,No,Month-to-month,Yes,Electronic check,58.15,2670.54,No
1893-7391,Male,0,No,No,63,Yes,No,No,No internet service,No internet service,No internet service,No internet service,No internet service,No internet service,Two year,Yes,Mailed check,18.32,1064.06,No
1894-2206,Male,0,Yes,No,59,Yes,No,DSL,No,No,No,No,No,No,One year,Yes,Mailed check,42.07,2519.25,No
1895-8661,Male,0,Yes,No,65,Yes,No,No,No internet service,No internet service,No internet service,No internet service,No internet service,No internet service,Month-to-month,Yes,Bank transfer (automatic),30.1,2003.63,No
1896-6168,Female,1,No,Yes,12,Yes,No,No,No internet service,No internet service,No internet service,No internet service,No internet service,No internet service,Month-to-month,Yes,Electronic check,27.15,311.01,No
1897-8870,Female,0,Yes,Yes,14,Yes,No,DSL,Yes,No,Yes,No,Yes,No,Two year,Yes,Bank transfer (automatic),69.61,919.41,No
1898-7722,Male,0,Yes,No,62,Yes,No,Fiber optic,Yes,No,Yes,No,Yes,Yes,Month-to-month,No,Bank transfer (automatic),84.46,5183.77,No
1899-4053,Male,0,Yes,No,68,Yes,No,DSL,No,No,Yes,Yes,No,No,One year,Yes,Mailed check,46.98,3165.43,No
1900-5813,Female,0,No,Yes,38,Yes,Yes,DSL,No,No,No,Yes,No,No,Month-to-month,No,Electronic check,53.72,2079.51,No
1901-5777,Female,0,No,No,64,Yes,No,Fiber optic,No,No,Yes,No,Yes,No,One year,Yes,Bank transfer (automatic),75.82,4820.42,No
1902-7478,Male,0,Yes,No,49,Yes,No,No,No internet service,No internet service,No internet service,No internet service,No internet service,No internet service,Two year,No,Credit card (automatic),29.3,1524.52,No
1903-3235,Female,0,Yes,Yes,14,Yes,No,Fiber optic,No,No,No,No,No,No,Two year,Yes,Credit card (automatic),101.31,1401.98,No
1904-3997,Female,0,Yes,Yes,36,Yes,Yes,DSL,No,No,No,Yes,Yes,Yes,Two year,No,Electronic check,79.7,2774.98,No
1905-3202,Male,0,No,No,28,Yes,Yes,Fiber optic,No,No,Yes,No,Yes,No,Two year,Yes,Electronic check,80.65,2393.39,No
1906-3664,Female,0,Yes,Yes,57,Yes,No,Fiber optic,No,No,Yes,No,Yes,Yes,Two year,No,Bank transfer (automatic),94.27,5314.24,No
1907-2451,Female,0,No,No,24,No,No phone service,DSL,No,Yes,Yes,No,No,Yes,One year,Yes,Electronic check,48.64,1090.8,No
1908-1328,Male,0,No,No,12,Yes,No,DSL,No,No,No,Yes,Yes,Yes,Month-to-month,Yes,Bank transfer (automatic),82.44,953.8,No
1909-9459,Female,0,No,Yes,36,Yes,Yes,DSL,No,No,Yes,No,Yes,No,Month-to-month,No,Credit card (automatic),53.58,2018.63,No
1910-1668,Male,1,No,No,36,Yes,No,Fiber optic,Yes,No,No,No,Yes,No,Month-to-month,No,Mailed check,99.06,3635.77,No
1911-8991,Male,0,Yes,Yes,64,Yes,No,Fiber optic,No,Yes,No,No,No,Yes,One year,Yes,Credit card (automatic),91.69,5908.31,No
1912-1027,Female,0,No,No,0,Yes,Yes,Fiber optic,No,No,Yes,Yes,Yes,No,Month-to-month,No,Electronic check,91.17,,Yes
1913-7995,Male,0,Yes,Yes,63,Yes,Yes,DSL,Yes,No,Yes,Yes,Yes,No,Month-to-month,No,Electronic check,71.85,4549.64,No
1914-3955,Male,0,No,No,15,No,No phone service,No,No internet service,No internet service,No internet service,No internet service,No internet service,No internet service,Month-to-month,Yes,Mailed check,18.25,293.88,No
1915-5658,Female,0,Yes,No,12,Yes,No,Fiber optic,No,No,No,No,No,Yes,Month-to-month,Yes,Credit card (automatic),107.55,1321.87,Yes
1916-3539,Male,0,Yes,No,30,Yes,Yes,DSL,No,Yes,No,Yes,Yes,No,Two year,No,Credit card (automatic),66.97,1975.45,No
1917-5414,Female,0,Yes,Yes,40,Yes,No,No,No internet service,No internet service,No internet service,No internet service,No internet service,No internet service,Two year,Yes,Credit card (automatic),27.54,1031.07,No
1918-5063,Female,0,Yes,No,67,Yes,Yes,Fiber optic,No,No,Yes,No,No,No,Month-to-month,Yes,Credit card (automatic),84.84,5740.24,No
1919-5767,Male,0,No,No,38,No,No phone service,Fiber optic,Yes,No,Yes,Yes,Yes,Yes,Two year,Yes,Electronic check,99.84,3707.24,Yes
1920-4539,Male,0,No,No,10,Yes,No,DSL,Yes,Yes,No,No,No,Yes,One year,No,Credit card (automatic),68.8,684.19,No
1921-5828,Male,0,Yes,No,32,Yes,No,DSL,Yes,Yes,No,Yes,No,Yes,Month-to-month,No,Credit card (automatic),62.28,1935.18,No
1922-8428,Male,0,No,No,67,Yes,Yes,Fiber optic,Yes,No,No,No,Yes,No,Two year,Yes,Bank transfer (automatic),96.29,6382.43,No
1923-4910,Male,0,No,No,52,Yes,No,No,No internet service,No internet service,No internet service,No internet service,No internet service,No internet service,Two year,Yes,Credit card (automatic),28.46,1525.81,No
1924-4252,Female,0,Yes,No,15,Yes,Yes,Fiber optic,Yes,No,Yes,No,Yes,No,One year,Yes,Electronic check,101.73,1543.68,Yes
1925-2185,Female,1,Yes,No,47,Yes,No,DSL,Yes,No,No,No,No,No,One year,Yes,Mailed check,63.96,3098.96,No
1926-4237,Male,0,No,No,53,Yes,Yes,Fiber optic,Yes,Yes,Yes,Yes,No,No,Two year,No,Electronic check,66.34,3481.57,No
1927-2130,Male,1,Yes,No,20,Yes,No,Fiber optic,Yes,Yes,Yes,No,No,No,Month-to-month,No,Mailed check,71.8,1472.62,No
1928-2642,Female,0,No,No,38,Yes,Yes,DSL,No,Yes,No,No,No,Yes,One year,No,Electronic check,64.72,2393.24,No
1929-9569,Female,0,Yes,Yes,25,Yes,No,No,No internet service,No internet service,No internet service,No internet service,No internet service,No internet service,Month-to-month,Yes,Electronic check,34.01,869.35,No
1930-1804,Male,0,Yes,No,13,Yes,No,Fiber optic,No,Yes,No,No,No,Yes,Two year,No,Electronic check,92.91,1111.69,Yes
1931-5337,Female,0,No,No,64,Yes,Yes,Fiber optic,Yes,No,Yes,No,No,Yes,Two year,No,Electronic check,97.19,6153.91,No
1932-8507,Female,0,No,No,23,Yes,No,DSL,Yes,No,No,No,No,No,Month-to-month,Yes,Electronic check,52.56,1237.4,No
1933-9577,Male,0,No,No,23,Yes,Yes,DSL,No,No,No,No,Yes,Yes,Month-to-month,Yes,Credit card (automatic),74.38,1574.23,No
1934-2320,Female,1,Yes,No,7,Yes,No,Fiber optic,Yes,No,No,No,No,Yes,One year,Yes,Credit card (automatic),102.18,805.17,Yes
1935-2472,Male,0,No,Yes,32,Yes,No,Fiber optic,No,No,Yes,No,Yes,Yes,Month-to-month,No,Mailed check,106.35,3411.12,No
1936-4352,Male,0,No,No,46,Yes,Yes,Fiber optic,No,Yes,No,No,Yes,Yes,Month-to-month,No,Electronic check,89.02,4054.28,Yes
1937-5989,Male,0,No,No,71,Yes,Yes,Fiber optic,No,No,Yes,Yes,Yes,No,Month-to-month,Yes,Electronic check,100.57,7159.83,No
1938-9637,Male,0,No,Yes,56,Yes,No,Fiber optic,No,Yes,No,No,Yes,No,One year,Yes,Mailed check,79.65,4508.37,No
1939-2869,Male,0,No,Yes,62,Yes,Yes,Fiber optic,No,No,Yes,Yes,No,Yes,Month-to-month,No,Credit card (automatic),85.43,5448.25,No
1940-2479,Male,0,No,No,72,Yes,No,DSL,No,No,No,Yes,Yes,Yes,Two year,Yes,Bank transfer (automatic),80.7,5691.77,No
1941-3278,Female,0,No,No,51,Yes,Yes,Fiber optic,Yes,Yes,No,No,No,Yes,Month-to-month,Yes,Credit card (automatic),94.95,4789.69,Yes
1942-8868,Male,0,No,No,62,Yes,Yes,Fiber optic,Yes,No,No,No,Yes,No,Month-to-month,No,Bank transfer (automatic),99.01,6231.1,No
1943-1270,Male,0,No,No,22,Yes,No,Fiber optic,No,No,Yes,No,Yes,No,Two year,Yes,Electronic check,90.97,1982.68,No
1944-4420,Female,1,No,No,52,Yes,No,DSL,Yes,No,No,No,Yes,Yes,One year,Yes,Electronic check,75.47,3953.33,No
1945-2070,Female,0,No,Yes,45,Yes,No,No,No internet service,No internet service,No internet service,No internet service,No internet service,No internet service,Month-to-month,Yes,Bank transfer (automatic),33.63,1353.64,No
1946-2413,Female,0,Yes,No,32,Yes,Yes,DSL,No,No,Yes,No,No,No,Two year,No,Mailed check,66.42,2158.38,No
1947-9250,Female,1,Yes,No,46,Yes,No,No,No internet service,No internet service,No internet service,No internet service,No internet service,No internet service,Two year,No,Mailed check,30.69,1404.32,No
1948-1014,Female,0,Yes,No,52,Yes,Yes,No,No internet service,No internet service,No internet service,No internet service,No internet service,No internet service,Two year,No,Electronic check,27.16,1414.87,No
1949-3893,Male,0,No,No,30,Yes,Yes,Fiber optic,No,No,No,No,No,No,One year,Yes,Credit card (automatic),72.17,2177.77,No
1950-9237,Female,0,Yes,Yes,61,Yes,Yes,DSL,Yes,Yes,Yes,No,No,No,One year,Yes,Bank transfer (automatic),54.69,3245.61,No
1951-6472,Female,0,Yes,No,2,Yes,No,Fiber optic,No,Yes,Yes,No,No,No,Two year,No,Credit card (automatic),86.09,103.51,No
1952-1645,Female,1,No,No,23,Yes,No,DSL,No,Yes,No,No,No,Yes,One year,Yes,Mailed check,70.77,1731.6,No
1953-5184,Female,0,Yes,No,26,Yes,Yes,No,No internet service,No internet service,No internet service,No internet service,No internet service,No internet service,Month-to-month,Yes,Mailed check,32.11,808.17,No
1954-9737,Male,0,No,Yes,60,Yes,No,DSL,Yes,Yes,Yes,No,No,No,One year,Yes,Bank transfer (automatic),51.58,3249.13,No
1955-4603,Female,1,No,Yes,37,Yes,Yes,Fiber optic,Yes,Yes,Yes,No,Yes,No,Two year,Yes,Bank transfer (automatic),64.2,2462.88,No
1956-5757,Male,0,Yes,No,68,Yes,No,Fiber optic,No,Yes,No,No,No,Yes,Month-to-month,No,Credit card (automatic),92.69,6308.93,No
1957-5786,Female,1,Yes,No,69,No,No phone service,DSL,No,No,No,No,No,No,Month-to-month,Yes,Electronic check,43.34,2989.64,No
1958-6943,Female,0,No,No,33,Yes,No,Fiber optic,No,Yes,No,Yes,Yes,No,Two year,Yes,Electronic check,89.98,2956.4,No
1959-2684,Male,0,No,No,53,Yes,Yes,Fiber optic,No,Yes,No,Yes,No,No,Month-to-month,Yes,Mailed check,88.88,4681.93,No
1960-8556,Female,0,Yes,Yes,17,Yes,No,DSL,No,No,No,Yes,No,No,Month-to-month,Yes,Bank transfer (automatic),52.7,871.81,Yes
1961-9896,Male,0,Yes,No,7,Yes,No,DSL,No,Yes,No,No,No,Yes,Two year,Yes,Electronic check,56.87,580.33,No
1962-2282,Male,0,No,No,35,Yes,No,Fiber optic,No,No,Yes,No,No,No,One year,Yes,Credit card (automatic),86.42,3014.6,No
1963-8363,Male,0,No,Yes,22,Yes,Yes,Fiber optic,No,No,Yes,No,No,Yes,Month-to-month,Yes,Bank transfer (automatic),80.3,1855.98,No
1964-8351,Female,0,No,No,53,Yes,No,Fiber optic,No,No,No,No,Yes,No,Month-to-month,Yes,Bank transfer (automatic),81.09,4264.18,No
1965-7673,Female,0,Yes,Yes,38,Yes,Yes,DSL,No,Yes,No,No,No,Yes,Two year,Yes,Bank transfer (automatic),55.43,1975.34,No
1966-4337,Female,0,No,No,9,Yes,Yes,Fiber optic,No,Yes,Yes,Yes,Yes,No,Month-to-month,No,Mailed check,70.54,576.57,No
1967-5218,Female,0,No,No,32,Yes,No,DSL,No,No,Yes,No,No,Yes,Month-to-month,No,Bank transfer (automatic),63.11,2010.12,Yes
1968-8552,Female,0,Yes,Yes,29,Yes,No,DSL,No,Yes,No,No,No,No,Month-to-month,Yes,Electronic check,48.77,1398.34,No
1969-2375,Male,1,No,No,0,Yes,Yes,Fiber optic,Yes,No,Yes,No,No,No,Two year,No,Electronic check,87.66,,Yes
1970-8457,Female,0,No,No,39,Yes,No,Fiber optic,Yes,No,Yes,No,No,No,Two year,No,Credit card (automatic),76.92,2974.33,No
1971-9285,Male,1,No,Yes,68,Yes,No,Fiber optic,No,Yes,No,No,No,No,One year,No,Electronic check,66.19,4356.92,No
1972-7136,Female,1,No,No,65,Yes,No,DSL,No,No,No,No,Yes,Yes,One year,No,Credit card (automatic),56.76,3736.99,No
1973-4072,Female,0,Yes,No,65,Yes,No,Fiber optic,Yes,No,No,Yes,No,Yes,Month-to-month,Yes,Mailed check,89.18,5778.46,No
1974-6031,Male,0,No,No,65,Yes,Yes,DSL,Yes,No,Yes,No,Yes,No,Month-to-month,Yes,Electronic check,83.91,5427.19,No
1975-1450,Female,0,Yes,Yes,67,Yes,Yes,DSL,Yes,Yes,Yes,No,Yes,No,Two year,No,Electronic check,57.01,3832.66,No
1976-9385,Female,0,No,No,7,Yes,Yes,No,No internet service,No internet service,No internet service,No internet service,No internet service,No internet service,Two year,Yes,Electronic check,35.52,309.9,Yes
1977-4081,Male,0,Yes,Yes,31,Yes,No,No,No internet service,No internet service,No internet service,No internet service,No internet service,No internet service,One year,No,Bank transfer (automatic),30.38,991.82,No
1978-1513,Male,1,Yes,Yes,39,Yes,Yes,No,No internet service,No internet service,No internet service,No internet service,No internet service,No internet service,Month-to-month,No,Mailed check,27.79,1089.86,No
1979-8149,Male,1,No,Yes,60,No,No phone service,Fiber optic,No,No,No,No,Yes,No,Month-to-month,Yes,Credit card (automatic),83.91,5117.23,Yes
1980-6917,Male,0,Yes,Yes,27,Yes,No,DSL,No,No,No,No,Yes,Yes,Two year,Yes,Credit card (automatic),63.79,1770.37,No
1981-6603,Male,0,No,No,51,Yes,Yes,No,No internet service,No internet service,No internet service,No internet service,No internet service,No internet service,Two year,Yes,Electronic check,24.11,1157.48,No
1982-1486,Male,0,Yes,No,57,No,No phone service,Fiber optic,No,Yes,Yes,No,Yes,Yes,Month-to-month,No,Mailed check,87.55,4944.94,No
1983-7756,Male,0,Yes,No,37,Yes,No,No,No internet service,No internet service,No internet service,No internet service,No internet service,No internet service,One year,Yes,Electronic check,33.36,1213.35,No
1984-6735,Female,0,Yes,No,17,Yes,No,Fiber optic,Yes,Yes,Yes,No,No,No,Two year,Yes,Mailed check,75.89,1433.69,No
1985-8141,Male,0,Yes,Yes,5,Yes,No,Fiber optic,No,Yes,Yes,No,No,Yes,One year,Yes,Electronic check,74.41,379.73,Yes
1986-8445,Female,0,Yes,No,32,Yes,Yes,DSL,Yes,No,Yes,No,Yes,No,Month-to-month,Yes,Mailed check,63.04,1926.13,No
1987-2907,Female,0,Yes,No,12,Yes,No,DSL,No,No,No,No,Yes,Yes,Month-to-month,Yes,Electronic check,66.6,872.23,Yes
1988-2895,Female,1,No,Yes,47,Yes,No,Fiber optic,No,Yes,Yes,No,No,No,Two year,Yes,Bank transfer (automatic),71.21,3297.95,No
1989-9313,Male,0,No,No,17,Yes,No,No,No internet service,No internet service,No internet service,No internet service,No internet service,No internet service,Month-to-month,Yes,Electronic check,31.32,713.73,No
1990-5778,Female,1,Yes,Yes,64,Yes,No,Fiber optic,No,No,No,Yes,No,No,Two year,Yes,Mailed check,78.97,5080.97,No
1991-4941,Male,0,Yes,No,65,Yes,Yes,DSL,No,No,No,No,No,Yes,Month-to-month,No,Mailed check,53.76,3335.87,No
1992-3584,Female,0,Yes,No,61,Yes,No,Fiber optic,No,Yes,Yes,No,Yes,Yes,Two year,Yes,Mailed check,86.93,5283.36,Yes
1993-6750,Male,1,Yes,Yes,48,Yes,Yes,DSL,Yes,No,No,Yes,No,Yes,Two year,Yes,Mailed check,75.69,3616.01,No
1994-7784,Male,0,Yes,No,8,Yes,Yes,No,No internet service,No internet service,No internet service,No internet service,No internet service,No internet service,Month-to-month,No,Mailed check,31.89,229.78,No
1995-1020,Male,0,No,No,71,Yes,Yes,DSL,No,No,Yes,Yes,No,Yes,Two year,Yes,Electronic check,68.01,4896.19,No
1996-5973,Female,0,No,Yes,4,Yes,No,DSL,No,No,No,No,Yes,Yes,Month-to-month,Yes,Electronic check,53.68,253.92,No
1997-9939,Male,0,No,No,41,Yes,No,Fiber optic,No,No,Yes,No,Yes,Yes,Month-to-month,Yes,Bank transfer (automatic),81.14,3419.06,No
1998-3525,Female,0,No,No,58,Yes,No,Fiber optic,Yes,No,No,No,No,Yes,Month-to-month,No,Mailed check,92.01,5378.17,Yes
1999-3527,Male,0,No,Yes,6,Yes,No,Fiber optic,No,No,Yes,Yes,Yes,No,Month-to-month,Yes,Mailed check,95.75,606.7,Yes
2000-8902,Female,0,Yes,Yes,36,Yes,No,Fiber optic,Yes,Yes,Yes,Yes,No,Yes,Month-to-month,Yes,Credit card (automatic),103.13,3613.4,No
2001-1558,Male,0,Yes,No,34,Yes,No,No,No internet service,No internet service,No internet service,No internet service,No internet service,No internet service,Month-to-month,No,Mailed check,27.5,954.24,No
2002-4577,Male,0,No,No,14,Yes,No,Fiber optic,Yes,Yes,No,No,No,No,Two year,No,Electronic check,80.27,1169.53,No
2003-5123,Male,0,Yes,No,8,Yes,Yes,DSL,No,Yes,Yes,Yes,Yes,Yes,Two year,No,Bank transfer (automatic),75.05,633.25,No
2004-8180,Male,0,Yes,No,66,Yes,No,DSL,No,No,No,Yes,No,No,Month-to-month,Yes,Mailed check,49.81,3325.4,No
2005-2161,Female,1,No,No,65,Yes,No,Fiber optic,No,No,Yes,No,Yes,No,One year,Yes,Mailed check,95.95,6110.35,Yes
2006-4906,Male,0,Yes,No,6,Yes,Yes,Fiber optic,Yes,Yes,Yes,No,Yes,Yes,Month-to-month,Yes,Electronic check,106.53,660.51,Yes
2007-2370,Female,0,Yes,No,20,No,No phone service,Fiber optic,No,No,Yes,No,Yes,No,Two year,Yes,Electronic check,76.18,1486.48,No
2008-8087,Male,0,No,Yes,28,Yes,Yes,DSL,Yes,No,Yes,No,No,Yes,One year,Yes,Electronic check,69.42,1987.92,No
2009-6689,Female,1,Yes,Yes,14,Yes,Yes,DSL,Yes,No,No,No,No,Yes,One year,No,Electronic check,54.04,839.16,No
2010-5470,Male,0,Yes,Yes,4,Yes,No,DSL,No,No,Yes,No,Yes,Yes,Month-to-month,Yes,Bank transfer (automatic),71.47,348.81,No
2011-4535,Male,0,Yes,No,37,Yes,No,Fiber optic,No,Yes,No,No,No,Yes,Month-to-month,Yes,Electronic check,94.71,3484.6,No
2012-2378,Male,1,Yes,No,32,Yes,No,Fiber optic,Yes,No,No,No,Yes,No,Month-to-month,Yes,Mailed check,78.41,2442.4,No
2013-9295,Male,0,No,No,58,Yes,No,DSL,No,Yes,Yes,Yes,Yes,No,Two year,No,Bank transfer (automatic),68.87,3993.95,No
2014-6828,Female,1,No,No,21,Yes,No,Fiber optic,No,No,No,No,No,Yes,One year,Yes,Credit card (automatic),97.5,2036.26,Yes
2015-3872,Male,0,Yes,No,37,Yes,No,No,No internet service,No internet service,No internet service,No internet service,No internet service,No internet service,Month-to-month,No,Mailed check,32.82,1283.68,No
2016-4725,Male,0,Yes,Yes,22,Yes,No,DSL,No,Yes,No,Yes,No,No,Month-to-month,Yes,Electronic check,57.05,1329.63,No
2017-7534,Male,1,Yes,No,2,Yes,Yes,DSL,No,Yes,Yes,No,Yes,Yes,Two year,Yes,Credit card (automatic),83.4,221.8,No
2018-7475,Male,1,No,No,53,Yes,Yes,Fiber optic,No,No,No,No,Yes,Yes,Month-to-month,No,Bank transfer (automatic),97.43,5130.81,No
2019-5149,Male,0,Yes,No,54,Yes,Yes,DSL,No,Yes,Yes,No,Yes,No,Month-to-month,No,Mailed check,60.31,3328.42,No
2020-3725,Female,0,Yes,No,48,Yes,No,DSL,No,Yes,Yes,No,Yes,No,One year,Yes,Mailed check,74.49,3607.85,No
2021-6938,Male,0,No,Yes,2,Yes,Yes,No,No internet service,No internet service,No internet service,No internet service,No internet service,No internet service,One year,Yes,Credit card (automatic),27.34,0.0,No
2022-6923,Male,0,No,No,50,No,No phone service,Fiber optic,Yes,No,Yes,No,Yes,Yes,Month-to-month,Yes,Electronic check,76.28,3728.67,No
2023-6396,Male,0,No,No,44,Yes,No,Fiber optic,No,No,Yes,No,No,Yes,One year,Yes,Electronic check,90.84,3902.81,Yes
2024-1655,Female,0,No,No,32,Yes,No,No,No internet service,No internet service,No internet service,No internet service,No internet service,No internet service,Month-to-month,Yes,Electronic check,29.62,898.17,No
2025-5254,Male,0,No,No,45,Yes,Yes,DSL,No,Yes,Yes,No,No,No,One year,Yes,Electronic check,49.72,2299.51,No
2026-6524,Male,0,No,No,8,Yes,No,No,No internet service,No internet service,No internet service,No internet service,No internet service,No internet service,Month-to-month,Yes,Credit card (automatic),29.89,340.73,No
2027-9549,Female,0,No,Yes,15,Yes,No,No,No internet service,No internet service,No internet service,No internet service,No internet service,No internet service,Month-to-month,No,Credit card (automatic),27.94,397.11,No
2028-5729,Female,0,Yes,No,9,No,No phone service,Fiber optic,No,Yes,No,No,Yes,Yes,One year,Yes,Electronic check,90.42,806.51,Yes
2029-4084,Female,0,Yes,Yes,32,Yes,No,No,No internet service,No internet service,No internet service,No internet service,No internet service,No internet service,Month-to-month,Yes,Credit card (automatic),30.26,922.97,No
2030-6001,Male,0,Yes,Yes,65,Yes,Yes,No,No internet service,No internet service,No internet service,No internet service,No internet service,No internet service,Two year,No,Credit card (automatic),35.23,2305.92,No
2031-2594,Female,0,No,Yes,0,Yes,No,DSL,Yes,Yes,No,Yes,Yes,No,Month-to-month,No,Electronic check,63.01,,No
2032-1816,Male,0,No,No,32,Yes,Yes,DSL,Yes,No,No,No,No,Yes,Two year,Yes,Electronic check,64.0,2070.22,No
2033-7102,Male,0,No,No,20,Yes,Yes,Fiber optic,No,No,Yes,No,No,No,One year,No,Bank transfer (automatic),79.01,1676.63,No
2034-9874,Female,0,Yes,No,68,Yes,Yes,Fiber optic,No,No,Yes,No,No,No,Month-to-month,Yes,Electronic check,87.06,5903.69,No
2035-8613,Female,0,No,No,45,No,No phone service,Fiber optic,Yes,Yes,Yes,Yes,No,No,One year,Yes,Electronic check,68.92,3068.22,No
2036-6252,Female,0,Yes,Yes,16,Yes,Yes,DSL,Yes,Yes,Yes,Yes,Yes,Yes,One year,Yes,Bank transfer (automatic),70.06,1115.66,No
2037-1362,Male,0,Yes,No,20,Yes,Yes,DSL,No,No,No,No,No,Yes,Month-to-month,No,Credit card (automatic),64.14,1252.25,No
2038-9890,Female,0,No,No,42,Yes,Yes,DSL,Yes,No,No,Yes,Yes,No,Month-to-month,No,Electronic check,73.56,3112.55,No
2039-5046,Female,0,No,Yes,3,Yes,Yes,Fiber optic,No,Yes,Yes,No,Yes,No,Two year,Yes,Bank transfer (automatic),104.68,385.67,Yes
2040-3606,Female,0,No,No,4,Yes,No,DSL,No,No,No,No,No,No,Month-to-month,Yes,Bank transfer (automatic),62.53,160.23,Yes
2041-9031,Female,0,Yes,No,49,Yes,No,DSL,No,No,No,No,No,Yes,One year,Yes,Electronic check,65.84,3120.22,No
2042-7716,Male,0,Yes,No,58,Yes,No,No,No internet service,No internet service,No internet service,No internet service,No internet service,No internet service,Month-to-month,No,Electronic check,28.62,1604.86,No
2043-7745,Male,0,Yes,No,54,Yes,No,Fiber optic,No,No,Yes,No,No,No,Two year,Yes,Credit card (automatic),69.69,3798.03,No
2044-3499,Female,0,Yes,No,12,Yes,No,No,No internet service,No internet service,No internet service,No internet service,No internet service,No internet service,Month-to-month,No,Electronic check,31.8,426.31,No
2045-9925,Female,0,No,No,62,Yes,Yes,DSL,No,Yes,Yes,No,Yes,Yes,Month-to-month,Yes,Electronic check,62.67,4021.9,No
2046-5075,Female,0,Yes,No,16,Yes,No,Fiber optic,No,Yes,No,No,Yes,Yes,Month-to-month,Yes,Electronic check,106.3,1751.96,No
2047-5782,Male,0,Yes,Yes,63,Yes,No,Fiber optic,No,Yes,Yes,Yes,No,Yes,Month-to-month,No,Electronic check,82.87,5209.28,No
2048-7757,Female,0,Yes,No,21,Yes,No,No,No internet service,No internet service,No internet service,No internet service,No internet service,No internet service,One year,No,Mailed check,35.28,651.44,No
2049-6939,Male,0,No,No,36,No,No phone service,Fiber optic,No,No,No,Yes,No,Yes,Month-to-month,Yes,Electronic check,85.17,3068.21,Yes
2050-2550,Male,0,No,No,69,Yes,Yes,No,No internet service,No internet service,No internet service,No internet service,No internet service,No internet service,One year,Yes,Electronic check,26.83,1865.39,No
2051-3722,Female,0,Yes,No,29,Yes,Yes,DSL,Yes,Yes,No,No,No,No,One year,No,Credit card (automatic),49.76,1431.73,No
2052-4250,Female,0,Yes,Yes,48,No,No phone service,DSL,No,No,Yes,No,Yes,No,Month-to-month,Yes,Mailed check,47.27,2248.36,No
2053-9526,Female,0,No,No,42,Yes,No,No,No internet service,No internet service,No internet service,No internet service,No internet service,No internet service,Month-to-month,Yes,Mailed check,31.67,1358.35,No
2054-7429,Male,0,No,No,5,Yes,No,Fiber optic,Yes,Yes,Yes,No,No,Yes,One year,Yes,Electronic check,84.27,433.87,No
2055-4296,Female,0,Yes,No,57,Yes,No,DSL,No,Yes,Yes,No,No,No,Two year,Yes,Electronic check,56.3,3332.78,No
2056-7611,Female,1,Yes,Yes,26,Yes,No,DSL,Yes,Yes,No,Yes,Yes,Yes,Month-to-month,Yes,Mailed check,74.67,1898.73,Yes
2057-7645,Female,0,No,Yes,34,Yes,No,Fiber optic,No,No,No,No,No,No,Month-to-month,Yes,Bank transfer (automatic),73.36,2528.0,No
2058-4547,Female,0,No,No,22,Yes,Yes,DSL,No,No,No,No,No,No,Month-to-month,No,Electronic check,48.46,1039.34,No
2059-4627,Female,0,Yes,No,72,Yes,No,Fiber optic,No,No,No,Yes,Yes,No,Month-to-month,Yes,Credit card (automatic),80.58,5774.25,No
2060-9047,Male,0,Yes,No,40,Yes,No,DSL,No,No,Yes,No,Yes,No,Month-to-month,Yes,Credit card (automatic),66.07,2647.49,No
2061-6055,Female,0,Yes,No,46,Yes,No,DSL,Yes,No,No,Yes,No,No,Two year,Yes,Bank transfer (automatic),46.17,2230.37,No
2062-2345,Female,0,Yes,No,38,Yes,Yes,Fiber optic,No,No,Yes,No,Yes,No,Month-to-month,Yes,Bank transfer (automatic),93.83,3636.67,Yes
2063-7477,Female,0,Yes,Yes,22,Yes,No,DSL,Yes,No,No,No,No,Yes,Month-to-month,Yes,Electronic check,64.26,1323.21,No
2064-6305,Male,0,Yes,No,42,Yes,Yes,Fiber optic,Yes,Yes,No,No,Yes,No,Month-to-month,Yes,Mailed check,102.92,4342.46,Yes
2065-5579,Female,0,Yes,No,57,No,No phone service,DSL,No,Yes,Yes,No,Yes,No,One year,Yes,Mailed check,45.32,2445.61,No
2066-7525,Female,0,Yes,Yes,6,Yes,No,Fiber optic,Yes,Yes,No,No,Yes,Yes,Month-to-month,No,Electronic check,103.09,589.12,Yes
2067-9162,Female,1,No,No,11,Yes,No,Fiber optic,No,Yes,No,Yes,Yes,Yes,Month-to-month,Yes,Bank transfer (automatic),93.11,1107.23,Yes
2068-3973,Male,0,Yes,Yes,12,Yes,Yes,Fiber optic,No,No,No,Yes,No,No,Month-to-month,No,Electronic check,87.94,1015.9,Yes
2069-4773,Male,0,No,No,68,Yes,No,Fiber optic,No,No,No,No,No,No,One year,Yes,Electronic check,76.87,5182.92,No
2070-2705,Male,0,Yes,Yes,42,Yes,No,Fiber optic,No,No,No,No,Yes,No,Two year,Yes,Credit card (automatic),89.25,3899.38,No
2071-6822,Male,0,No,No,24,Yes,No,DSL,Yes,Yes,No,Yes,Yes,No,Month-to-month,Yes,Credit card (automatic),77.2,1888.68,No
2072-4624,Male,1,No,No,14,Yes,No,DSL,No,No,No,No,Yes,Yes,Month-to-month,Yes,Bank transfer (automatic),61.68,949.62,No
2073-4080,Female,0,No,Yes,50,Yes,Yes,Fiber optic,Yes,Yes,No,No,No,No,Two year,Yes,Electronic check,64.52,3326.27,No
2074-7268,Female,0,Yes,No,38,Yes,No,DSL,No,No,Yes,No,Yes,No,One year,No,Electronic check,48.69,1844.89,No
2075-4673,Female,0,Yes,No,45,Yes,Yes,Fiber optic,No,No,No,No,No,Yes,Two year,No,Electronic check,95.7,4383.01,No
2076-5178,Male,1,No,No,52,Yes,No,Fiber optic,Yes,No,No,No,No,No,Month-to-month,No,Bank transfer (automatic),81.55,4235.96,No
2077-4960,Male,0,Yes,No,6,No,No phone service,DSL,No,Yes,Yes,No,No,Yes,One year,No,Electronic check,51.42,298.98,No
2078-3326,Male,1,Yes,No,49,No,No phone service,DSL,Yes,No,No,No,Yes,No,Month-to-month,Yes,Mailed check,59.0,2924.03,No
2079-2132,Male,1,Yes,No,52,Yes,Yes,DSL,No,No,No,No,No,No,Month-to-month,No,Electronic check,53.29,2848.1,No
2080-8444,Female,0,No,No,20,Yes,No,DSL,No,No,No,No,No,No,Month-to-month,Yes,Electronic check,62.19,1233.01,Yes
2081-1825,Female,1,No,No,22,Yes,No,Fiber optic,Yes,Yes,Yes,Yes,Yes,Yes,Month-to-month,Yes,Bank transfer (automatic),94.7,2138.58,No
2082-3923,Female,1,Yes,No,43,Yes,Yes,DSL,Yes,Yes,No,Yes,No,No,One year,Yes,Credit card (automatic),53.18,2215.32,No
2083-7006,Male,0,No,No,27,Yes,No,Fiber optic,No,No,No,No,Yes,Yes,Month-to-month,Yes,Mailed check,87.7,2400.4,No
2084-2181,Male,0,No,No,67,Yes,No,DSL,No,Yes,Yes,No,Yes,No,One year,No,Bank transfer (automatic),70.47,4575.91,No
2085-6899,Female,0,Yes,No,7,Yes,Yes,No,No internet service,No internet service,No internet service,No internet service,No internet service,No internet service,Month-to-month,Yes,Electronic check,31.6,237.47,No
2086-7596,Female,0,Yes,No,12,Yes,Yes,Fiber optic,No,No,No,No,Yes,Yes,Month-to-month,Yes,Electronic check,94.2,1015.27,Yes
2087-6965,Male,0,Yes,No,59,Yes,Yes,No,No internet service,No internet service,No internet service,No internet service,No internet service,No internet service,Two year,Yes,Electronic check,33.05,2031.68,No
2088-3744,Male,0,No,No,49,Yes,No,Fiber optic,No,Yes,No,No,No,Yes,Two year,No,Credit card (automatic),97.04,4742.02,No
2089-1177,Male,0,No,No,62,Yes,Yes,DSL,Yes,No,No,No,Yes,Yes,Two year,No,Electronic check,75.68,4681.85,No
2090-8985,Male,0,No,No,1,Yes,No,Fiber optic,Yes,Yes,No,No,Yes,No,Month-to-month,Yes,Bank transfer (automatic),98.01,115.72,Yes
2091-3938,Female,0,No,Yes,9,Yes,No,Fiber optic,Yes,No,No,No,Yes,Yes,Month-to-month,Yes,Electronic check,102.45,889.76,Yes
2092-8244,Female,0,Yes,No,61,Yes,No,Fiber optic,No,Yes,Yes,Yes,No,No,Month-to-month,Yes,Bank transfer (automatic),90.11,5463.11,No
2093-2780,Male,0,No,Yes,59,Yes,No,No,No internet service,No internet service,No internet service,No internet service,No internet service,No internet service,Month-to-month,No,Credit card (automatic),34.32,2012.89,No
2094-2461,Male,0,No,No,60,Yes,Yes,DSL,Yes,Yes,No,Yes,No,Yes,Month-to-month,Yes,Bank transfer (automatic),85.03,5021.03,No
2095-8002,Male,0,No,Yes,65,Yes,No,DSL,No,Yes,No,Yes,No,Yes,One year,No,Electronic check,68.69,4327.75,No
2096-9456,Male,0,Yes,Yes,16,Yes,Yes,Fiber optic,No,Yes,No,No,No,No,One year,No,Mailed check,85.46,1325.96,No
2097-8744,Male,0,Yes,Yes,7,Yes,Yes,DSL,Yes,Yes,No,No,No,Yes,Two year,Yes,Mailed check,68.93,439.33,No
2098-7760,Female,1,Yes,Yes,21,No,No phone service,No,No internet service,No internet service,No internet service,No internet service,No internet service,No internet service,One year,Yes,Mailed check,18.25,237.67,No
2099-3219,Female,0,Yes,No,72,Yes,Yes,Fiber optic,No,Yes,Yes,No,No,Yes,Month-to-month,Yes,Electronic check,106.1,7668.46,No
2100-9217,Male,0,No,Yes,37,Yes,No,No,No internet service,No internet service,No internet service,No internet service,No internet service,No internet service,Two year,Yes,Credit card (automatic),31.88,1157.67,No
2101-7009,Male,0,No,Yes,0,Yes,No,DSL,No,No,Yes,No,No,No,Month-to-month,No,Electronic check,66.69,,No
2102-2549,Female,0,No,No,54,Yes,No,DSL,No,No,No,No,No,Yes,One year,Yes,Bank transfer (automatic),63.95,3453.25,No
2103-2164,Male,0,Yes,No,61,No,No phone service,Fiber optic,No,No,Yes,No,Yes,No,Month-to-month,No,Mailed check,77.61,4709.18,No
2104-8839,Female,0,Yes,No,8,Yes,No,DSL,No,Yes,Yes,No,No,No,Month-to-month,Yes,Credit card (automatic),63.26,508.86,No
2105-3476,Female,0,Yes,No,40,Yes,Yes,No,No internet service,No internet service,No internet service,No internet service,No internet service,No internet service,One year,No,Bank transfer (automatic),35.27,1282.31,No
2106-7892,Male,0,No,Yes,54,Yes,No,Fiber optic,Yes,Yes,No,No,Yes,Yes,One year,Yes,Credit card (automatic),95.01,5094.23,No
2107-2247,Male,0,No,No,69,Yes,Yes,Fiber optic,No,No,No,Yes,Yes,No,Month-to-month,Yes,Credit card (automatic),89.28,6223.04,Yes
2108-3524,Female,0,No,No,44,Yes,Yes,DSL,Yes,No,No,Yes,Yes,No,One year,No,Electronic check,75.15,3481.01,No
2109-3551,Female,0,No,No,24,Yes,Yes,Fiber optic,No,Yes,No,No,Yes,No,Month-to-month,No,Electronic check,74.36,1721.66,Yes
2110-3529,Male,1,No,No,66,Yes,Yes,Fiber optic,Yes,No,No,No,No,Yes,One year,Yes,Mailed check,100.72,6694.84,No
2111-7071,Male,0,Yes,No,26,Yes,Yes,Fiber optic,No,No,No,No,No,Yes,Two year,Yes,Electronic check,93.5,2399.5,No
2112-9228,Female,1,Yes,No,46,Yes,No,DSL,No,No,Yes,No,No,Yes,Month-to-month,No,Electronic check,59.42,2781.2,No
2113-9192,Male,0,Yes,No,61,Yes,No,Fiber optic,No,Yes,No,Yes,No,No,Month-to-month,No,Bank transfer (automatic),74.47,4562.25,No
2114-7673,Female,0,Yes,No,38,Yes,No,No,No internet service,No internet service,No internet service,No internet service,No internet service,No internet service,Month-to-month,Yes,Credit card (automatic),32.49,1122.14,No
2115-2822,Male,0,No,Yes,51,Yes,No,DSL,Yes,No,No,No,No,Yes,Month-to-month,Yes,Mailed check,72.71,3712.4,No
2116-9644,Female,0,Yes,No,61,Yes,No,DSL,No,Yes,No,No,No,No,Month-to-month,No,Electronic check,44.04,2702.25,No
2117-5878,Male,0,No,No,43,Yes,No,Fiber optic,No,No,No,No,Yes,No,Two year,Yes,Mailed check,105.15,4514.24,No
2118-5913,Male,1,No,No,30,No,No phone service,Fiber optic,No,No,No,No,No,No,Two year,Yes,Bank transfer (automatic),69.83,1968.03,No
2119-7311,Male,0,No,No,47,Yes,Yes,DSL,No,Yes,No,No,Yes,No,Month-to-month,No,Credit card (automatic),63.9,3001.16,No
2120-7921,Male,0,No,No,29,No,No phone service,DSL,No,No,No,No,No,No,One year,No,Electronic check,47.96,1372.17,No
2121-9575,Male,0,Yes,No,49,Yes,Yes,Fiber optic,No,Yes,No,No,Yes,Yes,Month-to-month,Yes,Electronic check,111.44,5457.08,No
2122-6240,Male,0,No,No,5,Yes,Yes,Fiber optic,No,No,No,No,Yes,No,Two year,Yes,Credit card (automatic),89.96,498.22,Yes
2123-6489,Male,0,Yes,Yes,3,Yes,No,Fiber optic,No,No,Yes,No,Yes,Yes,Month-to-month,No,Credit card (automatic),89.06,216.03,Yes
2124-7709,Male,0,No,No,34,Yes,No,DSL,Yes,No,No,Yes,No,No,Month-to-month,No,Bank transfer (automatic),53.06,1816.83,No
2125-3295,Male,0,No,Yes,8,Yes,No,Fiber optic,No,Yes,Yes,No,No,No,Month-to-month,Yes,Credit card (automatic),85.42,691.77,No
2126-3769,Male,0,Yes,No,53,Yes,Yes,DSL,No,No,No,Yes,Yes,No,One year,Yes,Electronic check,57.84,2974.69,No
2127-6628,Male,0,Yes,No,13,Yes,No,Fiber optic,Yes,No,No,Yes,Yes,No,One year,Yes,Credit card (automatic),97.76,1125.16,No
2128-1577,Male,0,No,No,36,Yes,Yes,Fiber optic,No,No,No,No,No,Yes,Two year,No,Bank transfer (automatic),81.24,2916.29,No
2129-3884,Female,0,No,No,12,Yes,No,Fiber optic,No,No,Yes,Yes,No,No,Month-to-month,Yes,Credit card (automatic),65.13,763.69,No
2130-7461,Male,0,No,No,67,Yes,No,DSL,No,Yes,Yes,No,No,No,Two year,Yes,Mailed check,58.89,3900.07,No
2131-9784,Female,1,Yes,No,61,Yes,No,DSL,No,Yes,No,No,No,No,Month-to-month,Yes,Credit card (automatic),51.83,3184.34,No
2132-5674,Male,1,No,No,0,Yes,No,Fiber optic,No,No,No,No,No,Yes,One year,No,Credit card (automatic),82.26,,No
2133-4596,Female,0,No,No,28,Yes,Yes,No,No internet service,No internet service,No internet service,No internet service,No internet service,No internet service,One year,Yes,Electronic check,31.12,822.45,No
2134-4962,Male,0,Yes,No,68,Yes,No,No,No internet service,No internet service,No internet service,No internet service,No internet service,No internet service,Month-to-month,Yes,Electronic check,32.23,2290.5,No
2135-7168,Female,0,No,Yes,35,Yes,No,No,No internet service,No internet service,No internet service,No internet service,No internet service,No internet service,One year,No,Electronic check,30.96,1028.67,No
2136-5899,Male,0,No,Yes,61,No,No phone service,Fiber optic,Yes,Yes,No,No,No,No,Month-to-month,Yes,Electronic check,61.54,3896.67,No
2137-1209,Male,0,No,No,6,Yes,No,No,No internet service,No internet service,No internet service,No internet service,No internet service,No internet service,Two year,Yes,Electronic check,29.97,237.53,No
2138-5852,Female,0,Yes,No,31,Yes,No,Fiber optic,No,Yes,Yes,No,No,No,Month-to-month,Yes,Credit card (automatic),69.18,2146.79,No
2139-4600,Male,0,Yes,No,63,Yes,No,No,No internet service,No internet service,No internet service,No internet service,No internet service,No internet service,Month-to-month,Yes,Bank transfer (automatic),26.81,1573.72,No
2140-7306,Female,1,No,No,14,Yes,No,Fiber optic,No,Yes,No,Yes,No,No,One year,No,Electronic check,80.23,1022.6,Yes
2141-8875,Male,0,No,Yes,0,Yes,No,Fiber optic,No,Yes,Yes,No,Yes,Yes,Two year,No,Credit card (automatic),88.67,,No
2142-9661,Male,1,Yes,No,53,Yes,Yes,DSL,No,No,Yes,No,No,Yes,Two year,No,Electronic check,53.51,2816.98,No
2143-6491,Female,0,No,No,6,Yes,No,Fiber optic,No,Yes,No,Yes,Yes,No,One year,No,Credit card (automatic),77.94,409.04,No
2144-4262,Female,0,Yes,No,21,Yes,Yes,Fiber optic,No,No,No,No,Yes,Yes,Two year,No,Electronic check,114.38,2442.44,No
2145-4995,Female,0,No,No,59,Yes,Yes,Fiber optic,Yes,Yes,No,No,Yes,No,One year,No,Mailed check,96.38,5683.66,No
2146-2587,Female,0,Yes,Yes,65,No,No phone service,Fiber optic,No,No,No,No,Yes,No,Month-to-month,Yes,Mailed check,81.53,5214.65,No
2147-9422,Female,0,Yes,No,9,Yes,No,No,No internet service,No internet service,No internet service,No internet service,No internet service,No internet service,Month-to-month,No,Mailed check,29.75,237.13,No
2148-8624,Male,0,No,No,36,Yes,No,No,No internet service,No internet service,No internet service,No internet service,No internet service,No internet service,Month-to-month,Yes,Mailed check,36.64,1300.1,No
2149-8685,Male,0,Yes,No,57,Yes,No,Fiber optic,No,Yes,No,Yes,Yes,Yes,Month-to-month,Yes,Electronic check,96.4,5541.47,No
2150-3952,Female,0,No,Yes,28,Yes,No,Fiber optic,No,No,No,No,Yes,Yes,Month-to-month,Yes,Credit card (automatic),95.88,2683.93,No
2151-3899,Female,0,No,No,25,Yes,No,Fiber optic,No,No,No,Yes,Yes,No,One year,No,Mailed check,83.34,2085.78,No
2152-8708,Female,0,Yes,No,39,Yes,No,Fiber optic,No,No,No,Yes,No,Yes,Month-to-month,Yes,Mailed check,93.32,3727.73,No
2153-5900,Male,0,No,No,56,Yes,Yes,No,No internet service,No internet service,No internet service,No internet service,No internet service,No internet service,Month-to-month,Yes,Electronic check,29.5,1518.94,Yes
2154-7341,Female,0,No,No,2,Yes,No,DSL,No,No,Yes,No,No,Yes,Two year,Yes,Electronic check,68.98,277.67,No
2155-5407,Female,0,No,Yes,3,Yes,Yes,No,No internet service,No internet service,No internet service,No internet service,No internet service,No internet service,Two year,No,Credit card (automatic),31.86,0.0,No
2156-4984,Female,0,No,Yes,7,No,No phone service,DSL,No,No,No,No,No,Yes,Month-to-month,No,Electronic check,63.67,334.1,Yes
2157-6689,Female,0,Yes,Yes,24,Yes,No,No,No internet service,No internet service,No internet service,No internet service,No internet service,No internet service,Month-to-month,Yes,Bank transfer (automatic),28.83,668.86,No
2158-8316,Male,1,Yes,Yes,20,Yes,Yes,Fiber optic,Yes,No,Yes,No,Yes,No,Month-to-month,No,Credit card (automatic),93.85,1820.01,Yes
2159-4006,Female,0,Yes,Yes,35,Yes,No,Fiber optic,Yes,No,No,No,No,Yes,Month-to-month,Yes,Bank transfer (automatic),71.51,2651.54,Yes
2160-8281,Male,0,No,Yes,21,Yes,Yes,DSL,No,No,Yes,Yes,No,No,One year,Yes,Bank transfer (automatic),51.88,1012.95,No
2161-3197,Male,0,Yes,No,45,Yes,Yes,DSL,Yes,No,Yes,Yes,No,Yes,Month-to-month,Yes,Mailed check,57.6,2531.71,No
2162-4625,Male,1,Yes,No,23,Yes,Yes,DSL,No,Yes,Yes,No,No,No,One year,Yes,Mailed check,68.02,1556.47,Yes
2163-9213,Female,0,No,No,61,Yes,No,Fiber optic,No,No,No,No,Yes,Yes,Two year,No,Mailed check,96.78,6028.49,No
2164-9589,Male,0,Yes,No,22,Yes,Yes,Fiber optic,Yes,No,No,No,No,Yes,Month-to-month,Yes,Mailed check,104.34,2384.31,Yes
2165-9313,Female,0,No,Yes,17,Yes,No,DSL,No,No,No,No,No,Yes,Month-to-month,No,Electronic check,53.13,919.59,No
2166-3844,Male,0,Yes,No,62,Yes,No,Fiber optic,No,No,Yes,Yes,No,No,Two year,No,Electronic check,97.46,5941.93,No
2167-8589,Male,1,Yes,No,48,Yes,No,DSL,Yes,No,No,No,Yes,No,Month-to-month,Yes,Bank transfer (automatic),76.16,3514.31,Yes
2168-9423,Female,0,Yes,Yes,3,Yes,No,Fiber optic,Yes,No,Yes,No,Yes,No,Month-to-month,No,Bank transfer (automatic),74.98,146.3,No
2169-9802,Male,0,Yes,No,11,No,No phone service,DSL,No,Yes,Yes,No,No,No,Two year,Yes,Electronic check,28.66,156.69,No
2170-1188,Male,0,No,No,3,Yes,Yes,Fiber optic,Yes,No,Yes,No,No,Yes,Month-to-month,Yes,Bank transfer (automatic),89.39,168.46,Yes
2171-7704,Male,0,Yes,No,58,Yes,No,Fiber optic,No,No,Yes,Yes,No,Yes,One year,Yes,Credit card (automatic),80.11,4491.78,No
2172-9969,Female,0,No,No,45,Yes,No,DSL,No,No,Yes,No,Yes,Yes,Month-to-month,Yes,Electronic check,82.65,3747.9,No
2173-7881,Male,1,No,Yes,68,Yes,Yes,DSL,No,Yes,Yes,No,Yes,Yes,Two year,Yes,Credit card (automatic),64.6,4291.45,No
2174-3098,Female,1,Yes,Yes,23,Yes,Yes,Fiber optic,No,Yes,Yes,Yes,Yes,Yes,One year,No,Electronic check,88.44,2112.25,No
2175-7862,Female,0,No,Yes,3,Yes,No,No,No internet service,No internet service,No internet service,No internet service,No internet service,No internet service,Month-to-month,No,Mailed check,25.86,87.49,No
2176-1947,Male,0,No,No,33,Yes,Yes,DSL,No,No,No,No,Yes,Yes,Month-to-month,Yes,Electronic check,68.38,2252.7,No
2177-5324,Female,1,Yes,No,5,Yes,Yes,Fiber optic,Yes,No,No,Yes,No,Yes,Month-to-month,Yes,Electronic check,89.81,501.51,Yes
2178-6635,Male,0,No,No,10,Yes,Yes,Fiber optic,Yes,No,No,No,No,Yes,Two year,No,Electronic check,82.65,791.88,No
2179-5107,Female,0,Yes,No,57,Yes,Yes,DSL,No,No,No,No,No,Yes,Month-to-month,Yes,Electronic check,63.59,3630.73,No
2180-7297,Female,0,No,No,27,Yes,No,DSL,No,Yes,No,No,Yes,No,One year,Yes,Mailed check,57.0,1464.86,Yes
2181-3161,Female,0,Yes,Yes,64,Yes,Yes,Fiber optic,No,No,No,No,Yes,No,Month-to-month,No,Bank transfer (automatic),94.21,6108.79,No
2182-6455,Male,0,No,No,37,Yes,No,DSL,No,No,Yes,No,Yes,Yes,Month-to-month,No,Electronic check,59.64,2313.27,No
2183-6802,Male,1,No,Yes,47,Yes,Yes,Fiber optic,No,No,No,No,Yes,No,Month-to-month,Yes,Bank transfer (automatic),92.62,4315.8,No
2184-6703,Female,0,No,No,60,Yes,No,No,No internet service,No internet service,No internet service,No internet service,No internet service,No internet service,Month-to-month,Yes,Electronic check,28.41,1807.16,No
2185-3603,Male,0,No,No,33,Yes,No,No,No internet service,No internet service,No internet service,No internet service,No internet service,No internet service,Month-to-month,Yes,Electronic check,28.26,927.44,No
2186-3748,Female,0,Yes,No,23,Yes,No,Fiber optic,Yes,No,No,Yes,Yes,Yes,Month-to-month,No,Bank transfer (automatic),86.43,2043.9,Yes
2187-3320,Male,0,No,No,56,Yes,No,DSL,No,No,No,Yes,No,Yes,One year,No,Electronic check,53.3,2978.04,No
2188-5155,Female,0,Yes,No,60,Yes,No,Fiber optic,No,No,No,No,Yes,No,One year,No,Mailed check,74.11,4428.36,No
2189-6273,Male,0,Yes,Yes,21,Yes,Yes,DSL,Yes,No,Yes,No,No,Yes,Month-to-month,Yes,Credit card (automatic),65.77,1340.85,No
2190-4262,Female,1,Yes,No,60,Yes,Yes,Fiber optic,No,No,Yes,Yes,Yes,Yes,Month-to-month,Yes,Mailed check,93.36,5645.31,No
2191-4689,Female,0,No,No,72,No,No phone service,DSL,No,No,No,No,No,No,Month-to-month,Yes,Mailed check,47.92,3352.3,No
2192-3577,Male,0,No,Yes,14,Yes,No,DSL,Yes,No,No,Yes,No,No,Month-to-month,Yes,Bank transfer (automatic),55.93,799.5,Yes
2193-2969,Male,0,Yes,Yes,61,Yes,Yes,DSL,Yes,Yes,Yes,Yes,No,No,Month-to-month,Yes,Electronic check,59.63,3717.41,No
2194-6916,Female,0,No,No,6,Yes,No,DSL,Yes,No,No,No,No,No,One year,No,Credit card (automatic),49.81,215.6,No
2195-8343,Male,0,No,No,64,Yes,No,Fiber optic,No,Yes,No,No,Yes,Yes,One year,Yes,Electronic check,100.16,6472.02,No
2196-3616,Male,1,Yes,No,65,Yes,No,No,No internet service,No internet service,No internet service,No internet service,No internet service,No internet service,Month-to-month,Yes,Electronic check,26.08,1785.43,No
2197-8744,Female,0,Yes,No,62,Yes,No,Fiber optic,Yes,Yes,No,No,Yes,No,Month-to-month,No,Electronic check,82.47,5044.93,No
2198-6138,Female,0,No,Yes,25,Yes,No,DSL,Yes,No,Yes,No,Yes,No,Two year,Yes,Bank transfer (automatic),87.32,2159.87,No
2199-2509,Male,0,No,Yes,68,No,No phone service,Fiber optic,No,No,Yes,Yes,Yes,No,One year,No,Bank transfer (automatic),71.02,4770.02,No
2200-4293,Male,0,Yes,No,40,Yes,Yes,Fiber optic,No,Yes,Yes,Yes,Yes,No,Month-to-month,Yes,Electronic check,101.4,4066.49,No
2201-1067,Male,0,No,Yes,4,Yes,No,No,No internet service,No internet service,No internet service,No internet service,No internet service,No internet service,Month-to-month,No,Mailed check,27.06,18.63,No
2202-1352,Male,0,Yes,No,62,Yes,No,Fiber optic,Yes,No,No,No,No,Yes,Two year,Yes,Electronic check,96.18,6030.93,No
2203-4024,Male,0,No,No,66,No,No phone service,DSL,No,No,No,Yes,Yes,No,One year,Yes,Mailed check,51.05,3316.52,No
2204-5089,Male,0,Yes,No,22,Yes,Yes,Fiber optic,No,No,Yes,No,No,Yes,Month-to-month,Yes,Mailed check,101.71,2149.55,Yes
2205-8176,Male,0,Yes,Yes,18,No,No phone service,DSL,Yes,No,No,Yes,Yes,Yes,Two year,Yes,Bank transfer (automatic),57.18,1064.24,No
2206-2208,Female,0,Yes,No,41,Yes,No,Fiber optic,No,No,Yes,No,No,No,Month-to-month,Yes,Mailed check,82.73,3307.96,No
2207-8551,Male,0,No,No,26,Yes,Yes,No,No internet service,No internet service,No internet service,No internet service,No internet service,No internet service,Month-to-month,No,Credit card (automatic),29.67,766.73,No
2208-3110,Male,0,Yes,Yes,46,Yes,No,No,No internet service,No internet service,No internet service,No internet service,No internet service,No internet service,Two year,Yes,Electronic check,32.21,1569.2,No
2209-2244,Female,0,Yes,No,27,Yes,Yes,DSL,No,Yes,No,No,No,Yes,Month-to-month,No,Bank transfer (automatic),41.6,1191.28,No
2210-7298,Male,0,Yes,No,15,Yes,No,Fiber optic,No,Yes,Yes,No,No,Yes,Month-to-month,Yes,Bank transfer (automatic),91.68,1456.27,Yes
2211-7968,Male,0,No,No,16,Yes,Yes,DSL,No,Yes,Yes,Yes,Yes,No,Two year,No,Bank transfer (automatic),63.07,985.87,No
2212-6443,Female,0,Yes,Yes,48,Yes,No,DSL,No,Yes,No,No,No,Yes,Two year,No,Credit card (automatic),68.05,3260.77,No
2213-2041,Female,0,Yes,No,32,Yes,Yes,No,No internet service,No internet service,No internet service,No internet service,No internet service,No internet service,Month-to-month,Yes,Bank transfer (automatic),30.0,996.14,No
2214-2037,Female,1,Yes,No,1,Yes,No,No,No internet service,No internet service,No internet service,No internet service,No internet service,No internet service,Two year,No,Electronic check,34.45,9.71,No
2215-4510,Female,0,No,Yes,36,Yes,Yes,DSL,Yes,No,Yes,Yes,No,Yes,Month-to-month,Yes,Electronic check,64.51,2366.97,No
2216-5054,Female,0,Yes,No,57,Yes,No,Fiber optic,No,No,No,No,No,No,One year,Yes,Electronic check,82.63,4601.71,Yes
2217-9986,Female,1,Yes,Yes,10,Yes,No,DSL,No,Yes,Yes,No,Yes,No,One year,No,Electronic check,67.81,672.12,No
2218-3577,Female,0,No,No,17,Yes,Yes,Fiber optic,Yes,No,Yes,No,No,Yes,Month-to-month,No,Credit card (automatic),101.16,1812.48,Yes
2219-2733,Female,0,No,Yes,26,Yes,Yes,No,No internet service,No internet service,No internet service,No internet service,No internet service,No internet service,Two year,Yes,Electronic check,34.2,861.18,No
2220-9512,Female,1,No,Yes,67,Yes,No,No,No internet service,No internet service,No internet service,No internet service,No internet service,No internet service,Month-to-month,Yes,Electronic check,28.64,1920.57,No
2221-2385,Male,0,Yes,No,25,Yes,No,Fiber optic,No,No,No,No,Yes,No,Month-to-month,No,Electronic check,70.2,1931.25,No
2222-1237,Female,0,No,Yes,61,Yes,Yes,Fiber optic,No,No,Yes,Yes,No,No,Month-to-month,Yes,Mailed check,89.41,5403.48,No
2223-4804,Male,0,No,Yes,49,Yes,Yes,Fiber optic,Yes,No,No,No,Yes,No,One year,No,Credit card (automatic),93.9,4591.79,No
2224-4609,Female,1,No,Yes,72,Yes,No,No,No internet service,No internet service,No internet service,No internet service,No internet service,No internet service,Month-to-month,Yes,Electronic check,25.41,1681.51,No
2225-6576,Male,1,No,No,42,Yes,No,DSL,No,No,No,No,No,Yes,One year,Yes,Credit card (automatic),78.28,3318.87,Yes
2226-8898,Male,1,No,Yes,23,Yes,No,DSL,No,No,Yes,No,Yes,Yes,One year,Yes,Credit card (automatic),56.62,1353.87,No
2227-9395,Male,0,No,No,52,Yes,No,Fiber optic,No,No,Yes,No,Yes,Yes,Month-to-month,Yes,Mailed check,97.85,5134.9,No
2228-3606,Female,0,Yes,No,6,Yes,Yes,Fiber optic,Yes,Yes,No,No,No,Yes,Month-to-month,Yes,Bank transfer (automatic),97.48,720.74,Yes
2229-9826,Male,1,No,No,57,Yes,Yes,DSL,No,Yes,Yes,No,No,No,Month-to-month,No,Electronic check,57.62,3328.18,No
2230-6693,Female,0,No,No,17,Yes,Yes,Fiber optic,No,No,No,Yes,Yes,Yes,Month-to-month,Yes,Bank transfer (automatic),81.06,1372.53,No
2231-1626,Female,0,No,Yes,48,Yes,No,DSL,Yes,No,No,No,No,No,Month-to-month,No,Credit card (automatic),68.81,3362.14,No
2232-9445,Male,0,Yes,No,42,Yes,Yes,No,No internet service,No internet service,No internet service,No internet service,No internet service,No internet service,Month-to-month,Yes,Electronic check,29.0,1179.99,No
2233-2241,Female,1,Yes,No,17,Yes,No,DSL,Yes,No,No,No,No,No,Two year,Yes,Bank transfer (automatic),54.99,983.56,No
2234-6296,Female,0,No,No,35,Yes,Yes,No,No internet service,No internet service,No internet service,No internet service,No internet service,No internet service,Two year,No,Electronic check,33.29,1393.9,No
2235-8115,Male,0,No,No,36,Yes,Yes,No,No internet service,No internet service,No internet service,No internet service,No internet service,No internet service,One year,Yes,Electronic check,33.37,1364.57,No
2236-3244,Female,1,Yes,No,55,Yes,No,Fiber optic,No,No,No,Yes,Yes,Yes,Month-to-month,No,Electronic check,100.27,5644.62,No
2237-3435,Male,1,No,No,34,Yes,No,DSL,Yes,No,Yes,Yes,No,Yes,Month-to-month,Yes,Electronic check,69.37,2389.51,No
2238-5285,Female,1,Yes,No,4,Yes,No,No,No internet service,No internet service,No internet service,No internet service,No internet service,No internet service,Month-to-month,Yes,Credit card (automatic),28.34,43.95,No
2239-8962,Female,0,No,No,5,Yes,Yes,Fiber optic,Yes,Yes,No,No,Yes,Yes,Two year,No,Electronic check,97.32,457.9,Yes
2240-3012,Female,0,No,Yes,48,Yes,No,Fiber optic,Yes,No,Yes,No,Yes,Yes,Month-to-month,Yes,Electronic check,96.69,4824.46,No
2241-6970,Female,0,No,Yes,65,Yes,No,DSL,Yes,No,Yes,Yes,No,No,One year,Yes,Bank transfer (automatic),62.24,4029.18,No
2242-5072,Female,0,Yes,No,31,Yes,No,Fiber optic,No,Yes,No,No,Yes,Yes,Month-to-month,Yes,Electronic check,95.01,3042.59,No
2243-2006,Female,1,Yes,No,6,Yes,Yes,Fiber optic,No,No,No,Yes,Yes,No,Month-to-month,Yes,Credit card (automatic),92.88,487.76,No
2244-7397,Female,0,Yes,No,12,Yes,No,Fiber optic,No,Yes,No,Yes,Yes,No,One year,No,Electronic check,86.56,1073.37,No
2245-8491,Female,0,No,No,71,No,No phone service,No,No internet service,No internet service,No internet service,No internet service,No internet service,No internet service,Month-to-month,Yes,Credit card (automatic),18.25,1346.21,No
2246-6180,Female,0,No,No,51,Yes,No,Fiber optic,No,Yes,No,No,Yes,No,One year,No,Mailed check,85.25,4297.21,No
2247-2587,Male,0,No,No,2,Yes,Yes,DSL,No,No,No,No,No,Yes,Two year,No,Electronic check,80.41,61.53,No
2248-2401,Male,1,No,No,18,Yes,No,Fiber optic,No,No,Yes,Yes,No,No,Month-to-month,No,Credit card (automatic),76.4,1322.96,No
2249-4811,Male,0,Yes,No,53,Yes,No,DSL,No,No,No,No,Yes,No,Two year,No,Credit card (automatic),53.49,2909.24,No
2250-5557,Male,0,Yes,No,46,Yes,No,DSL,No,No,No,No,No,No,Month-to-month,No,Mailed check,61.11,2925.3,No
2251-5969,Female,0,No,No,20,No,No phone service,Fiber optic,Yes,No,Yes,No,No,Yes,Month-to-month,Yes,Electronic check,85.08,1651.44,No
2252-3192,Female,0,No,No,50,Yes,No,DSL,Yes,No,No,No,Yes,Yes,Two year,No,Mailed check,76.62,3770.76,No
2253-5506,Male,0,Yes,No,66,Yes,No,DSL,No,No,No,No,No,No,One year,Yes,Credit card (automatic),56.79,3668.52,No
2254-3655,Female,1,No,Yes,65,Yes,Yes,DSL,No,Yes,No,No,Yes,Yes,One year,No,Mailed check,60.94,4057.14,No
2255-7174,Male,0,No,No,60,Yes,No,DSL,Yes,Yes,No,No,No,Yes,Month-to-month,No,Mailed check,61.9,3668.93,No
2256-8167,Female,0,Yes,Yes,25,Yes,Yes,No,No internet service,No internet service,No internet service,No internet service,No internet service,No internet service,Month-to-month,No,Mailed check,35.97,779.6,No
2257-6873,Female,0,Yes,No,1,Yes,Yes,Fiber optic,Yes,No,No,No,No,Yes,One year,No,Mailed check,79.82,60.23,No
2258-1011,Male,0,No,No,28,Yes,No,No,No internet service,No internet service,No internet service,No internet service,No internet service,No internet service,Month-to-month,No,Credit card (automatic),35.41,933.27,No
2259-9927,Male,0,Yes,No,1,Yes,Yes,No,No internet service,No internet service,No internet service,No internet service,No internet service,No internet service,Month-to-month,No,Electronic check,27.86,138.4,No
2260-1213,Male,0,Yes,No,41,Yes,Yes,No,No internet service,No internet service,No internet service,No internet service,No internet service,No internet service,Month-to-month,No,Electronic check,34.52,1480.11,No
2261-9993,Female,0,No,No,44,Yes,No,DSL,No,No,No,No,No,No,Month-to-month,No,Bank transfer (automatic),60.38,2677.85,No
2262-1285,Female,0,No,Yes,24,Yes,No,Fiber optic,Yes,No,No,No,No,No,Month-to-month,Yes,Bank transfer (automatic),89.3,2257.64,No
2263-5647,Male,1,Yes,No,10,Yes,No,Fiber optic,Yes,Yes,No,Yes,Yes,No,Two year,No,Electronic check,79.18,808.33,No
2264-1953,Female,1,Yes,Yes,38,Yes,Yes,Fiber optic,Yes,No,Yes,Yes,No,Yes,One year,No,Mailed check,94.47,3565.88,No
2265-1856,Male,0,No,Yes,1,Yes,No,DSL,No,Yes,No,Yes,Yes,Yes,Month-to-month,No,Electronic check,61.18,0.0,No
2266-7149,Female,0,Yes,No,20,Yes,Yes,DSL,Yes,Yes,No,No,No,Yes,One year,Yes,Electronic check,59.59,1163.65,No
2267-7549,Male,0,No,No,70,Yes,Yes,Fiber optic,No,No,No,No,No,No,Two year,Yes,Credit card (automatic),82.62,5664.11,No
2268-2064,Male,0,No,No,66,Yes,Yes,Fiber optic,No,Yes,Yes,Yes,Yes,No,Two year,Yes,Electronic check,89.66,6024.55,No
2269-9789,Female,0,Yes,No,46,Yes,No,Fiber optic,No,No,Yes,No,No,Yes,Month-to-month,No,Bank transfer (automatic),101.61,4622.0,Yes
2270-3883,Male,0,No,No,27,Yes,No,DSL,Yes,No,No,No,No,Yes,One year,Yes,Electronic check,53.84,1331.34,No
2271-3864,Female,0,Yes,No,0,Yes,Yes,Fiber optic,No,No,No,No,No,Yes,Month-to-month,Yes,Electronic check,84.89,,Yes
2272-3672,Female,1,No,No,47,Yes,No,Fiber optic,No,No,Yes,Yes,No,Yes,Two year,Yes,Credit card (automatic),96.03,4504.49,No
2273-5150,Male,1,No,Yes,35,Yes,No,Fiber optic,No,Yes,Yes,Yes,No,Yes,Month-to-month,No,Electronic check,85.27,2834.65,No
2274-2600,Male,0,Yes,No,52,Yes,Yes,No,No internet service,No internet service,No internet service,No internet service,No internet service,No internet service,Month-to-month,No,Credit card (automatic),32.57,1581.21,No
2275-4822,Female,0,Yes,No,11,Yes,No,Fiber optic,Yes,Yes,No,Yes,No,No,One year,No,Electronic check,78.11,759.91,No
2276-2889,Female,0,No,No,60,Yes,No,Fiber optic,Yes,Yes,Yes,Yes,No,No,One year,Yes,Electronic check,88.04,5154.3,No
2277-1462,Female,0,Yes,No,58,Yes,No,Fiber optic,No,No,No,No,No,Yes,One year,Yes,Credit card (automatic),82.79,4771.27,No
2278-4318,Male,0,Yes,No,31,Yes,No,DSL,No,Yes,Yes,No,No,Yes,Two year,No,Mailed check,67.16,2149.44,No
2279-7049,Male,0,Yes,No,2,Yes,No,Fiber optic,No,Yes,No,No,No,No,Month-to-month,No,Bank transfer (automatic),99.61,212.21,No
2280-7867,Male,0,Yes,No,34,Yes,Yes,No,No internet service,No internet service,No internet service,No internet service,No internet service,No internet service,Two year,No,Credit card (automatic),28.56,823.34,No
2281-4179,Female,0,No,No,27,Yes,No,Fiber optic,No,Yes,Yes,Yes,Yes,Yes,Month-to-month,No,Mailed check,88.97,2350.35,No
2282-3913,Female,0,Yes,No,55,Yes,Yes,Fiber optic,No,Yes,No,No,No,Yes,Month-to-month,Yes,Electronic check,79.41,4399.04,No
2283-8086,Female,0,Yes,No,17,Yes,Yes,DSL,Yes,Yes,No,Yes,No,No,Two year,Yes,Credit card (automatic),42.91,712.07,No
2284-7130,Female,0,Yes,No,1,Yes,No,Fiber optic,Yes,Yes,Yes,No,No,Yes,One year,No,Bank transfer (automatic),79.15,112.57,Yes
2285-8488,Female,0,No,No,71,Yes,Yes,DSL,No,No,No,No,No,No,Month-to-month,Yes,Bank transfer (automatic),55.32,3936.9,No
2286-9154,Male,0,No,Yes,17,Yes,No,Fiber optic,Yes,No,No,No,No,No,Month-to-month,No,Electronic check,81.52,1298.51,No
2287-8390,Female,0,No,Yes,5,Yes,No,Fiber optic,No,No,No,No,No,No,Month-to-month,No,Credit card (automatic),84.33,320.82,Yes
2288-9427,Female,0,No,No,62,Yes,Yes,DSL,Yes,Yes,No,No,No,Yes,Month-to-month,Yes,Mailed check,54.81,3383.61,No
2289-4749,Male,0,No,Yes,52,Yes,No,DSL,No,No,No,No,No,No,Two year,No,Bank transfer (automatic),56.81,2898.99,No
2290-4551,Male,0,Yes,No,19,Yes,Yes,DSL,No,No,Yes,No,No,No,One year,No,Mailed check,37.52,727.17,No
2291-3893,Male,0,Yes,Yes,34,Yes,No,DSL,Yes,No,No,No,No,Yes,One year,Yes,Electronic check,55.37,1967.03,No
2292-3116,Female,0,Yes,Yes,50,Yes,Yes,Fiber optic,Yes,Yes,No,Yes,No,No,Two year,Yes,Mailed check,72.33,3702.68,No
2293-7738,Female,0,Yes,No,59,Yes,Yes,Fiber optic,No,No,Yes,No,No,No,One year,No,Bank transfer (automatic),86.1,4977.4,No
2294-7429,Male,0,No,No,27,Yes,No,DSL,No,Yes,No,Yes,No,No,One year,Yes,Credit card (automatic),44.04,1148.12,No
2295-8211,Male,0,Yes,No,15,Yes,No,DSL,No,No,No,No,No,Yes,Month-to-month,Yes,Credit card (automatic),68.09,933.55,No
2296-2506,Female,0,No,Yes,1,Yes,Yes,Fiber optic,No,No,Yes,No,Yes,Yes,One year,Yes,Mailed check,103.49,152.94,Yes
2297-5420,Male,0,Yes,Yes,62,Yes,Yes,DSL,Yes,Yes,Yes,No,Yes,Yes,One year,No,Electronic check,93.08,5797.64,No
2298-2997,Female,0,Yes,Yes,59,Yes,No,Fiber optic,No,Yes,No,No,Yes,Yes,Month-to-month,Yes,Electronic check,106.87,6413.28,No
2299-9036,Female,0,Yes,No,69,Yes,Yes,No,No internet service,No internet service,No internet service,No internet service,No internet service,No internet service,Month-to-month,No,Credit card (automatic),28.09,1894.57,No
2300-3406,Female,0,Yes,Yes,54,Yes,No,Fiber optic,No,No,Yes,No,Yes,Yes,Month-to-month,Yes,Bank transfer (automatic),81.84,4386.79,No
2301-2295,Male,0,Yes,No,15,Yes,Yes,Fiber optic,No,No,No,No,No,Yes,Month-to-month,No,Mailed check,83.77,1221.66,No
2302-6128,Female,0,No,Yes,17,Yes,Yes,Fiber optic,No,No,Yes,No,Yes,No,Two year,No,Bank transfer (automatic),80.99,1414.74,No
2303-8910,Male,0,No,No,17,No,No phone service,Fiber optic,Yes,No,Yes,Yes,No,No,Month-to-month,Yes,Electronic check,62.31,1090.91,Yes
2304-9240,Female,0,No,No,33,Yes,Yes,Fiber optic,Yes,Yes,Yes,No,No,Yes,One year,No,Bank transfer (automatic),94.5,3024.62,No
2305-1864,Female,0,No,No,70,Yes,No,Fiber optic,Yes,Yes,No,No,No,No,One year,Yes,Bank transfer (automatic),87.24,5964.45,No
2306-3932,Male,0,No,Yes,50,Yes,No,Fiber optic,Yes,No,Yes,Yes,Yes,No,Month-to-month,No,Electronic check,82.42,4102.98,No
2307-2381,Male,0,No,Yes,31,Yes,Yes,No,No internet service,No internet service,No internet service,No internet service,No internet service,No internet service,Month-to-month,Yes,Mailed check,28.55,790.62,No
2308-3770,Female,0,Yes,No,53,Yes,Yes,No,No internet service,No internet service,No internet service,No internet service,No internet service,No internet service,Month-to-month,Yes,Electronic check,31.53,1638.45,No
2309-5804,Female,0,Yes,No,60,Yes,Yes,Fiber optic,No,Yes,Yes,No,No,No,Month-to-month,Yes,Credit card (automatic),79.28,4786.74,No
2310-3524,Female,0,Yes,No,29,Yes,No,No,No internet service,No internet service,No internet service,No internet service,No internet service,No internet service,Month-to-month,No,Mailed check,30.28,778.49,No
2311-1607,Female,0,No,No,61,Yes,No,Fiber optic,No,No,No,No,Yes,No,Month-to-month,Yes,Mailed check,88.35,5303.29,No
2312-5589,Female,0,No,Yes,1,Yes,Yes,Fiber optic,No,Yes,No,Yes,Yes,No,Month-to-month,Yes,Mailed check,88.42,74.98,No
2313-1475,Male,1,No,No,22,Yes,No,Fiber optic,Yes,Yes,No,No,Yes,No,Month-to-month,Yes,Credit card (automatic),92.95,2241.29,No
2314-3040,Female,0,No,Yes,12,Yes,No,Fiber optic,Yes,Yes,Yes,No,No,No,Month-to-month,Yes,Mailed check,96.41,1107.76,Yes
2315-1004,Male,0,Yes,Yes,13,Yes,No,No,No internet service,No internet service,No internet service,No internet service,No internet service,No internet service,Month-to-month,Yes,Mailed check,28.97,421.86,No
2316-1781,Male,0,No,No,14,Yes,No,Fiber optic,Yes,Yes,Yes,Yes,No,No,Two year,Yes,Mailed check,77.06,965.52,No
2317-4926,Male,0,No,No,26,Yes,Yes,Fiber optic,No,No,Yes,No,No,No,Two year,Yes,Electronic check,75.72,2082.67,No
2318-8655,Male,0,No,No,52,Yes,Yes,Fiber optic,Yes,No,No,No,No,No,One year,No,Mailed check,75.09,3887.9,No
2319-7970,Male,0,Yes,No,43,Yes,No,DSL,No,Yes,Yes,No,No,No,Month-to-month,Yes,Electronic check,60.01,2584.38,No
2320-1889,Female,0,Yes,No,32,Yes,Yes,Fiber optic,No,No,Yes,No,Yes,No,Month-to-month,Yes,Mailed check,86.47,2710.64,No
2321-1313,Female,0,Yes,No,36,Yes,Yes,No,No internet service,No internet service,No internet service,No internet service,No internet service,No internet service,Two year,Yes,Bank transfer (automatic),32.2,1127.71,No
2322-4042,Male,0,No,Yes,13,No,No phone service,No,No internet service,No internet service,No internet service,No internet service,No internet service,No internet service,Two year,No,Bank transfer (automatic),18.25,369.07,No
2323-6869,Female,0,Yes,Yes,53,Yes,No,Fiber optic,Yes,No,No,No,Yes,Yes,One year,No,Electronic check,120.0,6299.68,No
2324-7719,Male,0,Yes,No,55,Yes,No,Fiber optic,No,Yes,Yes,No,No,No,Month-to-month,Yes,Electronic check,97.93,5355.36,No
2325-8407,Male,0,No,Yes,40,Yes,No,Fiber optic,No,No,No,No,Yes,No,Month-to-month,Yes,Mailed check,94.1,3774.3,Yes
2326-4079,Male,0,No,No,59,Yes,Yes,DSL,No,Yes,Yes,Yes,No,No,Two year,Yes,Electronic check,54.47,3215.28,No
2327-2511,Female,1,No,No,58,Yes,No,No,No internet service,No internet service,No internet service,No internet service,No internet service,No internet service,Two year,No,Electronic check,33.17,1906.46,No
2328-1237,Female,0,No,No,58,Yes,No,DSL,No,No,No,No,Yes,Yes,One year,Yes,Credit card (automatic),64.35,3721.99,No
2329-2321,Female,0,No,Yes,7,Yes,Yes,No,No internet service,No internet service,No internet service,No internet service,No internet service,No internet service,Month-to-month,No,Bank transfer (automatic),30.59,303.27,No
2330-1586,Female,1,Yes,No,6,Yes,Yes,Fiber optic,Yes,No,No,Yes,No,No,Month-to-month,No,Electronic check,88.3,583.91,Yes
2331-8746,Female,0,No,No,32,Yes,No,Fiber optic,No,Yes,Yes,No,Yes,Yes,Month-to-month,No,Mailed check,105.28,3330.55,Yes
2332-3415,Female,0,Yes,No,4,Yes,Yes,No,No internet service,No internet service,No internet service,No internet service,No internet service,No internet service,Month-to-month,Yes,Electronic check,28.8,128.0,No
2333-8407,Female,1,Yes,Yes,1,Yes,No,Fiber optic,No,Yes,No,No,No,No,Month-to-month,No,Bank transfer (automatic),90.63,151.95,Yes
2334-5977,Male,0,No,No,9,No,No phone service,Fiber optic,Yes,Yes,No,No,No,No,Two year,Yes,Credit card (automatic),73.57,665.33,No
2335-5849,Male,0,No,No,8,Yes,No,DSL,No,Yes,No,No,No,Yes,Month-to-month,Yes,Credit card (automatic),65.16,401.51,Yes
2336-5092,Male,0,No,No,23,Yes,No,DSL,Yes,Yes,No,Yes,No,Yes,Month-to-month,Yes,Electronic check,62.89,1554.49,No
2337-8371,Female,0,No,No,24,Yes,No,Fiber optic,Yes,No,Yes,No,Yes,Yes,Month-to-month,Yes,Bank transfer (automatic),103.61,2361.43,Yes
2338-1390,Female,0,No,No,59,Yes,Yes,Fiber optic,No,No,Yes,No,Yes,Yes,Two year,No,Electronic check,89.93,5468.51,No
2339-1834,Male,0,Yes,No,65,Yes,Yes,Fiber optic,Yes,No,No,No,Yes,Yes,Month-to-month,Yes,Credit card (automatic),96.4,6254.1,No
2340-4810,Female,1,Yes,No,12,Yes,No,Fiber optic,No,No,No,Yes,No,No,Month-to-month,No,Electronic check,73.18,1004.42,No
2341-4549,Female,0,Yes,Yes,27,No,No phone service,DSL,No,No,No,No,No,Yes,Two year,No,Electronic check,56.29,1476.71,No
2342-5909,Male,0,Yes,Yes,37,Yes,No,No,No internet service,No internet service,No internet service,No internet service,No internet service,No internet service,Two year,No,Electronic check,27.49,1072.7,No
2343-7639,Male,1,Yes,No,19,Yes,No,No,No internet service,No internet service,No internet service,No internet service,No internet service,No internet service,One year,Yes,Electronic check,33.11,523.92,No
2344-6287,Male,0,No,No,24,Yes,No,No,No internet service,No internet service,No internet service,No internet service,No internet service,No internet service,One year,No,Electronic check,25.94,638.16,No
2345-3316,Female,0,Yes,Yes,48,Yes,Yes,DSL,No,Yes,No,No,Yes,No,One year,No,Bank transfer (automatic),69.3,3246.41,No
2346-3945,Female,0,No,Yes,31,Yes,Yes,DSL,No,No,No,No,Yes,No,Month-to-month,Yes,Bank transfer (automatic),65.41,2055.15,No
2347-7770,Female,0,No,Yes,51,Yes,No,DSL,Yes,No,Yes,Yes,No,No,Month-to-month,Yes,Electronic check,52.92,2854.6,No
2348-2813,Male,1,Yes,Yes,5,Yes,No,No,No internet service,No internet service,No internet service,No internet service,No internet service,No internet service,Month-to-month,No,Mailed check,29.53,214.31,No
2349-5537,Female,0,No,Yes,35,Yes,Yes,Fiber optic,No,Yes,Yes,No,Yes,No,Month-to-month,Yes,Mailed check,93.22,3312.52,No
2350-5848,Female,0,Yes,No,22,Yes,No,No,No internet service,No internet service,No internet service,No internet service,No internet service,No internet service,One year,No,Mailed check,30.86,677.62,No
2351-7751,Female,0,No,Yes,21,Yes,No,No,No internet service,No internet service,No internet service,No internet service,No internet service,No internet service,Month-to-month,No,Electronic check,29.47,545.61,No
2352-7428,Female,0,No,No,34,Yes,No,DSL,No,No,No,No,No,No,Month-to-month,Yes,Bank transfer (automatic),44.37,1684.36,No
2353-5181,Female,0,Yes,No,22,Yes,No,Fiber optic,No,No,Yes,No,No,Yes,One year,Yes,Mailed check,85.41,1743.79,No
2354-3782,Male,1,Yes,Yes,55,Yes,No,Fiber optic,No,Yes,No,No,No,No,Month-to-month,No,Electronic check,69.06,3909.75,No
2355-4310,Male,0,No,No,13,Yes,Yes,Fiber optic,Yes,No,No,No,Yes,Yes,Two year,No,Credit card (automatic),92.97,1251.38,No
2356-4703,Male,0,Yes,No,65,No,No phone service,No,No internet service,No internet service,No internet service,No internet service,No internet service,No internet service,Two year,Yes,Mailed check,18.25,1156.16,No
2357-2972,Female,0,No,Yes,26,Yes,No,DSL,Yes,No,No,Yes,No,Yes,Month-to-month,Yes,Mailed check,71.47,1916.59,No
2358-6628,Male,0,Yes,No,38,Yes,No,Fiber optic,No,No,No,No,No,No,Month-to-month,No,Bank transfer (automatic),84.33,3226.74,No
2359-2875,Male,0,No,No,12,Yes,No,DSL,Yes,No,No,Yes,No,Yes,Month-to-month,Yes,Electronic check,80.23,973.22,No
2360-6837,Female,0,Yes,Yes,67,Yes,No,Fiber optic,No,No,Yes,Yes,No,Yes,Month-to-month,Yes,Mailed check,102.15,6807.87,No
2361-7762,Male,0,Yes,No,46,Yes,Yes,DSL,No,No,No,No,Yes,Yes,One year,Yes,Mailed check,68.84,3054.13,No
2362-9655,Female,0,Yes,No,56,Yes,No,Fiber optic,No,No,No,Yes,No,Yes,One year,Yes,Electronic check,90.05,4960.01,No
2363-2070,Male,0,Yes,Yes,65,Yes,Yes,Fiber optic,No,No,Yes,No,Yes,Yes,Month-to-month,Yes,Bank transfer (automatic),91.98,6024.83,No
2364-7836,Female,0,No,No,72,Yes,No,Fiber optic,Yes,No,Yes,No,No,No,Month-to-month,Yes,Electronic check,72.5,5187.15,No
2365-1773,Female,0,No,Yes,18,Yes,No,No,No internet service,No internet service,No internet service,No internet service,No internet service,No internet service,Month-to-month,No,Mailed check,26.22,500.69,No
2366-4034,Female,0,Yes,Yes,24,Yes,No,Fiber optic,Yes,Yes,Yes,No,No,No,One year,No,Mailed check,65.44,1479.32,No
2367-2586,Male,0,Yes,Yes,17,Yes,No,DSL,Yes,Yes,No,No,Yes,Yes,Month-to-month,Yes,Credit card (automatic),62.25,977.14,No
2368-2460,Female,0,Yes,No,36,No,No phone service,Fiber optic,Yes,Yes,Yes,Yes,No,No,One year,No,Credit card (automatic),76.62,2712.39,No
2369-2577,Male,0,No,No,65,Yes,No,DSL,No,No,Yes,Yes,No,No,Month-to-month,No,Credit card (automatic),64.35,4333.56,No
2370-1395,Female,1,No,No,53,Yes,Yes,DSL,Yes,No,Yes,No,No,No,One year,Yes,Mailed check,52.8,2757.77,No
2371-8407,Male,1,No,No,41,Yes,No,DSL,No,Yes,No,No,No,No,Month-to-month,No,Electronic check,48.58,1910.75,No
2372-1550,Female,0,No,No,34,Yes,Yes,DSL,No,No,No,Yes,No,No,Two year,No,Credit card (automatic),53.93,1944.03,No
2373-4586,Female,0,Yes,Yes,53,Yes,No,No,No internet service,No internet service,No internet service,No internet service,No internet service,No internet service,Month-to-month,Yes,Bank transfer (automatic),32.11,1850.83,No
2374-7291,Female,0,Yes,No,34,Yes,Yes,No,No internet service,No internet service,No internet service,No internet service,No internet service,No internet service,One year,Yes,Mailed check,31.3,940.66,No
2375-9912,Female,0,No,No,64,Yes,Yes,DSL,No,No,No,No,No,Yes,One year,No,Credit card (automatic),60.35,3793.76,No
2376-8682,Female,1,Yes,No,40,Yes,No,No,No internet service,No internet service,No internet service,No internet service,No internet service,No internet service,Two year,No,Electronic check,31.45,1427.4,No
2377-2234,Female,0,Yes,No,48,Yes,No,DSL,Yes,No,No,Yes,Yes,Yes,One year,Yes,Bank transfer (automatic),77.6,3713.41,No
2378-9888,Male,0,Yes,No,49,Yes,Yes,Fiber optic,Yes,No,Yes,No,Yes,No,Month-to-month,Yes,Electronic check,101.23,5007.12,No
2379-6881,Female,0,No,No,54,Yes,No,DSL,Yes,Yes,No,No,Yes,Yes,Month-to-month,Yes,Electronic check,77.33,4161.98,No
2380-2615,Female,0,No,No,34,Yes,No,DSL,No,No,No,No,No,No,Month-to-month,Yes,Credit card (automatic),62.03,2147.88,No
2381-5038,Female,0,No,No,28,Yes,No,Fiber optic,Yes,No,No,No,Yes,No,Two year,Yes,Mailed check,93.26,2602.33,No
2382-9260,Male,0,Yes,No,30,Yes,No,Fiber optic,No,No,No,No,No,No,One year,No,Mailed check,93.74,2781.78,No
2383-4535,Female,0,Yes,No,68,Yes,Yes,Fiber optic,No,Yes,Yes,No,No,No,Month-to-month,No,Bank transfer (automatic),94.64,6368.82,No
2384-2652,Male,0,Yes,Yes,8,Yes,Yes,No,No internet service,No internet service,No internet service,No internet service,No internet service,No internet service,Month-to-month,No,Credit card (automatic),26.46,214.84,No
2385-8874,Female,0,No,Yes,51,Yes,Yes,DSL,No,No,No,Yes,Yes,No,Month-to-month,Yes,Mailed check,51.18,2609.91,No
2386-9575,Male,0,Yes,Yes,70,Yes,No,Fiber optic,Yes,No,Yes,No,No,No,Month-to-month,Yes,Electronic check,81.65,5784.72,Yes
2387-9779,Female,0,No,No,5,Yes,Yes,DSL,Yes,No,No,No,No,No,One year,No,Mailed check,62.17,294.37,No
2388-9600,Female,0,No,Yes,45,Yes,Yes,DSL,Yes,No,Yes,Yes,No,No,Two year,Yes,Electronic check,62.25,2730.83,No
2389-8854,Male,0,No,No,43,Yes,Yes,DSL,No,Yes,Yes,No,No,No,One year,No,Mailed check,53.06,2212.87,No
2390-5089,Female,0,No,No,24,Yes,No,DSL,No,No,No,Yes,No,Yes,Month-to-month,No,Electronic check,72.54,1720.07,No
2391-2730,Female,0,Yes,No,6,Yes,Yes,Fiber optic,Yes,No,No,No,Yes,No,Month-to-month,Yes,Bank transfer (automatic),108.76,525.35,Yes
2392-6553,Male,0,No,No,49,Yes,No,Fiber optic,No,Yes,Yes,No,No,Yes,Two year,Yes,Bank transfer (automatic),77.9,3873.26,No
2393-2986,Female,0,Yes,Yes,38,No,No phone service,Fiber optic,Yes,No,No,No,Yes,No,Two year,No,Bank transfer (automatic),71.6,2763.12,No
2394-5257,Male,0,No,No,54,Yes,No,DSL,No,No,No,No,Yes,Yes,Month-to-month,Yes,Bank transfer (automatic),65.94,3718.5,No
2395-6904,Female,0,No,No,6,Yes,No,DSL,Yes,No,No,No,Yes,Yes,Month-to-month,Yes,Credit card (automatic),75.84,339.04,No
2396-9518,Female,0,No,No,68,Yes,No,Fiber optic,Yes,Yes,No,Yes,No,No,Month-to-month,Yes,Electronic check,96.25,6512.98,Yes
2397-3601,Female,0,Yes,No,45,Yes,No,DSL,No,Yes,No,No,No,Yes,Two year,No,Mailed check,67.61,2979.53,No
2398-3266,Female,1,No,No,32,Yes,No,DSL,No,No,No,No,No,No,One year,Yes,Electronic check,56.13,1880.48,Yes
2399-7611,Female,0,No,No,33,Yes,Yes,DSL,No,Yes,Yes,No,No,Yes,Month-to-month,Yes,Electronic check,61.28,2089.27,No
2400-1058,Male,0,No,No,69,Yes,No,No,No internet service,No internet service,No internet service,No internet service,No internet service,No internet service,One year,No,Bank transfer (automatic),28.89,2008.71,No
2401-6097,Male,0,No,No,40,Yes,No,Fiber optic,No,Yes,No,Yes,No,No,One year,No,Credit card (automatic),88.6,3567.68,No
2402-7712,Female,0,No,No,42,Yes,No,DSL,No,No,No,No,Yes,No,Month-to-month,No,Electronic check,63.79,2775.69,No
2403-5957,Male,0,Yes,No,47,No,No phone service,Fiber optic,Yes,Yes,No,No,No,Yes,Two year,Yes,Electronic check,75.9,3544.98,No
2404-4455,Male,0,Yes,No,22,Yes,No,No,No internet service,No internet service,No internet service,No internet service,No internet service,No internet service,Two year,Yes,Electronic check,34.18,800.98,No
2405-8456,Male,0,Yes,No,18,Yes,Yes,DSL,Yes,Yes,Yes,Yes,Yes,No,One year,No,Electronic check,62.26,1164.07,No
2406-4338,Female,0,No,No,54,Yes,No,DSL,No,No,Yes,No,Yes,No,Month-to-month,Yes,Mailed check,66.57,3530.49,No
2407-7394,Male,1,No,Yes,23,Yes,Yes,No,No internet service,No internet service,No internet service,No internet service,No internet service,No internet service,Month-to-month,No,Electronic check,31.86,664.03,No
2408-5176,Female,0,Yes,Yes,2,No,No phone service,No,No internet service,No internet service,No internet service,No internet service,No internet service,No internet service,Month-to-month,No,Electronic check,18.25,0.0,No
2409-1239,Male,0,Yes,No,35,Yes,Yes,Fiber optic,Yes,Yes,No,No,No,Yes,Two year,Yes,Mailed check,74.25,2702.9,No
2410-5774,Male,0,No,No,0,Yes,No,DSL,Yes,No,No,No,Yes,Yes,Two year,No,Bank transfer (automatic),89.24,,No
2411-1445,Female,0,No,No,41,Yes,No,DSL,No,Yes,No,No,Yes,Yes,Month-to-month,Yes,Electronic check,75.96,3219.8,No
2412-9377,Female,0,No,Yes,47,Yes,Yes,No,No internet service,No internet service,No internet service,No internet service,No internet service,No internet service,Month-to-month,Yes,Electronic check,31.79,1438.67,No
2413-6413,Female,0,Yes,No,67,Yes,No,Fiber optic,No,No,No,No,Yes,No,One year,Yes,Electronic check,94.64,6470.75,No
2414-4347,Male,0,No,No,44,Yes,No,Fiber optic,Yes,No,Yes,No,Yes,Yes,One year,No,Electronic check,105.44,4571.84,No
2415-5375,Male,0,Yes,No,25,Yes,Yes,DSL,Yes,No,Yes,Yes,No,No,Month-to-month,No,Electronic check,55.93,1268.45,No
2416-6571,Female,1,Yes,No,46,Yes,No,DSL,No,Yes,No,No,No,No,Month-to-month,No,Credit card (automatic),45.27,1885.14,No
2417-3341,Female,1,No,Yes,43,Yes,Yes,Fiber optic,Yes,No,No,No,No,No,Month-to-month,Yes,Electronic check,94.5,4036.7,Yes
2418-3595,Female,0,Yes,No,54,Yes,Yes,Fiber optic,Yes,Yes,No,Yes,No,No,Month-to-month,Yes,Electronic check,93.02,5009.41,No
2419-4767,Female,0,No,No,67,Yes,No,Fiber optic,Yes,No,No,No,No,No,Month-to-month,Yes,Mailed check,93.19,6183.72,No
2420-3326,Male,0,Yes,No,7,No,No phone service,Fiber optic,Yes,Yes,No,No,Yes,Yes,Month-to-month,No,Mailed check,86.13,433.7,No
2421-7820,Female,1,Yes,Yes,52,Yes,No,Fiber optic,No,Yes,No,No,No,No,Month-to-month,No,Bank transfer (automatic),98.9,5212.09,No
2422-1934,Female,0,No,No,58,Yes,Yes,Fiber optic,No,No,Yes,No,No,Yes,Two year,Yes,Mailed check,93.58,5435.67,No
2423-8438,Male,0,Yes,Yes,23,Yes,Yes,DSL,Yes,No,No,No,No,No,Month-to-month,Yes,Electronic check,62.25,1476.24,No
2424-4136,Female,0,Yes,No,29,Yes,No,No,No internet service,No internet service,No internet service,No internet service,No internet service,No internet service,Two year,No,Mailed check,34.06,1097.25,No
2425-6050,Male,0,Yes,No,30,Yes,Yes,DSL,Yes,No,No,No,No,No,Month-to-month,Yes,Credit card (automatic),62.86,1742.07,No
2426-2419,Male,0,Yes,No,27,Yes,No,Fiber optic,No,No,Yes,No,Yes,Yes,One year,No,Electronic check,108.16,2996.54,Yes
2427-4467,Female,0,No,No,64,Yes,Yes,DSL,No,No,No,No,No,Yes,Month-to-month,Yes,Electronic check,54.05,3486.79,No
2428-7790,Male,0,Yes,No,23,Yes,No,Fiber optic,No,No,No,Yes,No,No,Month-to-month,No,Credit card (automatic),81.66,1960.16,No
2429-3436,Male,0,No,Yes,31,Yes,No,Fiber optic,No,Yes,No,Yes,No,Yes,Month-to-month,Yes,Bank transfer (automatic),78.74,2540.29,No
2430-2190,Male,0,No,No,42,Yes,No,DSL,No,Yes,Yes,Yes,No,No,Month-to-month,No,Bank transfer (automatic),48.98,2044.71,No
2431-5696,Female,0,No,Yes,18,Yes,No,Fiber optic,No,No,Yes,No,Yes,No,Month-to-month,Yes,Electronic check,79.4,1679.32,No
2432-2462,Female,1,No,No,50,Yes,Yes,Fiber optic,Yes,No,No,No,No,No,Month-to-month,No,Electronic check,98.59,5034.27,No
2433-3832,Female,0,No,No,38,Yes,No,Fiber optic,Yes,No,Yes,No,Yes,Yes,Month-to-month,No,Mailed check,106.05,4003.0,Yes
2434-5053,Female,0,No,Yes,12,Yes,No,DSL,No,Yes,Yes,Yes,No,Yes,Month-to-month,Yes,Electronic check,59.73,657.5,No
2435-6076,Female,0,Yes,No,13,Yes,No,DSL,Yes,Yes,No,No,Yes,Yes,Two year,No,Electronic check,80.18,944.2,No
2436-6753,Male,0,No,Yes,1,Yes,Yes,No,No internet service,No internet service,No internet service,No internet service,No internet service,No internet service,Two year,Yes,Bank transfer (automatic),25.33,0.0,No
2437-7089,Male,1,Yes,Yes,42,Yes,Yes,DSL,No,No,Yes,Yes,Yes,No,Month-to-month,No,Electronic check,57.08,2423.72,No
2438-8597,Female,0,No,No,58,Yes,Yes,Fiber optic,No,Yes,Yes,Yes,No,Yes,One year,No,Credit card (automatic),79.5,4581.9,No
2439-1594,Female,1,No,Yes,72,Yes,Yes,DSL,No,Yes,No,Yes,No,No,Month-to-month,Yes,Mailed check,49.48,3650.97,No
2440-4260,Female,0,Yes,Yes,48,Yes,Yes,Fiber optic,No,No,No,No,Yes,No,Month-to-month,Yes,Electronic check,80.8,3981.08,Yes
2441-1009,Female,0,Yes,No,70,Yes,Yes,Fiber optic,No,No,No,No,No,No,Month-to-month,Yes,Mailed check,94.48,6663.43,No
2442-1084,Male,0,Yes,No,72,Yes,Yes,Fiber optic,No,No,No,No,No,No,One year,Yes,Mailed check,83.54,5999.01,No
2443-2910,Female,0,Yes,No,44,Yes,Yes,Fiber optic,No,Yes,No,No,No,No,Month-to-month,No,Credit card (automatic),75.17,3413.62,No
2444-6382,Female,0,No,No,27,Yes,Yes,Fiber optic,No,Yes,No,No,No,Yes,Month-to-month,Yes,Credit card (automatic),93.91,2545.46,No
2445-9049,Male,1,Yes,Yes,64,Yes,No,No,No internet service,No internet service,No internet service,No internet service,No internet service,No internet service,Two year,Yes,Electronic check,29.86,2074.18,No
2446-7961,Female,1,No,No,46,Yes,No,Fiber optic,No,Yes,Yes,No,No,No,Two year,Yes,Mailed check,73.12,3224.58,No
2447-6815,Female,0,No,No,59,Yes,No,Fiber optic,Yes,No,No,Yes,Yes,Yes,Month-to-month,Yes,Electronic check,85.15,5041.55,No
2448-8002,Female,1,Yes,Yes,16,Yes,Yes,Fiber optic,No,No,No,No,No,Yes,Month-to-month,No,Mailed check,78.17,1295.33,No
2449-2547,Male,1,Yes,No,69,Yes,Yes,Fiber optic,No,No,No,No,No,Yes,Month-to-month,Yes,Bank transfer (automatic),88.23,6236.83,No
2450-8557,Female,0,Yes,No,31,Yes,No,Fiber optic,Yes,No,No,Yes,No,Yes,Month-to-month,No,Credit card (automatic),83.87,2581.48,No
2451-9011,Male,0,No,Yes,63,Yes,No,Fiber optic,No,No,No,No,No,No,Month-to-month,Yes,Credit card (automatic),81.89,5224.05,No
2452-1855,Male,0,Yes,Yes,27,Yes,Yes,No,No internet service,No internet service,No internet service,No internet service,No internet service,No internet service,Two year,Yes,Mailed check,31.9,689.14,No
2453-5229,Female,0,Yes,No,65,Yes,Yes,No,No internet service,No internet service,No internet service,No internet service,No internet service,No internet service,One year,No,Bank transfer (automatic),34.15,2211.3,No
2454-8469,Male,0,No,No,49,Yes,Yes,Fiber optic,Yes,Yes,Yes,No,No,No,Two year,Yes,Credit card (automatic),72.55,3618.19,No
2455-5284,Male,1,No,Yes,16,Yes,Yes,Fiber optic,Yes,Yes,No,Yes,No,No,One year,Yes,Bank transfer (automatic),58.2,969.78,No
2456-8563,Female,0,Yes,No,10,Yes,Yes,DSL,No,No,Yes,No,Yes,No,Two year,Yes,Mailed check,57.25,552.69,No
2457-9418,Male,0,No,Yes,11,Yes,No,No,No internet service,No internet service,No internet service,No internet service,No internet service,No internet service,One year,Yes,Bank transfer (automatic),34.0,294.88,No
2458-5271,Female,0,No,No,27,No,No phone service,Fiber optic,Yes,No,No,Yes,Yes,Yes,Month-to-month,Yes,Electronic check,87.67,2364.49,No
2459-1535,Female,0,No,Yes,3,Yes,Yes,No,No internet service,No internet service,No internet service,No internet service,No internet service,No internet service,One year,No,Electronic check,33.69,110.45,No
2460-4060,Male,0,Yes,No,40,No,No phone service,Fiber optic,No,No,Yes,Yes,Yes,No,Month-to-month,No,Electronic check,85.54,3425.33,No
2461-2936,Female,0,No,No,48,Yes,No,Fiber optic,No,Yes,No,No,Yes,Yes,Month-to-month,No,Credit card (automatic),98.16,4877.8,No
2462-5266,Female,0,Yes,No,54,Yes,Yes,DSL,Yes,No,Yes,No,Yes,Yes,Two year,Yes,Mailed check,76.82,4084.26,No
2463-6271,Female,0,Yes,Yes,68,Yes,No,Fiber optic,No,Yes,No,No,No,No,Two year,Yes,Electronic check,83.67,5782.26,No
2464-5174,Female,0,Yes,No,58,Yes,Yes,Fiber optic,Yes,No,No,No,No,No,Month-to-month,Yes,Bank transfer (automatic),80.31,4698.57,No
2465-2759,Male,0,No,No,72,Yes,Yes,Fiber optic,Yes,No,No,No,No,No,Month-to-month,Yes,Electronic check,79.6,5702.5,No
2466-3710,Male,0,No,Yes,44,Yes,Yes,DSL,No,Yes,No,Yes,Yes,No,Two year,No,Electronic check,68.07,3059.03,No
2467-7115,Female,0,No,No,62,Yes,Yes,DSL,Yes,No,Yes,Yes,Yes,No,Month-to-month,Yes,Electronic check,77.81,4953.15,No
2468-1242,Male,0,No,No,56,Yes,Yes,No,No internet service,No internet service,No internet service,No internet service,No internet service,No internet service,Two year,No,Bank transfer (automatic),27.5,1425.57,No
2469-2926,Female,0,Yes,No,60,Yes,No,Fiber optic,No,No,No,No,No,No,Two year,Yes,Mailed check,89.57,5559.86,No
2470-9030,Female,0,Yes,No,29,No,No phone service,DSL,No,No,Yes,Yes,No,No,Two year,Yes,Credit card (automatic),39.78,1309.36,No
2471-1892,Male,0,No,No,37,Yes,Yes,Fiber optic,No,No,Yes,No,Yes,Yes,Two year,Yes,Electronic check,85.77,3261.04,No
2472-4732,Male,1,Yes,No,66,Yes,Yes,DSL,No,No,No,No,Yes,Yes,One year,Yes,Credit card (automatic),57.87,3797.47,No
2473-2862,Female,1,Yes,No,32,Yes,Yes,DSL,Yes,Yes,Yes,Yes,No,No,Two year,No,Mailed check,62.82,1962.75,No
2474-1941,Female,0,No,Yes,44,Yes,Yes,DSL,Yes,No,No,No,No,No,Month-to-month,No,Mailed check,50.77,2435.25,No
2475-4804,Male,0,Yes,No,46,Yes,No,DSL,No,Yes,No,No,Yes,No,Month-to-month,Yes,Electronic check,61.21,2894.99,No
2476-5692,Male,0,Yes,Yes,13,Yes,Yes,No,No internet service,No internet service,No internet service,No internet service,No internet service,No internet service,One year,Yes,Credit card (automatic),32.61,530.07,No
2477-2585,Female,1,No,No,1,Yes,No,Fiber optic,Yes,No,Yes,No,No,No,Month-to-month,No,Bank transfer (automatic),63.53,243.33,No
2478-1700,Male,0,No,Yes,50,Yes,No,Fiber optic,No,No,No,Yes,Yes,No,One year,Yes,Electronic check,80.29,4149.84,No
2479-2212,Male,0,No,No,57,Yes,No,Fiber optic,No,No,No,No,No,No,One year,Yes,Electronic check,88.4,5025.47,No
2480-6863,Male,0,Yes,No,42,Yes,Yes,Fiber optic,Yes,Yes,No,Yes,Yes,No,One year,Yes,Credit card (automatic),92.77,3838.02,No
2481-8741,Female,0,No,No,47,Yes,Yes,Fiber optic,Yes,No,Yes,No,No,No,Month-to-month,No,Bank transfer (automatic),79.44,3676.23,No
2482-2622,Male,0,No,Yes,4,Yes,Yes,Fiber optic,No,No,Yes,Yes,Yes,No,Two year,Yes,Mailed check,86.54,336.77,No
2483-3883,Male,0,Yes,No,12,Yes,No,Fiber optic,No,No,No,No,No,No,One year,Yes,Mailed check,82.23,896.9,No
2484-4093,Male,0,No,No,53,No,No phone service,Fiber optic,Yes,No,No,No,No,No,Month-to-month,Yes,Credit card (automatic),81.2,4323.52,No
2485-4246,Female,0,No,No,46,No,No phone service,DSL,No,No,Yes,Yes,Yes,No,One year,No,Electronic check,44.05,1915.72,No
2486-3198,Female,0,No,No,14,Yes,Yes,DSL,No,No,Yes,No,No,Yes,Month-to-month,Yes,Electronic check,81.07,1251.56,Yes
2487-1497,Male,0,Yes,Yes,43,Yes,Yes,DSL,Yes,No,No,No,No,Yes,Two year,Yes,Electronic check,58.8,2670.05,No
2488-5725,Female,0,No,No,2,No,No phone service,Fiber optic,No,Yes,No,No,No,No,Month-to-month,No,Mailed check,72.25,197.49,Yes
2489-4215,Male,1,Yes,No,57,Yes,Yes,Fiber optic,No,No,Yes,Yes,No,No,Month-to-month,Yes,Credit card (automatic),80.26,4626.93,No
2490-4079,Male,0,Yes,No,1,Yes,No,Fiber optic,No,No,No,No,No,No,Two year,Yes,Credit card (automatic),64.54,144.73,No
2491-3382,Female,1,Yes,Yes,61,Yes,No,Fiber optic,No,No,No,Yes,No,Yes,Month-to-month,No,Mailed check,87.64,5274.85,No
2492-9363,Male,0,Yes,Yes,16,Yes,Yes,Fiber optic,Yes,Yes,No,No,Yes,No,Two year,No,Credit card (automatic),104.62,1613.61,No
2493-6493,Male,1,Yes,Yes,18,Yes,No,Fiber optic,No,No,No,No,Yes,Yes,Month-to-month,No,Mailed check,82.18,1521.45,No
2494-4767,Female,0,No,No,67,Yes,Yes,DSL,No,No,No,Yes,No,Yes,One year,Yes,Electronic check,54.58,3498.2,No
2495-2848,Male,0,No,No,59,Yes,No,No,No internet service,No internet service,No internet service,No internet service,No internet service,No internet service,Month-to-month,Yes,Electronic check,23.39,1406.05,No
2496-8209,Male,0,Yes,No,24,Yes,No,DSL,No,No,No,Yes,Yes,Yes,Month-to-month,Yes,Mailed check,77.84,1965.16,No
2497-8994,Female,1,No,Yes,13,Yes,Yes,Fiber optic,No,No,No,No,No,No,Two year,Yes,Mailed check,85.51,1051.9,No
2498-1290,Male,1,No,Yes,8,Yes,No,DSL,No,No,No,Yes,Yes,No,Month-to-month,No,Electronic check,62.26,576.4,No
2499-9366,Female,0,Yes,No,28,Yes,Yes,Fiber optic,No,No,No,No,No,No,Two year,Yes,Electronic check,92.46,2629.62,No
2500-7294,Female,0,No,Yes,42,Yes,Yes,Fiber optic,No,No,Yes,No,Yes,No,Two year,No,Mailed check,91.4,3830.99,No
2501-1898,Male,0,No,No,35,No,No phone service,DSL,No,Yes,No,No,Yes,No,One year,No,Electronic check,52.88,1788.34,No
2502-7777,Female,0,No,No,65,Yes,Yes,Fiber optic,No,Yes,No,No,No,No,Month-to-month,Yes,Electronic check,76.93,5000.58,No
2503-1966,Female,0,No,No,58,Yes,Yes,Fiber optic,No,Yes,No,No,Yes,Yes,Month-to-month,Yes,Electronic check,80.34,4649.48,Yes
2504-1457,Female,0,No,Yes,19,Yes,No,No,No internet service,No internet service,No internet service,No internet service,No internet service,No internet service,One year,Yes,Electronic check,28.83,564.45,No
2505-2037,Male,0,No,Yes,65,Yes,No,Fiber optic,No,Yes,Yes,Yes,No,No,Two year,Yes,Mailed check,79.68,5152.38,No
2506-5138,Female,0,Yes,No,33,Yes,No,DSL,No,Yes,Yes,No,Yes,No,Month-to-month,Yes,Bank transfer (automatic),60.25,1945.41,No
2507-6575,Male,1,Yes,Yes,1,Yes,Yes,DSL,No,No,No,No,No,No,Two year,Yes,Electronic check,52.51,44.74,No
2508-4665,Female,0,No,No,62,Yes,No,No,No internet service,No internet service,No internet service,No internet service,No internet service,No internet service,Month-to-month,No,Bank transfer (automatic),29.07,1833.61,No
2509-2097,Female,0,Yes,No,53,Yes,No,DSL,Yes,Yes,Yes,No,Yes,Yes,Month-to-month,Yes,Credit card (automatic),77.58,4228.0,No
2510-2792,Female,0,Yes,No,25,Yes,No,Fiber optic,Yes,No,No,Yes,Yes,No,Month-to-month,Yes,Electronic check,94.73,2434.53,Yes
2511-8670,Female,0,Yes,Yes,64,Yes,No,DSL,Yes,No,Yes,Yes,No,Yes,Month-to-month,No,Electronic check,73.53,4622.35,No
2512-9662,Female,0,No,No,66,Yes,No,Fiber optic,No,No,Yes,No,Yes,No,Month-to-month,No,Credit card (automatic),80.01,5318.71,No
2513-7787,Male,0,No,No,69,Yes,No,Fiber optic,No,Yes,Yes,Yes,No,Yes,Two year,No,Credit card (automatic),84.33,5894.95,No
2514-1930,Female,0,Yes,Yes,66,Yes,No,No,No internet service,No internet service,No internet service,No internet service,No internet service,No internet service,Two year,Yes,Bank transfer (automatic),29.22,2030.83,No
2515-8377,Male,0,Yes,No,19,Yes,Yes,Fiber optic,No,Yes,No,No,No,Yes,Two year,Yes,Electronic check,101.61,1924.17,Yes
2516-7227,Male,0,Yes,No,40,Yes,Yes,DSL,Yes,No,Yes,No,No,No,Month-to-month,Yes,Mailed check,62.84,2745.63,No
2517-5734,Male,0,Yes,Yes,12,Yes,No,Fiber optic,No,Yes,No,No,No,No,Month-to-month,Yes,Electronic check,88.95,1105.01,Yes
2518-2289,Female,0,No,No,49,Yes,No,DSL,No,No,No,No,No,No,Month-to-month,No,Mailed check,54.13,2624.93,No
2519-9969,Male,0,Yes,Yes,36,Yes,No,No,No internet service,No internet service,No internet service,No internet service,No internet service,No internet service,One year,No,Electronic check,30.07,970.37,No
2520-4983,Male,0,No,Yes,64,Yes,No,Fiber optic,Yes,No,Yes,No,Yes,No,Month-to-month,Yes,Credit card (automatic),92.43,5991.27,No
2521-1397,Male,0,Yes,Yes,65,Yes,No,No,No internet service,No internet service,No internet service,No internet service,No internet service,No internet service,One year,No,Mailed check,26.92,1716.88,No
2522-2889,Male,0,Yes,No,23,Yes,No,No,No internet service,No internet service,No internet service,No internet service,No internet service,No internet service,Month-to-month,Yes,Credit card (automatic),30.78,600.71,No
2523-4610,Female,0,No,No,23,Yes,Yes,DSL,No,No,Yes,No,No,Yes,One year,No,Electronic check,59.37,1356.67,No
2524-1560,Male,0,Yes,No,2,No,No phone service,No,No internet service,No internet service,No internet service,No internet service,No internet service,No internet service,Month-to-month,No,Mailed check,18.25,192.29,No
2525-3915,Female,0,Yes,No,36,Yes,Yes,No,No internet service,No internet service,No internet service,No internet service,No internet service,No internet service,Two year,No,Bank transfer (automatic),35.7,1273.58,No
2526-5215,Male,0,Yes,Yes,28,No,No phone service,No,No internet service,No internet service,No internet service,No internet service,No internet service,No internet service,Month-to-month,No,Credit card (automatic),18.25,469.74,No
2527-9536,Male,0,No,No,72,Yes,No,Fiber optic,No,No,No,No,Yes,No,Month-to-month,No,Electronic check,94.0,6704.37,No
2528-1777,Male,0,Yes,No,59,Yes,No,Fiber optic,No,No,Yes,No,No,No,Month-to-month,Yes,Electronic check,65.67,4048.38,Yes
2529-6191,Female,0,No,No,33,Yes,No,DSL,Yes,Yes,Yes,No,Yes,Yes,Month-to-month,Yes,Bank transfer (automatic),71.14,2315.51,No
2530-9240,Female,0,No,No,41,No,No phone service,No,No internet service,No internet service,No internet service,No internet service,No internet service,No internet service,One year,Yes,Mailed check,18.25,753.55,No
2531-8254,Male,0,No,No,45,Yes,Yes,DSL,No,No,No,No,No,Yes,Month-to-month,No,Bank transfer (automatic),55.78,2567.08,No
2532-9323,Male,0,No,No,65,Yes,No,Fiber optic,No,No,No,No,No,Yes,Month-to-month,Yes,Electronic check,107.11,6835.5,Yes
2533-2532,Female,0,No,No,72,Yes,No,No,No internet service,No internet service,No internet service,No internet service,No internet service,No internet service,One year,No,Bank transfer (automatic),32.47,2271.7,No
2534-8211,Female,0,No,No,30,Yes,No,No,No internet service,No internet service,No internet service,No internet service,No internet service,No internet service,One year,Yes,Electronic check,31.87,942.32,No
2535-9806,Female,0,Yes,Yes,26,Yes,Yes,No,No internet service,No internet service,No internet service,No internet service,No internet service,No internet service,One year,Yes,Mailed check,28.43,693.68,No
2536-3933,Male,0,No,No,52,Yes,No,No,No internet service,No internet service,No internet service,No internet service,No internet service,No internet service,Month-to-month,No,Bank transfer (automatic),26.83,1371.7,No
2537-5487,Female,0,No,No,19,Yes,Yes,Fiber optic,Yes,No,No,No,No,No,Month-to-month,Yes,Electronic check,65.77,1438.83,No
2538-5777,Female,0,Yes,No,10,Yes,Yes,Fiber optic,No,Yes,No,No,No,No,Month-to-month,Yes,Mailed check,84.72,976.57,Yes
2539-5442,Male,0,No,No,20,Yes,No,DSL,No,Yes,No,No,No,Yes,Month-to-month,Yes,Electronic check,63.45,1144.71,No
2540-3607,Female,0,Yes,No,23,Yes,No,No,No internet service,No internet service,No internet service,No internet service,No internet service,No internet service,Month-to-month,Yes,Mailed check,30.74,687.71,No
2541-9736,Male,0,No,Yes,45,Yes,Yes,Fiber optic,No,Yes,No,Yes,No,No,Month-to-month,No,Bank transfer (automatic),92.04,4244.23,Yes
2542-9607,Female,1,Yes,Yes,53,Yes,Yes,No,No internet service,No internet service,No internet service,No internet service,No internet service,No internet service,Two year,Yes,Mailed check,30.45,1596.98,No
2543-4426,Male,0,Yes,No,11,Yes,No,Fiber optic,Yes,No,Yes,No,No,No,Month-to-month,Yes,Bank transfer (automatic),73.31,729.03,No
2544-8246,Male,0,Yes,No,3,Yes,No,Fiber optic,No,Yes,Yes,No,Yes,No,Two year,Yes,Mailed check,80.29,335.74,No
2545-4577,Male,0,Yes,No,12,Yes,Yes,Fiber optic,No,No,No,No,No,No,One year,Yes,Electronic check,71.93,882.98,Yes
2546-8152,Female,0,Yes,No,66,No,No phone service,No,No internet service,No internet service,No internet service,No internet service,No internet service,No internet service,Month-to-month,Yes,Bank transfer (automatic),18.25,1120.22,No
2547-6262,Female,0,Yes,No,18,Yes,No,DSL,Yes,No,Yes,No,No,No,One year,Yes,Mailed check,70.92,1226.62,No
2548-5231,Female,0,No,Yes,38,Yes,Yes,Fiber optic,Yes,Yes,Yes,No,No,No,One year,Yes,Electronic check,102.02,3855.3,No
2549-2152,Male,1,Yes,Yes,39,Yes,No,DSL,No,Yes,Yes,Yes,No,Yes,One year,No,Mailed check,59.11,2251.5,No
2550-6890,Female,0,No,Yes,20,Yes,Yes,Fiber optic,Yes,Yes,No,No,No,No,Month-to-month,Yes,Mailed check,85.17,1625.22,No
2551-3889,Female,0,No,No,61,Yes,No,Fiber optic,No,No,No,No,No,No,Month-to-month,No,Electronic check,98.53,6068.14,No
2552-2951,Female,0,Yes,Yes,4,Yes,Yes,DSL,No,No,No,Yes,Yes,Yes,Two year,Yes,Bank transfer (automatic),64.72,207.45,No
2553-2738,Male,0,Yes,No,38,Yes,No,Fiber optic,No,No,Yes,Yes,No,No,One year,No,Electronic check,84.11,3057.31,No
2554-9835,Male,0,Yes,No,30,Yes,No,No,No internet service,No internet service,No internet service,No internet service,No internet service,No internet service,One year,No,Electronic check,30.37,981.23,No
2555-1929,Male,0,Yes,No,57,Yes,Yes,No,No internet service,No internet service,No internet service,No internet service,No internet service,No internet service,Two year,No,Credit card (automatic),31.13,1789.21,No
2556-8185,Male,0,No,Yes,14,Yes,No,Fiber optic,No,No,No,No,Yes,No,One year,Yes,Credit card (automatic),85.78,1157.37,Yes
2557-8794,Male,0,No,No,69,Yes,Yes,DSL,No,Yes,No,Yes,No,No,One year,Yes,Credit card (automatic),51.89,3648.35,No
2558-1279,Female,0,No,No,57,Yes,Yes,Fiber optic,No,Yes,No,No,No,Yes,Two year,Yes,Mailed check,81.48,4648.27,No
2559-6303,Female,0,Yes,No,54,Yes,No,Fiber optic,No,No,No,No,No,No,Month-to-month,Yes,Mailed check,86.85,4716.61,No
2560-6196,Female,0,No,No,36,Yes,No,Fiber optic,Yes,No,No,Yes,Yes,Yes,Month-to-month,Yes,Electronic check,83.87,3020.18,No
2561-4227,Female,0,Yes,No,46,Yes,No,Fiber optic,No,No,Yes,No,Yes,No,Month-to-month,Yes,Bank transfer (automatic),92.41,4267.81,No
2562-6999,Female,1,No,No,15,Yes,No,Fiber optic,No,No,Yes,No,Yes,Yes,Month-to-month,No,Electronic check,108.47,1639.62,Yes
2563-4677,Female,0,No,No,0,Yes,Yes,Fiber optic,No,Yes,Yes,Yes,No,No,Two year,No,Mailed check,74.75,,No
2564-4956,Female,0,Yes,Yes,54,Yes,No,No,No internet service,No internet service,No internet service,No internet service,No internet service,No internet service,One year,No,Credit card (automatic),31.16,1617.16,No
2565-4883,Female,1,No,No,32,Yes,No,Fiber optic,Yes,Yes,Yes,No,No,No,One year,No,Electronic check,92.8,2961.81,No
2566-8205,Male,0,No,No,25,Yes,No,DSL,No,Yes,Yes,No,Yes,Yes,Month-to-month,No,Electronic check,70.9,1811.76,No
2567-6697,Male,1,No,No,19,No,No phone service,No,No internet service,No internet service,No internet service,No internet service,No internet service,No internet service,Month-to-month,No,Mailed check,18.25,243.14,No
2568-4411,Male,0,Yes,No,45,Yes,Yes,Fiber optic,Yes,No,No,No,Yes,Yes,One year,No,Mailed check,104.57,4728.39,No
2569-9339,Female,0,No,No,37,Yes,No,Fiber optic,No,No,No,No,No,Yes,Month-to-month,No,Mailed check,81.94,3016.66,Yes
2570-8217,Female,0,Yes,No,49,Yes,Yes,DSL,Yes,Yes,No,No,No,No,Month-to-month,Yes,Electronic check,38.07,1923.16,No
2571-9394,Male,0,Yes,No,69,Yes,No,DSL,No,Yes,No,No,No,No,Month-to-month,Yes,Electronic check,67.47,4665.54,No
2572-7573,Male,0,No,Yes,60,Yes,Yes,No,No internet service,No internet service,No internet service,No internet service,No internet service,No internet service,Two year,No,Mailed check,25.69,1601.28,No
2573-4523,Female,0,Yes,No,23,Yes,No,DSL,Yes,No,No,No,Yes,Yes,One year,No,Electronic check,86.13,2069.14,No
2574-7955,Female,0,Yes,Yes,17,Yes,Yes,Fiber optic,Yes,Yes,Yes,No,No,Yes,One year,Yes,Mailed check,86.37,1360.67,No
2575-3963,Female,0,No,Yes,11,No,No phone service,Fiber optic,Yes,No,No,No,No,Yes,Month-to-month,No,Bank transfer (automatic),77.28,895.23,No
2576-3438,Male,0,Yes,No,41,Yes,No,DSL,No,No,No,Yes,No,No,Month-to-month,Yes,Electronic check,57.14,2466.44,No
2577-5058,Female,0,No,Yes,60,Yes,No,Fiber optic,No,No,No,No,No,No,Month-to-month,No,Credit card (automatic),71.13,4277.38,No
2578-9722,Male,0,No,Yes,18,No,No phone service,DSL,No,No,No,Yes,Yes,Yes,Two year,Yes,Electronic check,55.08,1025.98,No
2579-6110,Female,1,Yes,No,72,Yes,Yes,DSL,Yes,No,No,No,No,Yes,Month-to-month,Yes,Bank transfer (automatic),76.15,5473.25,No
2580-4452,Male,0,No,No,31,Yes,Yes,No,No internet service,No internet service,No internet service,No internet service,No internet service,No internet service,Month-to-month,No,Electronic check,34.65,1135.68,No
2581-5155,Male,0,No,No,56,Yes,No,Fiber optic,No,Yes,No,No,Yes,Yes,One year,Yes,Electronic check,89.0,5004.12,No
2582-3620,Male,0,No,No,21,Yes,Yes,No,No internet service,No internet service,No internet service,No internet service,No internet service,No internet service,One year,Yes,Electronic check,31.4,784.87,No
2583-6928,Female,0,No,No,10,Yes,Yes,Fiber optic,No,No,No,No,Yes,Yes,Two year,Yes,Credit card (automatic),92.82,966.94,No
2584-4153,Male,0,No,No,37,Yes,No,No,No internet service,No internet service,No internet service,No internet service,No internet service,No internet service,Two year,No,Mailed check,27.56,893.42,No
2585-5989,Male,1,No,Yes,40,Yes,Yes,DSL,No,No,No,No,No,Yes,Two year,Yes,Credit card (automatic),49.37,2013.03,No
2586-4327,Female,0,Yes,Yes,34,Yes,No,DSL,Yes,No,Yes,Yes,No,Yes,One year,Yes,Mailed check,58.04,1944.6,No
2587-3886,Female,0,Yes,Yes,29,Yes,No,DSL,No,No,No,No,No,Yes,Month-to-month,No,Credit card (automatic),56.88,1648.45,No
2588-9731,Female,1,No,No,47,Yes,Yes,DSL,No,No,No,Yes,No,No,Month-to-month,Yes,Electronic check,53.0,2382.03,No
2589-4111,Female,0,No,Yes,46,Yes,Yes,No,No internet service,No internet service,No internet service,No internet service,No internet service,No internet service,Month-to-month,No,Electronic check,33.75,1436.22,No
2590-1634,Female,0,No,No,11,Yes,Yes,Fiber optic,Yes,Yes,No,Yes,No,No,Month-to-month,No,Electronic check,88.56,979.54,No
2591-4406,Male,0,Yes,No,48,Yes,No,Fiber optic,No,No,No,Yes,No,Yes,Two year,Yes,Mailed check,84.82,4224.04,No
2592-5788,Male,0,No,No,24,Yes,Yes,Fiber optic,No,No,Yes,No,Yes,Yes,Month-to-month,No,Electronic check,87.59,1960.52,No
2593-1851,Male,0,Yes,No,58,Yes,No,DSL,No,No,No,Yes,No,No,Month-to-month,Yes,Mailed check,56.69,3205.32,No
2594-3750,Male,0,Yes,No,36,Yes,Yes,No,No internet service,No internet service,No internet service,No internet service,No internet service,No internet service,Two year,No,Mailed check,33.95,1223.36,No
2595-2494,Male,0,No,No,17,Yes,Yes,Fiber optic,No,No,No,Yes,Yes,Yes,Month-to-month,No,Electronic check,112.12,2027.45,No
2596-5505,Male,0,Yes,Yes,13,Yes,No,DSL,No,No,No,No,No,No,Month-to-month,No,Credit card (automatic),65.39,864.01,No
2597-7507,Female,0,No,No,70,Yes,Yes,Fiber optic,No,No,No,Yes,Yes,Yes,Month-to-month,Yes,Mailed check,93.46,6418.54,Yes
2598-9715,Male,0,Yes,Yes,52,Yes,No,DSL,No,Yes,Yes,No,No,No,Month-to-month,No,Mailed check,61.84,3128.45,No
2599-4501,Female,1,No,Yes,15,Yes,No,Fiber optic,Yes,No,No,Yes,Yes,Yes,Month-to-month,Yes,Mailed check,103.21,1478.12,No
2600-8768,Female,0,No,Yes,36,No,No phone service,Fiber optic,No,No,No,No,Yes,No,Month-to-month,Yes,Credit card (automatic),67.98,2441.83,Yes
2601-2930,Female,1,Yes,No,9,Yes,No,No,No internet service,No internet service,No internet service,No internet service,No internet service,No internet service,Two year,Yes,Bank transfer (automatic),25.1,302.91,No
2602-8023,Male,0,No,Yes,60,Yes,No,No,No internet service,No internet service,No internet service,No internet service,No internet service,No internet service,Month-to-month,No,Electronic check,29.08,1843.42,No
2603-6063,Female,0,No,No,60,No,No phone service,DSL,No,No,No,No,Yes,No,One year,Yes,Bank transfer (automatic),50.51,2979.24,No
2604-7822,Male,0,Yes,No,58,Yes,No,DSL,Yes,Yes,No,No,No,No,Month-to-month,Yes,Electronic check,62.91,3677.43,No
2605-7799,Male,0,No,No,33,Yes,Yes,No,No internet service,No internet service,No internet service,No internet service,No internet service,No internet service,Month-to-month,Yes,Credit card (automatic),35.37,1212.25,No
2606-5791,Female,0,No,No,12,Yes,No,Fiber optic,No,No,No,No,Yes,No,Month-to-month,Yes,Bank transfer (automatic),72.38,1014.39,No
2607-3316,Female,1,Yes,No,35,No,No phone service,Fiber optic,No,No,Yes,No,Yes,Yes,Month-to-month,Yes,Electronic check,69.3,2504.72,No
2608-5735,Female,0,No,No,37,No,No phone service,Fiber optic,No,No,No,Yes,No,No,Month-to-month,Yes,Credit card (automatic),76.66,2712.82,No
2609-8440,Male,0,Yes,Yes,23,Yes,Yes,Fiber optic,No,Yes,Yes,No,Yes,No,Month-to-month,No,Bank transfer (automatic),83.67,2104.89,Yes
2610-9734,Female,0,Yes,Yes,27,Yes,No,Fiber optic,No,Yes,No,No,No,Yes,Month-to-month,Yes,Electronic check,81.58,2258.39,No
2611-9346,Male,1,Yes,No,3,Yes,Yes,No,No internet service,No internet service,No internet service,No internet service,No internet service,No internet service,Month-to-month,Yes,Electronic check,31.56,174.82,Yes
2612-2633,Female,0,No,No,38,Yes,No,Fiber optic,No,Yes,No,No,No,Yes,Two year,Yes,Mailed check,82.67,3171.13,No
2613-6375,Male,0,No,No,14,Yes,Yes,DSL,Yes,No,Yes,No,Yes,No,Month-to-month,No,Bank transfer (automatic),68.54,935.7,No
2614-1941,Male,0,Yes,Yes,61,Yes,No,DSL,No,No,Yes,No,No,No,Month-to-month,Yes,Credit card (automatic),57.96,3575.25,No
2615-7019,Male,1,Yes,No,55,Yes,No,No,No internet service,No internet service,No internet service,No internet service,No internet service,No internet service,Month-to-month,Yes,Credit card (automatic),31.98,1786.58,No
2616-9930,Male,0,Yes,No,44,Yes,No,Fiber optic,No,No,Yes,No,Yes,Yes,Two year,Yes,Electronic check,113.49,4858.98,Yes
2617-1473,Female,0,No,No,16,Yes,No,Fiber optic,No,No,No,Yes,No,No,Month-to-month,No,Electronic check,87.42,1454.43,No
2618-6908,Male,0,Yes,Yes,48,Yes,No,DSL,No,No,Yes,No,No,Yes,Two year,No,Credit card (automatic),55.54,2642.13,No
2619-9508,Female,0,Yes,No,72,Yes,No,No,No internet service,No internet service,No internet service,No internet service,No internet service,No internet service,One year,Yes,Bank transfer (automatic),32.24,2355.72,No
2620-8623,Female,0,Yes,No,46,Yes,Yes,Fiber optic,No,No,No,Yes,No,No,Month-to-month,No,Electronic check,88.04,4184.65,Yes
2621-4531,Female,0,Yes,No,57,Yes,No,No,No internet service,No internet service,No internet service,No internet service,No internet service,No internet service,One year,No,Credit card (automatic),31.04,1656.96,No
2622-1935,Male,0,No,Yes,65,No,No phone service,DSL,No,No,Yes,Yes,Yes,No,One year,No,Credit card (automatic),63.77,3944.28,No
2623-9314,Male,1,No,No,61,Yes,No,DSL,Yes,No,No,No,No,Yes,One year,No,Mailed check,55.71,3362.8,No
2624-9290,Male,1,Yes,No,11,Yes,No,DSL,No,No,Yes,No,No,Yes,Month-to-month,No,Electronic check,58.66,589.05,No
2625-6210,Female,1,No,No,63,Yes,No,Fiber optic,Yes,Yes,Yes,No,No,No,Two year,No,Electronic check,74.09,4648.7,No
2626-9809,Female,1,Yes,No,55,Yes,Yes,No,No internet service,No internet service,No internet service,No internet service,No internet service,No internet service,Two year,Yes,Credit card (automatic),34.05,1987.37,No
2627-1041,Male,0,No,No,52,Yes,No,Fiber optic,No,Yes,Yes,No,No,Yes,Month-to-month,Yes,Electronic check,90.73,4666.28,No
2628-6548,Male,1,Yes,Yes,16,Yes,Yes,No,No internet service,No internet service,No internet service,No internet service,No internet service,No internet service,Month-to-month,No,Credit card (automatic),35.23,587.34,No
2629-1346,Male,1,Yes,Yes,34,Yes,No,Fiber optic,No,Yes,Yes,Yes,No,Yes,Month-to-month,No,Electronic check,92.25,3120.41,Yes
2630-9420,Female,0,No,No,65,Yes,Yes,DSL,No,No,No,No,No,Yes,Two year,Yes,Electronic check,60.8,4023.88,No
2631-7123,Female,0,Yes,No,66,Yes,No,Fiber optic,No,No,Yes,No,Yes,Yes,Month-to-month,No,Credit card (automatic),90.76,6056.3,No
2632-9219,Female,0,No,No,8,Yes,No,No,No internet service,No internet service,No internet service,No internet service,No internet service,No internet service,Month-to-month,Yes,Bank transfer (automatic),29.6,342.08,No
2633-6063,Male,0,Yes,No,31,Yes,No,Fiber optic,No,No,No,No,Yes,No,Month-to-month,Yes,Electronic check,83.87,2512.24,Yes
2634-1749,Female,0,Yes,Yes,44,Yes,No,DSL,No,No,No,No,No,No,One year,Yes,Credit card (automatic),49.19,2252.87,No
2635-1238,Male,0,No,Yes,6,Yes,No,No,No internet service,No internet service,No internet service,No internet service,No internet service,No internet service,Two year,No,Credit card (automatic),29.38,189.87,No
2636-4019,Female,0,Yes,No,17,No,No phone service,Fiber optic,Yes,Yes,No,No,No,No,Two year,No,Electronic check,58.27,937.37,No
2637-7690,Female,0,Yes,No,43,No,No phone service,No,No internet service,No internet service,No internet service,No internet service,No internet service,No internet service,One year,Yes,Electronic check,18.25,772.12,No
2638-2359,Male,0,No,Yes,47,Yes,Yes,Fiber optic,No,No,Yes,No,No,No,One year,No,Credit card (automatic),80.44,3802.8,No
2639-8668,Female,1,Yes,No,7,Yes,Yes,Fiber optic,No,No,No,No,No,No,One year,No,Mailed check,74.7,540.54,Yes
2640-3155,Female,0,No,No,30,Yes,Yes,Fiber optic,Yes,No,No,Yes,No,No,Two year,No,Electronic check,81.36,2467.82,No
2641-5467,Male,0,Yes,Yes,47,Yes,Yes,No,No internet service,No internet service,No internet service,No internet service,No internet service,No internet service,Month-to-month,Yes,Electronic check,33.05,1638.38,No
2642-2827,Female,0,No,Yes,72,No,No phone service,No,No internet service,No internet service,No internet service,No internet service,No internet service,No internet service,Month-to-month,No,Electronic check,18.25,1442.41,No
2643-5191,Male,1,No,No,72,Yes,No,Fiber optic,No,Yes,No,No,No,Yes,Month-to-month,No,Electronic check,95.35,6924.41,No
2644-5069,Female,1,Yes,Yes,22,Yes,Yes,DSL,No,No,Yes,No,Yes,No,One year,Yes,Bank transfer (automatic),72.81,1584.58,No
2645-1049,Female,0,No,Yes,49,Yes,No,DSL,No,Yes,No,No,No,Yes,Two year,Yes,Mailed check,55.84,2691.45,No
2646-6109,Female,0,No,Yes,40,Yes,No,DSL,Yes,No,No,No,Yes,No,One year,Yes,Electronic check,69.06,2760.48,No
2647-8079,Female,0,No,Yes,15,Yes,No,Fiber optic,No,Yes,No,No,Yes,Yes,One year,No,Electronic check,90.99,1435.89,No
2648-9425,Female,0,Yes,No,37,Yes,No,Fiber optic,No,Yes,No,No,Yes,Yes,Month-to-month,Yes,Electronic check,98.18,3729.26,No
2649-3976,Male,0,No,Yes,10,Yes,No,DSL,No,Yes,Yes,No,No,Yes,Two year,Yes,Mailed check,49.44,459.92,No
2650-8924,Female,0,No,No,8,Yes,Yes,Fiber optic,No,Yes,No,No,Yes,Yes,Month-to-month,No,Electronic check,105.47,753.29,Yes
2651-8907,Female,0,No,No,26,Yes,No,No,No internet service,No internet service,No internet service,No internet service,No internet service,No internet service,Month-to-month,No,Electronic check,35.18,899.76,No
2652-9894,Male,0,No,Yes,19,Yes,Yes,DSL,Yes,No,No,No,No,No,Month-to-month,Yes,Bank transfer (automatic),63.66,1230.42,No
2653-4357,Female,0,No,Yes,10,Yes,Yes,Fiber optic,Yes,No,No,Yes,Yes,No,Month-to-month,No,Electronic check,109.07,1030.96,Yes
2654-8657,Female,0,No,No,3,Yes,No,DSL,Yes,Yes,Yes,No,No,No,Month-to-month,No,Mailed check,63.49,125.98,No
2655-6085,Male,0,No,No,41,Yes,No,Fiber optic,No,Yes,No,No,Yes,Yes,Month-to-month,Yes,Credit card (automatic),81.56,3237.32,No
2656-1524,Male,0,No,No,0,Yes,No,No,No internet service,No internet service,No internet service,No internet service,No internet service,No internet service,Two year,No,Bank transfer (automatic),31.38,,No
2657-3432,Female,0,No,No,57,Yes,Yes,DSL,No,Yes,Yes,No,Yes,No,Month-to-month,No,Bank transfer (automatic),51.72,2982.93,No
2658-7047,Female,0,Yes,No,5,Yes,No,No,No internet service,No internet service,No internet service,No internet service,No internet service,No internet service,Month-to-month,No,Electronic check,26.9,109.35,No
2659-2445,Female,1,No,Yes,48,Yes,Yes,DSL,No,No,No,No,No,No,Month-to-month,No,Electronic check,60.04,2919.07,No
2660-4912,Male,0,Yes,Yes,10,No,No phone service,Fiber optic,Yes,Yes,Yes,No,No,Yes,One year,Yes,Mailed check,85.03,836.66,Yes
2661-7973,Female,0,No,No,45,Yes,Yes,DSL,No,No,Yes,No,Yes,No,One year,No,Credit card (automatic),59.09,2545.29,No
2662-2347,Male,0,No,Yes,10,Yes,No,Fiber optic,No,No,Yes,No,Yes,Yes,Month-to-month,No,Bank transfer (automatic),98.37,945.36,Yes
2663-5468,Female,0,No,No,31,No,No phone service,DSL,No,No,No,No,No,Yes,One year,Yes,Electronic check,59.33,1893.65,No
2664-2933,Female,1,Yes,Yes,48,Yes,Yes,Fiber optic,Yes,Yes,No,Yes,Yes,Yes,Month-to-month,No,Electronic check,104.31,5025.5,No
2665-5827,Male,0,No,No,12,Yes,No,DSL,Yes,No,No,No,No,Yes,Two year,Yes,Electronic check,69.06,654.08,No
2666-3166,Female,0,Yes,No,9,Yes,Yes,No,No internet service,No internet service,No internet service,No internet service,No internet service,No internet service,Two year,No,Credit card (automatic),26.22,310.68,No
2667-9687,Female,0,No,No,46,Yes,No,DSL,Yes,Yes,No,No,No,No,Month-to-month,No,Electronic check,65.62,2946.42,No
2668-1690,Male,0,No,No,46,Yes,Yes,DSL,No,No,Yes,No,No,Yes,Month-to-month,Yes,Electronic check,73.47,3313.9,No
2669-9671,Male,1,No,Yes,30,Yes,Yes,Fiber optic,Yes,No,No,Yes,Yes,Yes,Two year,Yes,Mailed check,68.3,2178.23,No
2670-8126,Female,0,Yes,Yes,8,Yes,Yes,Fiber optic,No,No,No,Yes,No,Yes,Month-to-month,Yes,Credit card (automatic),75.43,443.36,No
2671-8699,Male,0,No,No,22,No,No phone service,No,No internet service,No internet service,No internet service,No internet service,No internet service,No internet service,Month-to-month,No,Electronic check,18.25,347.17,No
2672-8662,Male,0,Yes,Yes,15,Yes,No,No,No internet service,No internet service,No internet service,No internet service,No internet service,No internet service,Month-to-month,Yes,Electronic check,27.97,565.87,No
2673-2688,Male,0,No,No,48,Yes,No,Fiber optic,Yes,No,No,No,No,Yes,Month-to-month,Yes,Credit card (automatic),93.82,4602.28,No
2674-9378,Female,0,No,No,21,Yes,Yes,No,No internet service,No internet service,No internet service,No internet service,No internet service,No internet service,Month-to-month,Yes,Bank transfer (automatic),31.45,905.87,No
2675-6347,Male,1,No,No,27,Yes,No,DSL,No,No,Yes,No,Yes,Yes,One year,Yes,Electronic check,65.16,1742.05,No
2676-9658,Female,0,Yes,No,19,Yes,No,No,No internet service,No internet service,No internet service,No internet service,No internet service,No internet service,Month-to-month,Yes,Mailed check,29.5,587.89,No
2677-8902,Male,0,Yes,No,12,Yes,Yes,Fiber optic,No,No,Yes,Yes,Yes,No,One year,Yes,Electronic check,86.25,1121.7,No
2678-6215,Male,1,No,No,59,Yes,Yes,DSL,No,Yes,Yes,No,Yes,Yes,Two year,Yes,Credit card (automatic),81.81,4718.26,No
2679-4369,Female,0,No,Yes,35,No,No phone service,Fiber optic,No,Yes,Yes,No,Yes,Yes,Two year,No,Bank transfer (automatic),104.75,3666.51,Yes
2680-2055,Male,0,Yes,No,41,Yes,No,Fiber optic,No,No,Yes,Yes,Yes,No,One year,Yes,Mailed check,95.28,3853.99,No
2681-1909,Female,0,No,Yes,21,Yes,No,Fiber optic,No,Yes,No,No,Yes,No,Month-to-month,No,Credit card (automatic),74.71,1481.37,No
2682-4506,Female,0,Yes,No,6,Yes,Yes,DSL,No,Yes,No,Yes,No,Yes,Month-to-month,No,Electronic check,64.4,319.37,Yes
2683-8297,Male,0,Yes,Yes,53,Yes,No,Fiber optic,No,No,Yes,No,No,Yes,Month-to-month,No,Bank transfer (automatic),83.61,4471.37,No
2684-5547,Male,0,No,No,52,Yes,No,Fiber optic,No,Yes,No,No,No,No,Two year,No,Electronic check,84.45,4347.69,No
2685-5335,Male,0,No,No,3,Yes,No,Fiber optic,Yes,No,No,No,No,Yes,Month-to-month,Yes,Electronic check,84.34,272.01,No
2686-3199,Male,1,No,Yes,64,Yes,No,No,No internet service,No internet service,No internet service,No internet service,No internet service,No internet service,Month-to-month,No,Electronic check,29.23,1877.96,No
2687-6078,Male,0,Yes,No,62,Yes,No,No,No internet service,No internet service,No internet service,No internet service,No internet service,No internet service,Month-to-month,No,Credit card (automatic),29.9,1885.68,No
2688-6742,Female,0,No,Yes,61,Yes,No,Fiber optic,No,No,Yes,Yes,Yes,No,Month-to-month,Yes,Electronic check,92.7,5770.28,No
2689-9838,Male,1,No,No,33,Yes,Yes,Fiber optic,No,Yes,Yes,No,Yes,No,Month-to-month,No,Bank transfer (automatic),89.97,2893.97,No
2690-7564,Female,0,No,No,50,Yes,Yes,Fiber optic,No,Yes,Yes,No,No,Yes,Two year,No,Bank transfer (automatic),75.02,3778.51,No
2691-6464,Female,0,Yes,No,1,Yes,No,No,No internet service,No internet service,No internet service,No internet service,No internet service,No internet service,Month-to-month,Yes,Bank transfer (automatic),25.74,97.41,No
2692-9189,Female,0,No,No,43,Yes,No,Fiber optic,No,No,No,Yes,Yes,No,One year,Yes,Mailed check,85.49,3632.58,No
2693-4824,Female,0,Yes,No,9,Yes,No,Fiber optic,Yes,Yes,Yes,No,No,No,Two year,Yes,Mailed check,73.65,785.48,No
2694-9413,Female,0,No,Yes,66,Yes,No,Fiber optic,No,No,Yes,No,Yes,Yes,Two year,Yes,Mailed check,88.96,5803.15,No
2695-4329,Male,0,No,No,69,Yes,No,No,No internet service,No internet service,No internet service,No internet service,No internet service,No internet service,Month-to-month,Yes,Electronic check,25.82,1887.0,No
2696-2149,Male,0,Yes,No,10,Yes,Yes,Fiber optic,No,No,No,No,Yes,No,One year,No,Electronic check,83.84,904.94,No
2697-4758,Female,0,Yes,No,39,Yes,No,DSL,No,Yes,Yes,Yes,No,Yes,One year,Yes,Mailed check,62.11,2393.33,No
2698-2158,Female,0,No,No,43,Yes,No,Fiber optic,No,No,No,No,Yes,No,Month-to-month,Yes,Mailed check,95.73,4269.6,No
2699-2065,Male,0,No,No,56,Yes,No,DSL,No,No,No,No,No,Yes,Two year,Yes,Electronic check,70.57,3860.19,No
2700-8929,Female,0,Yes,Yes,35,Yes,No,DSL,No,No,No,No,Yes,Yes,Month-to-month,Yes,Mailed check,63.0,2235.68,No
2701-8151,Male,0,Yes,Yes,64,No,No phone service,Fiber optic,Yes,No,No,No,No,Yes,Month-to-month,No,Electronic check,90.83,5705.12,No
2702-2990,Male,0,No,No,25,Yes,No,Fiber optic,No,Yes,Yes,No,Yes,No,Month-to-month,Yes,Electronic check,104.34,2611.54,Yes
2703-8538,Female,0,Yes,Yes,23,Yes,Yes,No,No internet service,No internet service,No internet service,No internet service,No internet service,No internet service,One year,Yes,Electronic check,27.08,588.54,Yes
2704-1620,Male,1,No,Yes,53,Yes,No,No,No internet service,No internet service,No internet service,No internet service,No internet service,No internet service,Month-to-month,No,Mailed check,25.8,1311.64,No
2705-3559,Male,0,No,No,39,Yes,No,Fiber optic,Yes,Yes,No,No,Yes,No,Two year,Yes,Bank transfer (automatic),81.59,3219.85,No
2706-7354,Male,0,Yes,No,5,Yes,No,DSL,No,Yes,Yes,No,Yes,No,Two year,No,Electronic check,53.41,284.91,No
2707-3733,Female,1,No,No,47,Yes,No,DSL,No,Yes,No,Yes,Yes,No,One year,Yes,Electronic check,70.84,3369.99,Yes
2708-7573,Male,1,No,No,20,Yes,No,No,No internet service,No internet service,No internet service,No internet service,No internet service,No internet service,One year,No,Electronic check,35.25,687.36,No
2709-8868,Male,0,No,No,61,No,No phone service,Fiber optic,No,No,No,No,No,No,Month-to-month,No,Electronic check,65.08,3888.36,No
2710-1594,Female,0,No,Yes,61,Yes,No,Fiber optic,No,Yes,No,No,Yes,No,One year,No,Credit card (automatic),89.66,5532.3,No
2711-1215,Male,0,Yes,No,30,Yes,No,Fiber optic,No,Yes,No,No,Yes,Yes,Month-to-month,Yes,Credit card (automatic),91.16,2826.99,Yes
2712-9459,Male,0,Yes,No,62,Yes,Yes,DSL,No,No,Yes,No,Yes,No,One year,Yes,Credit card (automatic),59.06,3649.05,No
2713-5683,Female,0,No,No,69,Yes,Yes,Fiber optic,Yes,No,No,Yes,No,Yes,Month-to-month,No,Mailed check,95.62,6689.85,No
2714-5557,Female,0,Yes,No,53,Yes,No,No,No internet service,No internet service,No internet service,No internet service,No internet service,No internet service,One year,Yes,Bank transfer (automatic),27.22,1606.66,No
2715-5172,Male,0,Yes,Yes,44,Yes,No,Fiber optic,No,Yes,No,Yes,No,Yes,One year,Yes,Mailed check,88.55,4014.78,No
2716-4902,Female,0,Yes,No,68,Yes,No,Fiber optic,Yes,No,No,No,Yes,No,Two year,No,Bank transfer (automatic),76.0,5199.95,No
2717-7210,Male,1,No,Yes,63,Yes,No,DSL,Yes,Yes,No,No,Yes,No,Month-to-month,No,Credit card (automatic),70.88,4422.7,No
2718-6217,Female,0,Yes,Yes,34,Yes,No,DSL,No,No,Yes,Yes,Yes,No,Two year,No,Electronic check,64.51,2103.74,No
2719-2470,Male,0,No,No,6,Yes,No,DSL,No,No,Yes,No,No,Yes,One year,No,Electronic check,62.39,437.81,No
2720-6639,Male,0,No,Yes,43,No,No phone service,Fiber optic,Yes,No,No,No,Yes,No,Month-to-month,Yes,Mailed check,89.79,3818.78,Yes
2721-7014,Male,0,Yes,Yes,33,Yes,Yes,DSL,No,No,Yes,No,No,No,Month-to-month,No,Electronic check,61.88,2106.95,No
2722-2022,Male,0,No,No,26,Yes,No,Fiber optic,Yes,No,No,Yes,No,Yes,Two year,Yes,Credit card (automatic),91.47,2304.23,No
2723-4390,Female,0,Yes,No,13,Yes,No,Fiber optic,No,No,No,No,Yes,No,Month-to-month,Yes,Bank transfer (automatic),99.64,1405.84,Yes
2724-8113,Female,0,No,No,52,Yes,No,Fiber optic,No,No,Yes,No,Yes,Yes,Two year,Yes,Mailed check,96.38,4973.5,No
2725-6567,Male,0,No,Yes,66,Yes,Yes,DSL,No,No,No,No,Yes,Yes,One year,No,Bank transfer (automatic),76.93,4993.13,No
2726-2227,Male,0,No,No,43,Yes,No,Fiber optic,No,No,Yes,No,No,Yes,Month-to-month,No,Electronic check,87.83,3787.6,No
2727-1360,Female,0,No,No,17,Yes,No,Fiber optic,Yes,No,No,Yes,No,Yes,Month-to-month,No,Bank transfer (automatic),102.62,1679.28,No
2728-6230,Male,0,No,No,0,Yes,Yes,DSL,No,No,No,No,Yes,No,Month-to-month,Yes,Mailed check,60.27,,Yes
2729-5155,Male,0,No,No,52,Yes,No,Fiber optic,No,Yes,No,No,Yes,Yes,One year,Yes,Credit card (automatic),99.31,5232.01,No
2730-9648,Female,0,No,No,11,Yes,No,Fiber optic,No,No,No,Yes,No,Yes,Two year,Yes,Electronic check,79.58,837.89,No
2731-5699,Female,0,Yes,Yes,4,Yes,Yes,Fiber optic,Yes,No,Yes,No,No,Yes,Month-to-month,Yes,Bank transfer (automatic),83.69,404.43,Yes
2732-9382,Male,0,No,No,14,Yes,No,No,No internet service,No internet service,No internet service,No internet service,No internet service,No internet service,One year,Yes,Bank transfer (automatic),31.79,486.43,No
2733-2928,Male,0,No,No,14,Yes,Yes,No,No internet service,No internet service,No internet service,No internet service,No internet service,No internet service,One year,Yes,Electronic check,24.57,341.1,No
2734-5025,Female,0,Yes,No,24,Yes,No,Fiber optic,No,No,No,No,No,No,Two year,Yes,Electronic check,87.18,2084.21,No
2735-2256,Male,0,No,No,23,Yes,Yes,No,No internet service,No internet service,No internet service,No internet service,No internet service,No internet service,Month-to-month,No,Mailed check,33.57,729.88,No
2736-6167,Male,0,No,No,14,Yes,No,No,No internet service,No internet service,No internet service,No internet service,No internet service,No internet service,Month-to-month,Yes,Electronic check,28.72,355.34,No
2737-2696,Female,0,No,No,57,Yes,Yes,No,No internet service,No internet service,No internet service,No internet service,No internet service,No internet service,Month-to-month,Yes,Electronic check,30.21,1747.19,No
2738-5429,Female,0,Yes,Yes,60,Yes,No,Fiber optic,No,Yes,Yes,No,Yes,Yes,Month-to-month,Yes,Electronic check,103.17,6248.57,No
2739-4096,Male,0,No,Yes,18,Yes,Yes,No,No internet service,No internet service,No internet service,No internet service,No internet service,No internet service,One year,No,Electronic check,33.9,664.77,No
2740-2671,Female,0,No,No,26,Yes,Yes,DSL,No,Yes,Yes,No,Yes,Yes,Two year,Yes,Electronic check,92.95,2533.87,No
2741-1871,Female,0,Yes,No,59,Yes,No,No,No internet service,No internet service,No internet service,No internet service,No internet service,No internet service,Month-to-month,Yes,Electronic check,29.92,1774.05,No
2742-5607,Female,0,No,No,69,Yes,Yes,DSL,No,No,No,No,No,Yes,One year,Yes,Credit card (automatic),66.36,4716.91,No
2743-9524,Male,0,No,No,57,Yes,Yes,DSL,No,Yes,Yes,Yes,No,No,One year,Yes,Electronic check,51.71,2953.05,No
2744-2788,Female,0,Yes,Yes,40,Yes,Yes,DSL,No,Yes,No,Yes,No,Yes,Month-to-month,No,Credit card (automatic),66.47,2685.29,No
2745-4644,Male,0,No,No,72,Yes,No,Fiber optic,No,No,No,No,No,No,Month-to-month,Yes,Bank transfer (automatic),65.58,4926.14,No
2746-3021,Male,1,Yes,No,53,Yes,Yes,Fiber optic,No,Yes,No,No,No,Yes,Month-to-month,Yes,Credit card (automatic),106.31,5720.36,No
2747-8279,Female,0,No,No,49,No,No phone service,Fiber optic,No,Yes,No,Yes,No,No,Month-to-month,Yes,Credit card (automatic),66.05,3257.95,No
2748-4733,Female,0,No,No,2,Yes,No,Fiber optic,No,Yes,Yes,No,No,No,Two year,Yes,Credit card (automatic),77.97,221.83,No
2749-9768,Female,0,No,No,46,Yes,Yes,Fiber optic,Yes,Yes,No,No,No,Yes,Two year,No,Bank transfer (automatic),106.36,4920.89,No
2750-3206,Female,0,No,No,21,Yes,Yes,No,No internet service,No internet service,No internet service,No internet service,No internet service,No internet service,One year,Yes,Bank transfer (automatic),24.64,685.66,No
2751-1726,Male,0,Yes,No,43,Yes,Yes,Fiber optic,Yes,No,Yes,No,Yes,No,Two year,Yes,Electronic check,105.95,4535.32,No
2752-6242,Male,0,Yes,Yes,41,Yes,No,Fiber optic,No,Yes,No,No,No,Yes,Month-to-month,No,Credit card (automatic),94.31,3770.51,No
2753-6864,Male,0,No,Yes,8,Yes,Yes,No,No internet service,No internet service,No internet service,No internet service,No internet service,No internet service,Month-to-month,Yes,Electronic check,36.32,287.76,No
2754-9915,Male,0,Yes,No,33,Yes,No,DSL,No,No,Yes,No,Yes,Yes,Month-to-month,No,Bank transfer (automatic),93.46,3052.27,Yes
2755-8841,Male,0,Yes,No,37,Yes,No,Fiber optic,No,Yes,No,No,Yes,No,Month-to-month,Yes,Electronic check,81.7,2993.12,No
2756-8956,Male,0,Yes,No,3,Yes,Yes,DSL,No,Yes,No,Yes,Yes,Yes,One year,Yes,Electronic check,62.28,87.61,No
2757-6707,Male,0,No,No,62,Yes,Yes,Fiber optic,Yes,No,Yes,No,No,Yes,One year,Yes,Bank transfer (automatic),81.6,5150.36,No
2758-4237,Female,0,No,No,68,Yes,No,No,No internet service,No internet service,No internet service,No internet service,No internet service,No internet service,Month-to-month,No,Mailed check,30.72,2147.79,No
2759-4860,Male,0,Yes,No,1,Yes,No,DSL,No,No,No,No,Yes,Yes,Two year,No,Bank transfer (automatic),80.51,237.64,No
2760-2203,Female,0,Yes,Yes,8,Yes,Yes,DSL,No,No,No,No,No,No,Month-to-month,Yes,Credit card (automatic),47.71,426.16,No
2761-4879,Male,0,Yes,No,9,Yes,No,Fiber optic,No,Yes,Yes,No,No,No,Month-to-month,No,Electronic check,76.72,778.39,Yes
2762-4279,Female,1,Yes,Yes,32,Yes,No,Fiber optic,No,No,No,Yes,Yes,No,Month-to-month,No,Credit card (automatic),90.55,2896.91,No
2763-1323,Male,0,Yes,No,43,Yes,Yes,Fiber optic,Yes,Yes,No,No,Yes,No,Month-to-month,Yes,Electronic check,84.11,3579.77,Yes
2764-2840,Male,0,No,No,17,Yes,No,Fiber optic,No,Yes,No,No,Yes,No,One year,Yes,Credit card (automatic),89.72,1461.15,Yes
2765-5810,Female,0,No,No,61,Yes,No,DSL,No,Yes,Yes,No,Yes,No,One year,Yes,Bank transfer (automatic),68.02,4245.81,No
2766-4323,Male,0,Yes,No,22,Yes,No,DSL,No,Yes,Yes,Yes,No,Yes,One year,No,Mailed check,66.92,1538.27,No
2767-9940,Male,0,No,No,22,No,No phone service,Fiber optic,No,No,Yes,No,Yes,No,Month-to-month,Yes,Mailed check,68.03,1551.91,Yes
2768-5306,Male,0,No,No,42,No,No phone service,Fiber optic,No,Yes,Yes,No,No,No,Month-to-month,Yes,Electronic check,65.86,2723.82,No
2769-9627,Female,0,Yes,Yes,63,Yes,No,No,No internet service,No internet service,No internet service,No internet service,No internet service,No internet service,Month-to-month,No,Mailed check,32.89,2211.64,No
2770-6945,Male,0,Yes,Yes,18,Yes,Yes,Fiber optic,No,Yes,Yes,No,Yes,Yes,Two year,Yes,Electronic check,100.4,1789.85,No
2771-1363,Male,1,No,Yes,24,Yes,No,DSL,Yes,No,Yes,Yes,No,No,Month-to-month,Yes,Bank transfer (automatic),56.43,1355.84,No
2772-2830,Female,0,Yes,Yes,24,Yes,Yes,DSL,No,No,Yes,No,Yes,No,Month-to-month,Yes,Bank transfer (automatic),73.1,1729.3,No
2773-7351,Female,0,No,Yes,33,No,No phone service,No,No internet service,No internet service,No internet service,No internet service,No internet service,No internet service,Two year,No,Credit card (automatic),18.25,628.57,No
2774-5905,Male,0,No,No,31,No,No phone service,Fiber optic,No,No,No,Yes,No,Yes,Month-to-month,Yes,Bank transfer (automatic),76.19,2457.91,No
2775-3715,Female,0,No,No,69,Yes,No,Fiber optic,Yes,No,Yes,No,No,No,Two year,Yes,Credit card (automatic),71.73,4965.04,No
2776-5698,Female,1,Yes,Yes,10,Yes,No,Fiber optic,Yes,Yes,No,No,No,No,Two year,No,Electronic check,72.21,717.95,No
2777-9125,Male,0,Yes,No,30,Yes,No,DSL,Yes,Yes,No,No,No,Yes,Two year,Yes,Bank transfer (automatic),49.07,1394.4,No
2778-4497,Female,1,No,No,18,Yes,No,No,No internet service,No internet service,No internet service,No internet service,No internet service,No internet service,Month-to-month,No,Electronic check,34.07,748.58,No
2779-1405,Female,0,Yes,No,43,Yes,Yes,Fiber optic,Yes,No,Yes,Yes,No,Yes,Two year,No,Electronic check,86.56,3611.95,No
2780-3798,Female,0,Yes,No,57,Yes,Yes,DSL,Yes,Yes,No,Yes,Yes,Yes,One year,Yes,Mailed check,83.27,4647.17,No
2781-9421,Female,0,No,No,68,Yes,Yes,Fiber optic,No,Yes,Yes,No,Yes,No,Two year,No,Mailed check,98.23,6724.27,No
2782-7855,Female,0,Yes,No,31,Yes,Yes,Fiber optic,No,Yes,Yes,Yes,No,No,Month-to-month,Yes,Credit card (automatic),78.94,2438.71,No
2783-8536,Male,1,No,No,19,Yes,No,Fiber optic,No,No,Yes,No,No,Yes,Month-to-month,No,Bank transfer (automatic),76.57,1496.11,No
2784-9203,Male,0,No,No,70,Yes,No,Fiber optic,No,Yes,Yes,No,Yes,No,One year,Yes,Mailed check,77.97,5454.21,No
2785-2057,Male,0,No,Yes,6,Yes,No,Fiber optic,No,No,Yes,Yes,No,Yes,Month-to-month,Yes,Bank transfer (automatic),101.66,495.1,Yes
2786-3543,Female,0,Yes,No,9,Yes,Yes,No,No internet service,No internet service,No internet service,No internet service,No internet service,No internet service,One year,Yes,Electronic check,29.03,140.84,No
2787-1538,Female,0,No,Yes,69,Yes,Yes,No,No internet service,No internet service,No internet service,No internet service,No internet service,No internet service,Two year,Yes,Credit card (automatic),22.78,1436.12,No
2788-1042,Male,0,No,No,64,Yes,Yes,Fiber optic,No,No,No,No,Yes,No,Two year,Yes,Electronic check,87.68,5795.62,No
2789-8511,Female,0,Yes,Yes,40,No,No phone service,DSL,No,Yes,No,No,No,Yes,Month-to-month,Yes,Electronic check,43.6,1658.54,No
2790-9431,Male,0,No,No,23,Yes,No,Fiber optic,No,Yes,Yes,No,No,No,Month-to-month,No,Mailed check,74.52,1679.34,No
2791-2401,Female,1,Yes,Yes,70,Yes,No,No,No internet service,No internet service,No internet service,No internet service,No internet service,No internet service,One year,No,Mailed check,38.68,2795.19,No
2792-7498,Male,0,Yes,No,69,Yes,Yes,DSL,No,No,Yes,No,Yes,No,Month-to-month,No,Bank transfer (automatic),63.81,4481.52,No
2793-5813,Male,0,No,No,63,Yes,No,DSL,No,Yes,No,Yes,Yes,No,Month-to-month,Yes,Bank transfer (automatic),68.29,4241.49,No
2794-1622,Male,0,Yes,No,56,Yes,No,No,No internet service,No internet service,No internet service,No internet service,No internet service,No internet service,Month-to-month,No,Electronic check,32.61,1782.15,No
2795-9240,Female,1,Yes,No,43,Yes,Yes,No,No internet service,No internet service,No internet service,No internet service,No internet service,No internet service,Month-to-month,No,Bank transfer (automatic),31.32,1339.59,No
2796-8840,Female,1,No,No,27,Yes,No,No,No internet service,No internet service,No internet service,No internet service,No internet service,No internet service,Month-to-month,No,Electronic check,21.44,526.16,No
2797-6106,Male,0,Yes,No,34,Yes,No,Fiber optic,No,Yes,No,No,No,No,Month-to-month,No,Bank transfer (automatic),88.56,3065.41,Yes
2798-7370,Female,0,No,No,39,Yes,Yes,DSL,No,No,No,Yes,No,Yes,Two year,Yes,Mailed check,63.31,2703.1,No
2799-4574,Male,0,Yes,No,35,Yes,Yes,DSL,Yes,No,No,No,No,No,Two year,No,Electronic check,51.16,1755.77,No
2800-8134,Female,0,No,No,62,Yes,No,Fiber optic,No,No,No,No,No,No,Month-to-month,Yes,Electronic check,75.57,4636.97,No
2801-5004,Male,0,No,No,12,Yes,No,No,No internet service,No internet service,No internet service,No internet service,No internet service,No internet service,One year,Yes,Credit card (automatic),27.28,386.64,No
2802-9901,Female,0,Yes,No,6,Yes,No,Fiber optic,Yes,No,Yes,No,No,No,Two year,No,Credit card (automatic),88.3,330.06,No
2803-1567,Male,0,No,No,33,Yes,Yes,Fiber optic,Yes,Yes,Yes,No,No,No,Month-to-month,Yes,Credit card (automatic),84.26,2797.87,No
2804-2549,Male,0,Yes,No,15,Yes,No,No,No internet service,No internet service,No internet service,No internet service,No internet service,No internet service,Month-to-month,Yes,Bank transfer (automatic),28.16,348.65,No
2805-9717,Male,0,Yes,No,59,Yes,No,DSL,No,Yes,No,Yes,No,Yes,Month-to-month,No,Electronic check,72.31,4394.31,No
2806-3598,Female,0,Yes,No,61,Yes,No,DSL,No,No,No,Yes,Yes,No,One year,Yes,Electronic check,60.74,3635.02,No
2807-3795,Female,0,Yes,No,72,No,No phone service,No,No internet service,No internet service,No internet service,No internet service,No internet service,No internet service,Month-to-month,No,Mailed check,18.25,1309.38,No
2808-8120,Female,0,Yes,No,28,Yes,No,Fiber optic,Yes,Yes,No,No,Yes,No,Month-to-month,Yes,Mailed check,94.34,2630.43,No
2809-2704,Male,0,No,No,70,Yes,No,Fiber optic,No,Yes,No,Yes,Yes,Yes,Month-to-month,Yes,Credit card (automatic),96.96,6817.11,Yes
2810-5621,Female,0,No,No,7,Yes,No,No,No internet service,No internet service,No internet service,No internet service,No internet service,No internet service,Two year,No,Electronic check,29.88,269.73,No
2811-3574,Male,0,No,No,70,Yes,Yes,No,No internet service,No internet service,No internet service,No internet service,No internet service,No internet service,Two year,Yes,Mailed check,28.14,2008.77,No
2812-2781,Female,0,No,No,17,Yes,Yes,Fiber optic,No,No,Yes,No,No,Yes,One year,Yes,Mailed check,87.19,1395.85,No
2813-9678,Female,0,Yes,Yes,1,Yes,Yes,Fiber optic,Yes,Yes,No,Yes,No,No,Month-to-month,No,Mailed check,93.25,113.28,No
2814-2798,Male,0,Yes,Yes,60,Yes,No,Fiber optic,No,No,No,Yes,No,No,One year,Yes,Mailed check,78.88,4817.3,No
2815-1848,Female,0,Yes,No,37,Yes,No,No,No internet service,No internet service,No internet service,No internet service,No internet service,No internet service,One year,Yes,Credit card (automatic),31.48,1111.03,No
2816-7064,Female,0,No,Yes,30,No,No phone service,DSL,No,Yes,No,No,No,No,One year,No,Mailed check,35.06,1019.44,No
2817-8804,Male,0,No,Yes,14,Yes,No,Fiber optic,No,No,No,Yes,No,Yes,Month-to-month,Yes,Credit card (automatic),74.4,1097.2,No
2818-2147,Male,0,Yes,No,30,Yes,No,No,No internet service,No internet service,No internet service,No internet service,No internet service,No internet service,Month-to-month,Yes,Electronic check,23.43,610.65,No
2819-7369,Male,0,Yes,Yes,44,No,No phone service,Fiber optic,No,No,No,Yes,No,No,One year,No,Mailed check,67.99,3037.75,No
2820-5866,Male,1,Yes,No,10,Yes,Yes,Fiber optic,Yes,No,Yes,Yes,No,Yes,Month-to-month,Yes,Mailed check,99.08,1036.41,Yes
2821-8469,Male,0,No,Yes,69,Yes,Yes,DSL,Yes,Yes,Yes,Yes,Yes,No,Month-to-month,Yes,Electronic check,66.51,4492.31,No
2822-2142,Male,0,Yes,Yes,52,No,No phone service,DSL,No,No,Yes,Yes,No,No,Two year,No,Credit card (automatic),41.53,2199.34,No
2823-9782,Female,0,No,No,63,Yes,No,DSL,Yes,Yes,No,No,No,Yes,One year,Yes,Bank transfer (automatic),68.88,4327.82,No
2824-6571,Female,0,Yes,No,3,Yes,Yes,Fiber optic,No,Yes,Yes,No,No,No,Two year,Yes,Mailed check,77.54,190.17,No
2825-8578,Female,0,Yes,No,63,Yes,No,DSL,No,No,No,Yes,No,Yes,Month-to-month,Yes,Electronic check,70.05,4475.31,No
2826-4257,Male,1,Yes,No,63,Yes,Yes,Fiber optic,No,No,Yes,No,Yes,No,Month-to-month,Yes,Credit card (automatic),97.52,6075.3,No
2827-9489,Male,0,No,No,26,No,No phone service,Fiber optic,No,No,No,No,Yes,No,Month-to-month,No,Mailed check,81.01,2121.94,Yes
2828-6636,Female,0,No,No,41,Yes,No,DSL,No,No,No,No,No,No,Month-to-month,Yes,Electronic check,64.4,2664.16,No
2829-2142,Male,0,Yes,No,36,Yes,Yes,DSL,No,Yes,Yes,No,Yes,Yes,Month-to-month,Yes,Electronic check,72.52,2651.03,No
2830-9305,Female,0,Yes,Yes,60,Yes,Yes,Fiber optic,Yes,No,No,Yes,Yes,Yes,Two year,Yes,Credit card (automatic),101.05,6170.91,No
2831-8161,Male,0,Yes,Yes,20,Yes,No,Fiber optic,No,Yes,No,Yes,No,No,Two year,Yes,Mailed check,92.48,1891.97,Yes
2832-3701,Male,0,Yes,No,67,Yes,No,Fiber optic,No,Yes,Yes,Yes,Yes,No,Month-to-month,Yes,Bank transfer (automatic),66.14,4446.25,No
2833-5910,Male,0,Yes,No,40,No,No phone service,No,No internet service,No internet service,No internet service,No internet service,No internet service,No internet service,Month-to-month,Yes,Mailed check,18.25,684.98,No
2834-4492,Male,1,Yes,No,0,Yes,No,No,No internet service,No internet service,No internet service,No internet service,No internet service,No internet service,Month-to-month,No,Credit card (automatic),27.74,,Yes
2835-5890,Male,0,No,No,22,Yes,No,Fiber optic,No,Yes,No,Yes,Yes,No,Two year,Yes,Electronic check,90.64,2038.45,No
2836-9687,Female,0,No,No,10,Yes,No,Fiber optic,No,No,No,No,Yes,Yes,One year,Yes,Credit card (automatic),97.14,898.92,Yes
2837-9089,Female,0,No,No,59,Yes,No,Fiber optic,No,No,Yes,No,Yes,No,Two year,No,Bank transfer (automatic),93.61,5504.53,No
2838-2939,Male,0,No,No,29,Yes,Yes,Fiber optic,No,No,Yes,Yes,Yes,No,Two year,Yes,Credit card (automatic),100.29,2839.12,No
2839-9745,Female,0,No,No,33,Yes,Yes,DSL,Yes,No,No,No,Yes,No,Month-to-month,No,Mailed check,61.23,2055.35,No
2840-4941,Female,0,No,Yes,25,No,No phone service,No,No internet service,No internet service,No internet service,No internet service,No internet service,No internet service,Month-to-month,Yes,Electronic check,18.25,453.79,No
2841-7342,Female,0,Yes,No,51,Yes,Yes,No,No internet service,No internet service,No internet service,No internet service,No internet service,No internet service,Month-to-month,Yes,Mailed check,28.03,1469.19,No
2842-7877,Male,1,Yes,No,72,Yes,Yes,Fiber optic,No,Yes,Yes,No,No,Yes,Month-to-month,Yes,Bank transfer (automatic),87.31,6265.94,No
2843-5345,Male,0,Yes,No,63,No,No phone service,Fiber optic,No,No,Yes,No,Yes,Yes,Two year,Yes,Mailed check,67.83,4293.39,No
2844-5109,Male,0,No,No,72,Yes,No,Fiber optic,No,Yes,Yes,No,Yes,No,One year,No,Credit card (automatic),90.2,6522.6,No
2845-5107,Male,0,Yes,No,21,Yes,Yes,DSL,Yes,Yes,Yes,No,No,No,Month-to-month,Yes,Credit card (automatic),49.62,1089.36,No
2846-8762,Male,1,Yes,Yes,48,Yes,No,DSL,Yes,No,Yes,No,Yes,No,Month-to-month,No,Credit card (automatic),63.68,3063.32,No
2847-4476,Male,0,No,No,45,Yes,No,DSL,Yes,No,Yes,No,Yes,No,Two year,Yes,Mailed check,60.9,2654.56,No
2848-3519,Male,0,No,Yes,22,No,No phone service,No,No internet service,No internet service,No internet service,No internet service,No internet service,No internet service,Month-to-month,No,Mailed check,18.25,479.69,No
2849-4254,Female,0,No,Yes,61,Yes,No,Fiber optic,No,Yes,Yes,No,No,No,Month-to-month,No,Mailed check,90.24,5585.67,No
2850-2753,Male,1,No,No,67,Yes,Yes,Fiber optic,Yes,Yes,No,Yes,No,No,Two year,Yes,Mailed check,77.1,5280.71,No
2851-4523,Female,0,No,Yes,69,Yes,No,DSL,Yes,Yes,No,No,No,No,Month-to-month,Yes,Electronic check,48.04,3240.14,No
2852-2026,Male,0,No,No,72,Yes,Yes,No,No internet service,No internet service,No internet service,No internet service,No internet service,No internet service,Month-to-month,Yes,Electronic check,29.0,2044.02,No
2853-1807,Male,0,Yes,No,11,No,No phone service,No,No internet service,No internet service,No internet service,No internet service,No internet service,No internet service,Two year,No,Mailed check,18.25,121.94,No
2854-7513,Male,0,No,No,10,Yes,Yes,No,No internet service,No internet service,No internet service,No internet service,No internet service,No internet service,Two year,No,Bank transfer (automatic),35.04,182.69,No
2855-1696,Male,0,No,No,49,Yes,No,Fiber optic,No,Yes,Yes,No,Yes,No,Two year,No,Credit card (automatic),68.3,3414.86,No
2856-6113,Male,1,Yes,No,52,No,No phone service,Fiber optic,No,Yes,Yes,No,No,Yes,Month-to-month,Yes,Bank transfer (automatic),73.79,3721.59,No
2857-8018,Male,0,No,No,31,Yes,Yes,Fiber optic,No,No,No,No,No,No,Two year,No,Mailed check,78.22,2477.6,No
2858-7519,Female,0,No,Yes,11,Yes,Yes,DSL,No,No,Yes,No,No,Yes,One year,Yes,Electronic check,63.56,588.35,No
2859-5014,Female,0,No,No,20,Yes,No,Fiber optic,No,No,Yes,Yes,No,No,Month-to-month,Yes,Credit card (automatic),81.97,1505.26,Yes
2860-2742,Male,0,No,No,9,Yes,Yes,Fiber optic,No,No,Yes,No,Yes,Yes,Month-to-month,No,Electronic check,104.78,909.48,Yes
2861-9375,Male,0,Yes,No,11,Yes,Yes,Fiber optic,Yes,No,Yes,No,Yes,Yes,Two year,Yes,Credit card (automatic),101.47,1150.72,No
2862-8515,Female,0,Yes,No,13,Yes,Yes,Fiber optic,No,Yes,Yes,No,No,Yes,Month-to-month,Yes,Electronic check,84.97,963.19,Yes
2863-6509,Male,0,Yes,No,42,Yes,Yes,DSL,No,No,No,No,Yes,Yes,Month-to-month,No,Mailed check,65.96,2726.86,No
2864-1780,Male,0,No,No,37,Yes,Yes,Fiber optic,No,No,Yes,No,No,No,Month-to-month,No,Bank transfer (automatic),84.01,2988.14,No
2865-1316,Male,0,No,No,24,No,No phone service,Fiber optic,No,No,No,Yes,No,No,Month-to-month,Yes,Electronic check,64.29,1598.76,No
2866-3836,Female,1,No,Yes,39,Yes,Yes,Fiber optic,No,No,Yes,No,Yes,No,Month-to-month,Yes,Electronic check,85.29,3325.42,No
2867-2417,Male,0,No,No,48,Yes,No,No,No internet service,No internet service,No internet service,No internet service,No internet service,No internet service,Month-to-month,No,Electronic check,33.53,1611.18,No
2868-8742,Female,0,No,No,7,Yes,No,DSL,No,Yes,No,No,No,Yes,Month-to-month,No,Credit card (automatic),69.76,558.99,No
2869-2852,Female,1,Yes,No,20,Yes,Yes,Fiber optic,Yes,No,Yes,Yes,Yes,Yes,Month-to-month,No,Mailed check,86.18,1705.35,Yes
2870-3543,Male,0,Yes,No,14,Yes,No,Fiber optic,No,No,No,No,Yes,Yes,Two year,No,Electronic check,102.7,1472.88,No
2871-9780,Male,0,Yes,No,0,Yes,Yes,Fiber optic,Yes,Yes,No,No,Yes,Yes,One year,Yes,Mailed check,97.44,,Yes
2872-8363,Female,0,No,No,8,Yes,No,No,No internet service,No internet service,No internet service,No internet service,No internet service,No internet service,Month-to-month,Yes,Credit card (automatic),35.44,286.47,No
2873-2968,Female,0,Yes,Yes,56,Yes,Yes,Fiber optic,Yes,No,Yes,No,Yes,No,One year,Yes,Electronic check,79.85,4328.71,Yes
2874-4451,Female,0,No,Yes,63,Yes,Yes,No,No internet service,No internet service,No internet service,No internet service,No internet service,No internet service,Two year,Yes,Electronic check,22.42,1448.87,No
2875-5641,Male,0,No,No,11,Yes,No,DSL,No,No,Yes,No,Yes,No,Month-to-month,Yes,Mailed check,69.95,701.83,No
2876-6977,Male,1,Yes,No,56,Yes,No,No,No internet service,No internet service,No internet service,No internet service,No internet service,No internet service,One year,No,Bank transfer (automatic),38.13,2101.58,No
2877-9424,Female,0,No,Yes,18,Yes,No,No,No internet service,No internet service,No internet service,No internet service,No internet service,No internet service,Month-to-month,No,Electronic check,30.17,488.78,No
2878-8839,Female,0,No,No,10,Yes,No,DSL,No,No,Yes,No,No,Yes,One year,No,Electronic check,59.96,615.06,No
2879-9793,Male,0,No,Yes,17,Yes,No,Fiber optic,No,Yes,No,No,Yes,No,One year,No,Bank transfer (automatic),85.72,1444.63,No
2880-1365,Female,0,Yes,No,67,Yes,Yes,Fiber optic,No,No,Yes,No,No,No,Month-to-month,No,Credit card (automatic),76.79,5129.87,No
2881-3127,Female,0,Yes,No,24,Yes,Yes,No,No internet service,No internet service,No internet service,No internet service,No internet service,No internet service,One year,Yes,Electronic check,26.73,692.69,No
2882-6066,Female,1,Yes,No,54,Yes,No,DSL,Yes,Yes,Yes,No,Yes,Yes,Month-to-month,Yes,Mailed check,95.98,5163.85,No
2883-1442,Male,0,No,No,35,Yes,Yes,Fiber optic,Yes,No,No,No,No,Yes,Two year,Yes,Electronic check,95.72,3364.14,No
2884-4197,Female,0,No,Yes,31,Yes,No,Fiber optic,No,Yes,Yes,Yes,No,No,Month-to-month,Yes,Credit card (automatic),83.27,2678.12,Yes
2885-2382,Female,0,No,No,59,Yes,Yes,DSL,Yes,Yes,No,Yes,No,Yes,Month-to-month,Yes,Electronic check,75.87,4584.93,No
2886-9395,Female,0,No,No,72,Yes,No,No,No internet service,No internet service,No internet service,No internet service,No internet service,No internet service,Two year,No,Mailed check,29.92,2308.03,No
2887-1569,Female,0,Yes,No,47,No,No phone service,Fiber optic,No,Yes,Yes,No,Yes,No,Month-to-month,Yes,Electronic check,88.31,4265.61,No
2888-2335,Female,0,No,Yes,62,Yes,Yes,Fiber optic,Yes,Yes,Yes,Yes,No,Yes,One year,Yes,Mailed check,89.85,5451.35,No
2889-2755,Female,0,Yes,Yes,10,Yes,No,No,No internet service,No internet service,No internet service,No internet service,No internet service,No internet service,Month-to-month,Yes,Credit card (automatic),28.51,225.21,No
2890-2337,Female,0,Yes,Yes,65,Yes,No,No,No internet service,No internet service,No internet service,No internet service,No internet service,No internet service,Month-to-month,No,Bank transfer (automatic),30.14,2009.99,No
2891-6116,Female,1,No,No,13,Yes,No,No,No internet service,No internet service,No internet service,No internet service,No internet service,No internet service,Two year,No,Electronic check,29.32,419.56,No
2892-4278,Female,0,No,Yes,13,Yes,Yes,DSL,No,No,No,No,No,No,Month-to-month,Yes,Credit card (automatic),69.18,883.9,No
2893-9211,Male,0,No,No,61,Yes,No,No,No internet service,No internet service,No internet service,No internet service,No internet service,No internet service,Month-to-month,Yes,Mailed check,27.55,1746.22,No
2894-3347,Female,0,No,No,35,Yes,Yes,DSL,No,No,No,Yes,No,No,Two year,Yes,Bank transfer (automatic),58.1,1952.39,Yes
2895-5834,Male,0,Yes,No,18,Yes,No,Fiber optic,Yes,No,Yes,Yes,Yes,Yes,One year,No,Mailed check,108.09,2003.32,Yes
2896-6940,Male,0,Yes,No,1,Yes,Yes,No,No internet service,No internet service,No internet service,No internet service,No internet service,No internet service,Month-to-month,No,Electronic check,24.32,105.82,No
2897-6633,Male,1,Yes,No,15,Yes,Yes,DSL,No,Yes,No,Yes,No,No,Month-to-month,No,Credit card (automatic),52.71,660.26,No
2898-8166,Male,0,No,No,60,Yes,No,DSL,No,No,No,No,No,No,Month-to-month,Yes,Credit card (automatic),70.21,4221.04,No
2899-2816,Male,0,No,No,0,Yes,Yes,No,No internet service,No internet service,No internet service,No internet service,No internet service,No internet service,Month-to-month,Yes,Electronic check,24.56,,No
2900-5566,Female,0,Yes,No,67,Yes,Yes,DSL,No,No,No,Yes,Yes,Yes,Month-to-month,Yes,Electronic check,81.43,5376.02,No
2901-8204,Female,0,Yes,No,56,Yes,No,DSL,No,No,No,No,No,Yes,Month-to-month,No,Mailed check,68.26,3717.3,No
2902-8766,Female,0,No,No,14,Yes,No,DSL,Yes,Yes,No,No,Yes,Yes,Month-to-month,Yes,Credit card (automatic),73.41,1047.79,No
2903-6559,Male,0,No,No,53,Yes,No,Fiber optic,No,Yes,No,Yes,No,Yes,Two year,Yes,Electronic check,81.37,4353.99,No
2904-6866,Male,0,Yes,No,37,Yes,Yes,Fiber optic,Yes,No,No,No,No,No,Two year,Yes,Bank transfer (automatic),80.63,2970.18,No
2905-8776,Male,0,Yes,No,25,Yes,Yes,Fiber optic,No,Yes,No,No,No,Yes,Month-to-month,Yes,Electronic check,91.21,2247.73,No
2906-6623,Male,0,No,Yes,36,Yes,Yes,No,No internet service,No internet service,No internet service,No internet service,No internet service,No internet service,Month-to-month,No,Credit card (automatic),33.57,1244.21,No
2907-9538,Female,0,No,Yes,0,No,No phone service,Fiber optic,No,No,No,No,Yes,No,One year,Yes,Bank transfer (automatic),61.16,,No
2908-2148,Female,1,Yes,No,64,Yes,No,Fiber optic,Yes,No,No,No,No,Yes,Month-to-month,Yes,Mailed check,77.56,5069.65,No
2909-4130,Female,0,Yes,No,57,Yes,Yes,Fiber optic,No,Yes,No,No,Yes,Yes,Month-to-month,No,Mailed check,108.11,6340.21,No
2910-2009,Female,0,No,Yes,13,Yes,No,No,No internet service,No internet service,No internet service,No internet service,No internet service,No internet service,Month-to-month,No,Bank transfer (automatic),27.29,363.29,No
2911-1815,Male,0,No,No,7,Yes,Yes,DSL,Yes,No,Yes,Yes,No,Yes,Two year,Yes,Electronic check,57.48,510.25,No
2912-5246,Female,0,Yes,No,30,Yes,No,No,No internet service,No internet service,No internet service,No internet service,No internet service,No internet service,Month-to-month,No,Credit card (automatic),25.3,830.71,No
2913-3033,Male,0,No,No,33,Yes,Yes,DSL,Yes,No,Yes,No,Yes,Yes,Month-to-month,Yes,Bank transfer (automatic),77.64,2765.96,No
2914-4664,Male,0,No,Yes,56,Yes,No,No,No internet service,No internet service,No internet service,No internet service,No internet service,No internet service,Month-to-month,No,Mailed check,32.29,1616.55,No
2915-4940,Female,0,Yes,No,61,Yes,No,No,No internet service,No internet service,No internet service,No internet service,No internet service,No internet service,Month-to-month,Yes,Credit card (automatic),30.11,1888.9,No
2916-6587,Male,0,Yes,Yes,4,Yes,Yes,DSL,No,No,No,No,Yes,No,One year,No,Bank transfer (automatic),57.08,26.91,No
2917-9510,Female,0,No,No,17,Yes,No,DSL,No,No,No,Yes,Yes,Yes,Month-to-month,No,Credit card (automatic),62.63,988.66,No
2918-8643,Male,0,No,Yes,42,Yes,No,DSL,No,Yes,No,No,No,No,One year,No,Electronic check,47.22,1978.06,No
2919-4404,Male,0,Yes,No,27,Yes,No,Fiber optic,No,Yes,No,No,No,No,Two year,No,Electronic check,86.93,2316.95,No
2920-3929,Female,1,No,Yes,72,Yes,Yes,Fiber optic,No,No,No,Yes,No,Yes,Two year,No,Electronic check,72.3,5301.13,No
2921-7936,Male,0,Yes,Yes,48,No,No phone service,DSL,No,Yes,Yes,No,Yes,No,One year,Yes,Credit card (automatic),60.04,3023.8,No
2922-2112,Female,0,No,No,23,Yes,Yes,DSL,No,No,No,No,No,Yes,Month-to-month,No,Bank transfer (automatic),48.58,1153.08,No
2923-5863,Male,0,Yes,No,49,Yes,No,Fiber optic,No,Yes,No,No,Yes,Yes,Two year,No,Credit card (automatic),91.09,4670.62,No
2924-4806,Female,0,Yes,Yes,31,Yes,Yes,DSL,Yes,No,No,No,Yes,Yes,Two year,Yes,Electronic check,87.27,2609.83,Yes
2925-2645,Female,0,Yes,No,33,Yes,No,Fiber optic,Yes,Yes,Yes,No,No,No,Month-to-month,Yes,Mailed check,82.85,2659.47,Yes
2926-6547,Female,0,No,Yes,52,Yes,No,DSL,Yes,Yes,Yes,Yes,Yes,Yes,One year,No,Electronic check,66.86,3387.04,No
2927-3886,Female,0,No,Yes,31,Yes,No,DSL,Yes,Yes,No,No,Yes,Yes,Month-to-month,Yes,Credit card (automatic),85.38,2730.83,No
2928-2670,Female,0,No,Yes,50,Yes,No,DSL,No,Yes,No,No,Yes,No,One year,No,Credit card (automatic),59.92,3097.76,No
2929-6878,Male,1,Yes,No,30,Yes,No,DSL,Yes,No,No,Yes,No,No,Two year,Yes,Credit card (automatic),54.68,1518.13,No
2930-2567,Male,0,No,No,43,Yes,Yes,DSL,Yes,Yes,Yes,No,Yes,No,Month-to-month,Yes,Electronic check,65.23,2737.24,No
2931-7055,Male,0,No,Yes,35,Yes,No,DSL,No,Yes,No,Yes,No,No,Month-to-month,Yes,Mailed check,59.34,2058.66,No
2932-2458,Female,0,No,No,41,Yes,No,DSL,Yes,No,No,No,No,Yes,Month-to-month,No,Credit card (automatic),59.93,2409.78,No
2933-4912,Female,0,Yes,Yes,25,Yes,No,Fiber optic,Yes,No,No,No,No,Yes,Month-to-month,Yes,Bank transfer (automatic),88.79,2169.74,No
2934-8271,Male,1,No,Yes,8,Yes,Yes,Fiber optic,No,No,No,Yes,No,Yes,Month-to-month,Yes,Electronic check,98.82,767.68,Yes
2935-3057,Female,0,Yes,No,18,Yes,No,Fiber optic,No,Yes,Yes,No,No,No,Two year,Yes,Credit card (automatic),89.65,1537.09,No
2936-7907,Female,0,Yes,No,25,Yes,No,No,No internet service,No internet service,No internet service,No internet service,No internet service,No internet service,Month-to-month,Yes,Mailed check,32.53,895.56,No
2937-7496,Female,0,No,No,23,Yes,No,Fiber optic,Yes,No,Yes,No,Yes,No,Month-to-month,No,Electronic check,86.07,2111.24,Yes
2938-9123,Female,0,Yes,Yes,30,Yes,Yes,DSL,No,Yes,Yes,Yes,No,No,Month-to-month,Yes,Mailed check,51.41,1428.13,No
2939-2519,Female,1,Yes,Yes,34,Yes,No,Fiber optic,No,No,Yes,No,No,No,Month-to-month,Yes,Electronic check,74.05,2542.97,No
2940-7435,Male,0,No,No,18,Yes,No,Fiber optic,No,No,No,No,Yes,No,Month-to-month,Yes,Electronic check,93.92,1742.33,Yes
2941-9429,Female,0,Yes,No,27,Yes,No,Fiber optic,No,No,Yes,Yes,No,No,Two year,No,Mailed check,82.42,2151.76,No
2942-7866,Male,1,No,No,20,Yes,Yes,DSL,Yes,No,No,No,No,No,Month-to-month,No,Credit card (automatic),51.89,903.86,No
2943-2690,Female,0,No,Yes,42,Yes,No,No,No internet service,No internet service,No internet service,No internet service,No internet service,No internet service,Month-to-month,Yes,Electronic check,34.26,1424.55,No
2944-8398,Female,0,No,No,34,No,No phone service,DSL,No,Yes,Yes,No,No,Yes,Two year,No,Mailed check,58.55,1944.18,No
2945-1965,Male,0,Yes,Yes,46,Yes,No,Fiber optic,No,No,No,No,Yes,Yes,Two year,Yes,Bank transfer (automatic),79.31,3615.41,No
2946-6299,Male,0,No,No,31,Yes,Yes,Fiber optic,No,No,No,No,No,No,One year,No,Credit card (automatic),78.77,2489.61,No
2947-5478,Female,0,No,No,72,Yes,No,No,No internet service,No internet service,No internet service,No internet service,No internet service,No internet service,Month-to-month,No,Bank transfer (automatic),31.58,2368.37,No
2948-5779,Female,0,Yes,Yes,35,Yes,Yes,No,No internet service,No internet service,No internet service,No internet service,No internet service,No internet service,Two year,No,Mailed check,27.82,1187.86,No
2949-5675,Male,0,No,No,44,Yes,Yes,No,No internet service,No internet service,No internet service,No internet service,No internet service,No internet service,Month-to-month,Yes,Mailed check,31.04,1397.89,No
2950-1283,Female,0,No,No,32,No,No phone service,Fiber optic,Yes,Yes,No,No,No,Yes,Month-to-month,Yes,Mailed check,76.22,2433.02,Yes
2951-5573,Male,0,Yes,No,53,Yes,Yes,Fiber optic,No,Yes,No,No,No,Yes,Two year,Yes,Bank transfer (automatic),84.16,4354.04,No
2952-9429,Female,0,Yes,No,40,Yes,Yes,DSL,Yes,Yes,No,No,Yes,Yes,One year,Yes,Credit card (automatic),76.39,3097.03,No
2953-4929,Male,0,No,No,7,Yes,No,Fiber optic,Yes,No,No,Yes,No,Yes,Month-to-month,No,Mailed check,93.02,667.42,Yes
2954-3491,Female,0,Yes,Yes,53,Yes,No,No,No internet service,No internet service,No internet service,No internet service,No internet service,No internet service,Month-to-month,No,Electronic check,33.95,1788.76,No
2955-9952,Male,0,No,No,55,Yes,Yes,DSL,No,No,No,No,No,No,Month-to-month,No,Mailed check,49.03,2708.65,No
2956-1890,Male,0,Yes,No,29,No,No phone service,DSL,No,No,No,Yes,Yes,No,Two year,Yes,Bank transfer (automatic),49.44,1288.37,No
2957-5376,Female,0,Yes,No,37,Yes,No,No,No internet service,No internet service,No internet service,No internet service,No internet service,No internet service,Two year,Yes,Electronic check,31.51,1003.55,No
2958-5612,Female,0,No,No,0,Yes,No,DSL,No,No,No,Yes,No,Yes,Two year,No,Bank transfer (automatic),52.09,,No
2959-5301,Male,0,No,Yes,63,Yes,No,DSL,No,Yes,Yes,No,No,Yes,Month-to-month,Yes,Credit card (automatic),58.81,3545.05,No
2960-9294,Male,0,Yes,Yes,56,Yes,No,No,No internet service,No internet service,No internet service,No internet service,No internet service,No internet service,Two year,No,Bank transfer (automatic),27.68,1439.15,No
2961-4795,Female,0,No,Yes,70,Yes,No,Fiber optic,Yes,No,No,Yes,No,No,Month-to-month,Yes,Credit card (automatic),83.73,5772.31,No
2962-9758,Male,0,Yes,No,43,Yes,No,No,No internet service,No internet service,No internet service,No internet service,No internet service,No internet service,Month-to-month,Yes,Electronic check,32.95,1449.4,No
2963-1601,Male,0,Yes,No,16,Yes,Yes,DSL,No,Yes,No,No,Yes,Yes,Two year,Yes,Mailed check,75.0,1391.81,No
2964-7604,Female,1,No,No,21,Yes,No,DSL,No,Yes,No,No,Yes,No,Two year,Yes,Electronic check,69.15,1448.5,No
2965-6336,Male,0,Yes,No,67,Yes,No,DSL,No,Yes,No,Yes,Yes,Yes,Two year,No,Bank transfer (automatic),65.19,4312.24,No
2966-3164,Female,0,No,No,3,Yes,Yes,DSL,Yes,No,No,No,Yes,Yes,Month-to-month,No,Bank transfer (automatic),61.23,293.12,No
2967-3051,Male,0,Yes,No,49,Yes,Yes,Fiber optic,No,Yes,Yes,No,No,No,Two year,Yes,Electronic check,88.95,4271.45,No
2968-7476,Female,0,No,No,4,Yes,No,Fiber optic,Yes,Yes,No,No,Yes,No,One year,Yes,Electronic check,104.28,478.69,No
2969-6737,Male,0,Yes,No,53,Yes,Yes,Fiber optic,No,No,No,No,No,No,One year,No,Credit card (automatic),65.68,3514.35,No
2970-6499,Male,0,No,No,42,Yes,No,Fiber optic,No,No,No,Yes,No,No,Month-to-month,Yes,Credit card (automatic),74.86,3089.9,No
2971-1457,Male,1,No,No,34,Yes,Yes,DSL,No,No,No,No,No,Yes,Month-to-month,Yes,Electronic check,56.52,1918.79,No
2972-6380,Male,0,Yes,No,51,Yes,Yes,Fiber optic,No,No,Yes,Yes,No,Yes,Month-to-month,Yes,Mailed check,87.28,4481.58,No
2973-9831,Male,0,Yes,No,25,Yes,Yes,DSL,Yes,No,No,Yes,No,Yes,One year,Yes,Electronic check,58.7,1428.97,No
2974-1155,Male,0,No,No,41,Yes,No,DSL,No,Yes,Yes,No,Yes,No,Two year,No,Electronic check,58.81,2402.91,No
2975-5220,Male,0,Yes,No,58,Yes,No,No,No internet service,No internet service,No internet service,No internet service,No internet service,No internet service,One year,Yes,Electronic check,28.85,1703.7,No
2976-5448,Female,0,No,No,33,Yes,No,No,No internet service,No internet service,No internet service,No internet service,No internet service,No internet service,One year,No,Mailed check,23.18,823.14,No
2977-9069,Female,0,No,Yes,1,Yes,Yes,DSL,Yes,No,No,No,Yes,No,Month-to-month,Yes,Electronic check,63.43,0.0,Yes
2978-3545,Female,0,No,No,72,Yes,No,DSL,Yes,Yes,Yes,Yes,No,No,Month-to-month,No,Credit card (automatic),62.45,4496.84,No
2979-5279,Male,0,Yes,No,39,Yes,Yes,Fiber optic,Yes,No,No,Yes,No,Yes,Two year,Yes,Electronic check,102.7,3953.45,No
2980-7454,Male,1,Yes,Yes,31,Yes,Yes,Fiber optic,Yes,No,No,No,No,No,Month-to-month,Yes,Bank transfer (automatic),88.05,2842.46,No
2981-1542,Female,0,Yes,No,5,Yes,Yes,No,No internet service,No internet service,No internet service,No internet service,No internet service,No internet service,One year,Yes,Electronic check,33.34,167.41,No
2982-8209,Female,0,Yes,Yes,6,No,No phone service,Fiber optic,Yes,Yes,No,No,Yes,Yes,Month-to-month,Yes,Credit card (automatic),68.4,400.55,No
2983-8399,Male,1,Yes,No,18,Yes,No,DSL,No,Yes,Yes,No,Yes,No,One year,Yes,Electronic check,65.58,1299.76,No
2984-7476,Male,0,No,Yes,67,Yes,No,Fiber optic,Yes,No,No,Yes,Yes,No,Month-to-month,No,Credit card (automatic),87.25,5754.51,No
2985-6833,Male,1,Yes,Yes,52,Yes,Yes,DSL,No,Yes,Yes,No,No,Yes,Month-to-month,Yes,Electronic check,63.14,3295.33,No
2986-7727,Female,0,Yes,No,30,Yes,No,Fiber optic,No,No,No,Yes,Yes,Yes,Month-to-month,No,Credit card (automatic),95.36,2823.71,No
2987-8035,Female,0,Yes,Yes,55,Yes,Yes,Fiber optic,No,Yes,Yes,No,No,No,Two year,No,Mailed check,78.39,4472.51,No
2988-9129,Female,0,Yes,No,28,Yes,Yes,No,No internet service,No internet service,No internet service,No internet service,No internet service,No internet service,Month-to-month,Yes,Electronic check,29.5,757.19,No
2989-4853,Male,0,No,No,64,Yes,No,DSL,Yes,No,Yes,Yes,No,No,Two year,No,Electronic check,48.78,3129.93,No
2990-5104,Male,0,Yes,No,23,Yes,No,Fiber optic,Yes,No,Yes,Yes,No,Yes,Month-to-month,No,Bank transfer (automatic),80.6,1850.08,No
2991-6740,Male,1,No,Yes,52,Yes,No,DSL,Yes,No,No,No,Yes,No,Two year,Yes,Mailed check,57.47,2987.36,No
2992-2737,Female,1,No,Yes,31,Yes,Yes,No,No internet service,No internet service,No internet service,No internet service,No internet service,No internet service,Month-to-month,No,Credit card (automatic),28.25,986.96,No
2993-8705,Female,1,Yes,Yes,49,Yes,Yes,DSL,No,No,No,Yes,Yes,No,Two year,Yes,Mailed check,72.64,3614.3,No
2994-7933,Male,0,No,No,13,Yes,No,DSL,No,No,No,No,No,Yes,Month-to-month,Yes,Credit card (automatic),57.78,760.24,Yes
2995-6678,Male,0,Yes,No,68,Yes,No,DSL,No,Yes,Yes,Yes,No,Yes,Month-to-month,Yes,Electronic check,76.07,5234.21,No
2996-3714,Female,0,Yes,Yes,20,Yes,No,No,No internet service,No internet service,No internet service,No internet service,No internet service,No internet service,One year,Yes,Electronic check,35.42,716.85,No
2997-4128,Male,0,No,Yes,39,Yes,Yes,DSL,Yes,No,No,No,No,No,Two year,No,Mailed check,61.27,2281.08,No
2998-4914,Male,0,No,Yes,50,Yes,Yes,Fiber optic,No,No,No,Yes,Yes,No,Two year,Yes,Electronic check,80.5,4051.37,No
2999-6962,Female,0,Yes,Yes,47,Yes,No,DSL,Yes,Yes,No,No,No,No,Two year,Yes,Electronic check,71.61,3595.98,No
3000-8001,Male,0,No,Yes,40,Yes,No,Fiber optic,No,No,No,Yes,No,Yes,Two year,Yes,Electronic check,89.17,3632.93,No
3001-7046,Male,0,Yes,No,63,Yes,No,No,No internet service,No internet service,No internet service,No internet service,No internet service,No internet service,Two year,No,Credit card (automatic),28.41,1716.34,No
3002-9368,Male,0,No,Yes,70,Yes,No,DSL,No,Yes,No,No,Yes,No,One year,Yes,Bank transfer (automatic),61.37,4154.08,No
3003-9644,Female,0,No,No,55,Yes,No,Fiber optic,No,No,No,Yes,No,Yes,Month-to-month,No,Electronic check,83.72,4537.68,Yes
3004-7343,Male,0,Yes,Yes,13,Yes,No,Fiber optic,No,Yes,Yes,Yes,Yes,Yes,Month-to-month,No,Electronic check,98.37,1210.39,No
3005-4337,Female,1,No,No,56,Yes,Yes,Fiber optic,No,No,Yes,No,Yes,No,Month-to-month,Yes,Credit card (automatic),83.86,4711.57,Yes
3006-6391,Male,0,No,No,36,No,No phone service,DSL,No,No,Yes,Yes,Yes,No,Two year,No,Mailed check,46.28,1796.36,No
3007-4825,Female,0,Yes,Yes,39,No,No phone service,DSL,No,No,No,No,No,No,Month-to-month,Yes,Electronic check,37.83,1414.63,Yes
3008-6661,Male,0,No,No,68,Yes,No,No,No internet service,No internet service,No internet service,No internet service,No internet service,No internet service,Two year,No,Mailed check,31.17,2091.1,No
3009-8308,Male,0,No,Yes,38,Yes,Yes,Fiber optic,No,No,Yes,No,No,No,Two year,Yes,Credit card (automatic),79.38,3085.28,No
3010-4323,Female,0,Yes,No,62,Yes,Yes,DSL,Yes,No,No,Yes,No,Yes,Month-to-month,No,Bank transfer (automatic),66.67,4119.86,No
3011-5551,Female,0,No,No,47,Yes,No,DSL,No,No,No,Yes,No,No,Month-to-month,Yes,Bank transfer (automatic),50.89,2460.96,No
3012-1410,Female,0,No,No,6,Yes,No,Fiber optic,Yes,No,No,No,No,Yes,One year,No,Bank transfer (automatic),90.72,517.77,No
3013-7628,Male,0,No,No,51,Yes,No,No,No internet service,No internet service,No internet service,No internet service,No internet service,No internet service,Month-to-month,Yes,Credit card (automatic),29.17,1470.07,No
3014-5408,Male,0,Yes,Yes,36,Yes,Yes,No,No internet service,No internet service,No internet service,No internet service,No internet service,No internet service,One year,Yes,Bank transfer (automatic),28.65,1035.28,No
3015-5136,Male,0,No,No,39,Yes,No,Fiber optic,No,Yes,No,Yes,No,No,Month-to-month,Yes,Bank transfer (automatic),54.12,2117.16,No
3016-5791,Female,1,No,No,22,Yes,No,No,No internet service,No internet service,No internet service,No internet service,No internet service,No internet service,Month-to-month,No,Mailed check,33.11,611.47,No
3017-2939,Female,1,No,No,13,No,No phone service,Fiber optic,Yes,No,Yes,Yes,No,No,Month-to-month,Yes,Bank transfer (automatic),92.81,1206.53,No
3018-6381,Female,0,Yes,No,54,Yes,No,Fiber optic,No,Yes,No,No,Yes,No,Two year,No,Bank transfer (automatic),79.89,4353.91,No
3019-7706,Male,0,No,Yes,18,Yes,No,Fiber optic,No,No,Yes,No,No,Yes,Two year,No,Mailed check,104.03,1832.36,No
3020-4146,Male,0,No,No,6,Yes,No,No,No internet service,No internet service,No internet service,No internet service,No internet service,No internet service,Month-to-month,Yes,Credit card (automatic),29.36,217.55,No
3021-2180,Female,0,Yes,No,35,Yes,No,DSL,No,No,No,Yes,Yes,No,Month-to-month,No,Electronic check,76.81,2751.94,No
3022-4481,Female,1,Yes,Yes,51,No,No phone service,Fiber optic,No,Yes,Yes,Yes,No,Yes,One year,Yes,Credit card (automatic),78.62,4034.14,No
3023-2787,Male,0,No,No,14,Yes,Yes,Fiber optic,Yes,No,Yes,No,No,No,Two year,Yes,Electronic check,76.76,1041.85,No
3024-4365,Male,1,No,No,26,Yes,Yes,DSL,No,No,No,No,Yes,Yes,Two year,No,Credit card (automatic),73.79,1821.68,No
3025-6640,Female,0,No,No,30,Yes,No,No,No internet service,No internet service,No internet service,No internet service,No internet service,No internet service,Two year,Yes,Mailed check,28.72,914.27,No
3026-2020,Male,0,Yes,Yes,67,Yes,Yes,No,No internet service,No internet service,No internet service,No internet service,No internet service,No internet service,Month-to-month,Yes,Bank transfer (automatic),28.58,1980.38,No
3027-7724,Female,0,No,No,10,Yes,No,Fiber optic,No,No,No,No,No,No,Month-to-month,Yes,Electronic check,84.58,1003.36,Yes
3028-3021,Female,1,Yes,Yes,67,Yes,Yes,No,No internet service,No internet service,No internet service,No internet service,No internet service,No internet service,Month-to-month,No,Mailed check,29.75,1871.33,No
3029-9051,Female,0,No,No,10,Yes,No,DSL,Yes,No,Yes,No,Yes,No,Month-to-month,Yes,Mailed check,74.26,859.55,No
3030-7591,Male,0,Yes,No,42,Yes,Yes,No,No internet service,No internet service,No internet service,No internet service,No internet service,No internet service,Month-to-month,No,Credit card (automatic),36.09,1613.25,No
3031-3453,Male,0,Yes,Yes,61,Yes,No,DSL,Yes,No,Yes,Yes,Yes,No,Month-to-month,Yes,Bank transfer (automatic),69.93,4288.74,No
3032-6068,Female,0,No,Yes,66,Yes,Yes,DSL,No,Yes,No,No,No,Yes,Two year,No,Mailed check,60.2,4067.38,No
3033-1996,Male,0,No,Yes,39,Yes,No,Fiber optic,No,Yes,Yes,Yes,No,Yes,One year,No,Credit card (automatic),81.18,3179.13,Yes
3034-1897,Male,0,Yes,No,35,Yes,Yes,Fiber optic,No,No,Yes,No,No,No,Two year,No,Bank transfer (automatic),69.91,2465.92,No
3035-9603,Male,0,Yes,No,56,Yes,Yes,Fiber optic,Yes,No,No,No,No,Yes,Two year,No,Credit card (automatic),89.63,4938.26,No
3036-8221,Male,0,No,Yes,66,Yes,No,Fiber optic,No,Yes,Yes,No,Yes,Yes,Month-to-month,Yes,Electronic check,108.6,7141.58,No
3037-2389,Female,0,No,No,0,Yes,No,No,No internet service,No internet service,No internet service,No internet service,No internet service,No internet service,Month-to-month,Yes,Mailed check,31.35,,No
3038-3543,Female,0,Yes,No,19,Yes,No,Fiber optic,Yes,Yes,No,No,No,Yes,Month-to-month,No,Bank transfer (automatic),98.49,1866.07,No
3039-2778,Female,0,No,Yes,20,Yes,No,No,No internet service,No internet service,No internet service,No internet service,No internet service,No internet service,Two year,Yes,Credit card (automatic),28.6,512.72,No
3040-4556,Female,1,Yes,No,60,Yes,No,DSL,Yes,No,No,Yes,No,No,Month-to-month,No,Bank transfer (automatic),47.45,2827.46,No
3041-3621,Female,0,No,No,1,Yes,Yes,No,No internet service,No internet service,No internet service,No internet service,No internet service,No internet service,One year,Yes,Mailed check,33.39,35.46,No
3042-3952,Female,0,Yes,No,9,Yes,Yes,No,No internet service,No internet service,No internet service,No internet service,No internet service,No internet service,Month-to-month,No,Electronic check,36.68,430.25,No
3043-5763,Male,0,Yes,No,0,Yes,Yes,No,No internet service,No internet service,No internet service,No internet service,No internet service,No internet service,Month-to-month,Yes,Bank transfer (automatic),33.83,,Yes
3044-2701,Female,0,No,Yes,69,Yes,Yes,Fiber optic,No,No,No,Yes,No,No,Two year,No,Bank transfer (automatic),80.37,5530.13,No
3045-8944,Female,0,Yes,Yes,2,Yes,No,No,No internet service,No internet service,No internet service,No internet service,No internet service,No internet service,Month-to-month,Yes,Credit card (automatic),32.65,33.01,No
3046-7548,Female,0,No,Yes,19,Yes,No,DSL,No,No,No,Yes,Yes,No,One year,No,Mailed check,65.55,1309.26,No
3047-7844,Female,0,Yes,Yes,38,Yes,No,DSL,No,No,No,Yes,No,Yes,Month-to-month,No,Electronic check,60.46,2242.07,No
3048-2525,Male,0,Yes,No,25,Yes,Yes,Fiber optic,No,No,No,No,No,No,Month-to-month,Yes,Electronic check,88.26,2261.93,Yes
3049-7372,Male,0,No,No,6,Yes,No,No,No internet service,No internet service,No internet service,No internet service,No internet service,No internet service,One year,Yes,Credit card (automatic),25.02,256.47,No
3050-8525,Female,0,No,No,30,Yes,No,No,No internet service,No internet service,No internet service,No internet service,No internet service,No internet service,Month-to-month,No,Electronic check,31.21,1064.29,No
3051-2576,Male,1,Yes,No,58,Yes,Yes,Fiber optic,No,Yes,No,Yes,No,Yes,Month-to-month,No,Mailed check,82.37,4712.16,No
3052-7760,Male,0,No,No,21,Yes,Yes,Fiber optic,Yes,No,Yes,No,Yes,Yes,One year,No,Mailed check,94.49,2002.37,No
3053-4218,Male,0,Yes,Yes,37,Yes,No,Fiber optic,No,Yes,Yes,No,No,Yes,Two year,No,Electronic check,80.3,2976.36,No
3054-8087,Female,1,No,No,34,Yes,No,DSL,No,Yes,No,No,No,No,Month-to-month,Yes,Credit card (automatic),68.72,2212.81,No
3055-5305,Male,0,Yes,Yes,17,Yes,No,Fiber optic,No,Yes,Yes,No,Yes,No,Month-to-month,No,Electronic check,81.43,1427.76,Yes
3056-8219,Male,0,No,Yes,0,No,No phone service,DSL,No,No,Yes,No,No,No,One year,Yes,Mailed check,28.63,,No
3057-2326,Male,1,Yes,No,61,Yes,No,Fiber optic,No,No,Yes,Yes,No,No,Two year,Yes,Mailed check,84.4,5133.11,No
3058-4501,Female,0,No,No,72,Yes,Yes,DSL,No,No,No,No,No,Yes,One year,No,Electronic check,71.82,5174.4,No
3059-3460,Male,1,No,No,37,Yes,No,DSL,No,Yes,No,No,No,No,Month-to-month,No,Bank transfer (automatic),66.75,2447.38,No
3060-3235,Female,0,No,Yes,60,Yes,Yes,Fiber optic,No,No,No,No,Yes,No,Month-to-month,Yes,Mailed check,93.31,5555.28,Yes
3061-3774,Female,0,Yes,No,25,Yes,Yes,Fiber optic,No,Yes,No,No,No,No,Month-to-month,Yes,Electronic check,71.46,1852.42,No
3062-4441,Male,0,Yes,Yes,68,Yes,No,No,No internet service,No internet service,No internet service,No internet service,No internet service,No internet service,Two year,Yes,Bank transfer (automatic),26.9,1826.79,No
3063-2145,Male,0,Yes,No,41,Yes,Yes,Fiber optic,No,No,Yes,No,No,Yes,Month-to-month,Yes,Electronic check,73.31,3099.49,No
3064-7363,Female,1,No,No,58,Yes,No,DSL,Yes,Yes,No,No,No,No,One year,Yes,Credit card (automatic),51.2,3024.68,No
3065-5951,Male,1,Yes,No,49,Yes,Yes,Fiber optic,No,Yes,Yes,No,No,No,One year,No,Electronic check,95.66,4746.58,No
3066-8462,Male,0,No,No,67,Yes,Yes,DSL,Yes,Yes,Yes,No,No,Yes,Two year,Yes,Mailed check,45.4,2929.87,No
3067-7344,Male,0,Yes,No,40,Yes,No,Fiber optic,No,No,No,No,Yes,Yes,Month-to-month,No,Electronic check,98.66,3947.51,No
3068-2341,Female,0,No,No,61,Yes,No,Fiber optic,No,No,No,No,No,No,One year,No,Bank transfer (automatic),71.55,4432.53,No
3069-1629,Female,0,No,Yes,68,Yes,Yes,DSL,Yes,No,No,No,No,Yes,One year,No,Credit card (automatic),64.19,4469.47,No
3070-4804,Male,1,No,Yes,55,Yes,No,Fiber optic,No,Yes,Yes,No,No,No,Two year,Yes,Electronic check,75.46,4154.29,No
3071-5329,Male,0,No,No,25,Yes,No,No,No internet service,No internet service,No internet service,No internet service,No internet service,No internet service,Two year,Yes,Electronic check,32.42,723.22,No
3072-3162,Male,0,No,No,6,Yes,Yes,DSL,No,No,No,Yes,Yes,Yes,One year,No,Mailed check,76.01,567.19,No
3073-8039,Male,1,No,No,29,No,No phone service,No,No internet service,No internet service,No internet service,No internet service,No internet service,No internet service,One year,Yes,Electronic check,18.25,470.33,No
3074-6233,Male,0,No,Yes,50,Yes,No,Fiber optic,No,No,Yes,No,No,No,Month-to-month,Yes,Electronic check,70.65,3398.2,No
3075-7731,Male,0,No,Yes,62,Yes,Yes,DSL,No,Yes,No,Yes,Yes,Yes,Month-to-month,Yes,Bank transfer (automatic),69.63,4321.91,No
3076-1980,Female,0,Yes,No,56,Yes,Yes,Fiber optic,No,Yes,Yes,No,No,Yes,One year,Yes,Bank transfer (automatic),93.12,5210.75,No
3077-8334,Male,0,Yes,No,46,Yes,Yes,Fiber optic,No,Yes,No,No,No,Yes,Two year,No,Bank transfer (automatic),75.21,3558.18,Yes
3078-2854,Female,0,No,No,39,Yes,No,Fiber optic,No,No,Yes,No,No,Yes,Month-to-month,No,Bank transfer (automatic),106.3,4232.58,Yes
3079-5033,Male,0,No,Yes,70,Yes,Yes,DSL,No,No,No,No,Yes,No,Month-to-month,Yes,Credit card (automatic),68.17,4733.24,No
3080-4953,Female,0,Yes,Yes,17,Yes,Yes,No,No internet service,No internet service,No internet service,No internet service,No internet service,No internet service,Two year,Yes,Bank transfer (automatic),29.77,425.57,No
3081-8384,Male,0,Yes,No,57,No,No phone service,No,No internet service,No internet service,No internet service,No internet service,No internet service,No internet service,Month-to-month,No,Bank transfer (automatic),18.25,1016.0,No
3082-3491,Female,0,No,No,40,Yes,No,Fiber optic,No,Yes,No,No,Yes,Yes,One year,Yes,Credit card (automatic),89.64,3602.41,No
3083-3166,Female,0,Yes,Yes,37,Yes,Yes,Fiber optic,No,Yes,No,No,No,Yes,Month-to-month,Yes,Credit card (automatic),95.47,3586.26,Yes
3084-4056,Female,1,No,No,29,Yes,Yes,Fiber optic,No,No,No,No,No,Yes,Two year,Yes,Credit card (automatic),77.54,2219.47,No
3085-4246,Female,0,No,No,46,Yes,Yes,Fiber optic,Yes,No,No,No,No,No,Two year,Yes,Bank transfer (automatic),76.5,3575.37,No
3086-2634,Male,0,Yes,Yes,72,Yes,No,Fiber optic,No,No,No,No,No,Yes,One year,No,Electronic check,97.92,7004.15,No
3087-2587,Female,1,Yes,No,29,No,No phone service,DSL,Yes,No,Yes,Yes,No,No,Month-to-month,No,Mailed check,29.15,979.59,No
3088-3081,Male,0,Yes,No,8,Yes,Yes,Fiber optic,Yes,No,No,Yes,No,No,One year,No,Mailed check,68.89,578.76,Yes
3089-5206,Male,0,Yes,Yes,9,Yes,No,DSL,No,No,No,No,No,Yes,Month-to-month,Yes,Bank transfer (automatic),64.99,487.45,No
3090-4089,Male,1,No,No,12,Yes,Yes,No,No internet service,No internet service,No internet service,No internet service,No internet service,No internet service,Month-to-month,No,Bank transfer (automatic),33.49,352.01,No
3091-4528,Female,0,No,Yes,29,Yes,Yes,DSL,No,Yes,Yes,No,Yes,Yes,One year,No,Mailed check,59.47,1665.4,No
3092-7470,Female,0,No,No,0,Yes,No,Fiber optic,No,Yes,Yes,No,No,No,Month-to-month,No,Electronic check,84.81,,Yes
3093-3168,Female,0,Yes,No,20,Yes,Yes,DSL,No,No,No,No,No,No,Month-to-month,No,Electronic check,60.29,1117.07,No
3094-9188,Female,0,No,No,50,Yes,Yes,No,No internet service,No internet service,No internet service,No internet service,No internet service,No internet service,Month-to-month,Yes,Electronic check,33.93,1670.66,No
3095-7765,Female,0,Yes,No,49,Yes,No,Fiber optic,No,Yes,Yes,No,No,No,Two year,Yes,Credit card (automatic),75.76,3678.6,No
3096-2572,Male,0,No,No,48,Yes,No,Fiber optic,No,No,No,Yes,No,Yes,One year,No,Electronic check,78.22,3780.09,No
3097-3824,Female,0,Yes,No,48,Yes,Yes,DSL,No,No,No,No,Yes,No,Month-to-month,No,Mailed check,67.01,3183.73,No
3098-2651,Female,0,No,No,5,No,No phone service,Fiber optic,Yes,No,Yes,Yes,No,No,Month-to-month,Yes,Electronic check,66.31,403.98,No
3099-3454,Female,0,No,Yes,68,Yes,No,Fiber optic,No,Yes,Yes,No,No,Yes,Month-to-month,Yes,Mailed check,77.63,5251.8,No
3100-4289,Female,0,Yes,No,21,Yes,No,No,No internet service,No internet service,No internet service,No internet service,No internet service,No internet service,Two year,Yes,Electronic check,25.18,437.34,No
3101-2177,Female,0,No,Yes,5,Yes,Yes,No,No internet service,No internet service,No internet service,No internet service,No internet service,No internet service,Month-to-month,Yes,Mailed check,31.85,0.0,Yes
3102-1129,Female,1,Yes,No,59,Yes,Yes,Fiber optic,No,Yes,No,No,No,No,One year,No,Bank transfer (automatic),77.88,4614.57,No
3103-4948,Male,0,Yes,No,34,Yes,No,DSL,Yes,Yes,No,No,No,No,Two year,Yes,Bank transfer (automatic),67.33,2252.41,No
3104-7308,Male,0,No,No,25,Yes,No,DSL,Yes,No,Yes,No,No,No,Month-to-month,No,Electronic check,57.16,1311.74,No
3105-3726,Male,0,No,No,29,Yes,No,Fiber optic,Yes,Yes,Yes,Yes,No,No,Two year,Yes,Credit card (automatic),74.41,2161.63,No
3106-8743,Male,0,Yes,No,42,Yes,No,Fiber optic,No,No,Yes,No,Yes,Yes,One year,Yes,Electronic check,94.53,3911.8,No
3107-4323,Male,0,Yes,No,38,Yes,Yes,Fiber optic,Yes,No,No,Yes,Yes,No,One year,Yes,Electronic check,112.71,4373.05,No
3108-9106,Female,1,Yes,No,1,Yes,No,Fiber optic,Yes,Yes,No,No,No,Yes,Month-to-month,Yes,Bank transfer (automatic),77.24,16.46,No
3109-3123,Female,0,No,No,8,Yes,No,Fiber optic,Yes,Yes,Yes,No,Yes,No,Month-to-month,Yes,Credit card (automatic),106.98,985.41,No
3110-5853,Female,0,No,Yes,69,Yes,No,Fiber optic,No,Yes,No,No,No,No,Month-to-month,Yes,Mailed check,87.81,6052.97,No
3111-7867,Female,0,Yes,No,35,No,No phone service,Fiber optic,Yes,No,No,No,No,No,Month-to-month,No,Credit card (automatic),56.61,2003.38,No
3112-1531,Female,0,Yes,Yes,72,Yes,No,No,No internet service,No internet service,No internet service,No internet service,No internet service,No internet service,One year,Yes,Electronic check,27.71,2045.93,No
3113-9369,Female,0,No,Yes,47,Yes,Yes,DSL,Yes,Yes,Yes,Yes,Yes,No,One year,No,Electronic check,81.23,3862.37,No
3114-4284,Female,0,No,Yes,53,Yes,Yes,DSL,Yes,Yes,No,No,No,No,One year,Yes,Mailed check,65.18,3469.14,No
3115-5480,Male,0,Yes,No,22,Yes,Yes,DSL,No,No,No,No,No,Yes,Month-to-month,No,Mailed check,48.14,957.4,No
3116-6655,Male,0,No,No,61,Yes,No,DSL,No,Yes,No,No,Yes,Yes,Month-to-month,No,Bank transfer (automatic),60.18,3888.24,No
3117-6786,Male,0,Yes,No,47,Yes,No,Fiber optic,No,Yes,No,No,Yes,No,Two year,Yes,Mailed check,65.77,3001.35,No
3118-1212,Female,0,Yes,No,54,Yes,No,No,No internet service,No internet service,No internet service,No internet service,No internet service,No internet service,Month-to-month,No,Credit card (automatic),27.52,1391.14,No
3119-8803,Female,0,No,No,19,Yes,Yes,Fiber optic,No,No,No,No,Yes,No,Month-to-month,Yes,Electronic check,101.15,1952.8,Yes
3120-6611,Male,0,No,Yes,42,Yes,No,No,No internet service,No internet service,No internet service,No internet service,No internet service,No internet service,Month-to-month,Yes,Electronic check,31.76,1412.96,No
3121-9988,Female,0,Yes,No,26,Yes,No,DSL,Yes,Yes,No,No,No,No,One year,Yes,Bank transfer (automatic),49.01,1187.44,No
3122-5243,Female,1,No,No,66,Yes,No,DSL,Yes,No,No,Yes,Yes,No,Month-to-month,No,Mailed check,65.3,4423.83,No
3123-6521,Female,1,No,No,66,Yes,No,DSL,No,No,Yes,No,No,No,Month-to-month,Yes,Mailed check,70.92,4588.92,No
3124-4969,Female,0,No,No,25,Yes,Yes,Fiber optic,No,Yes,No,Yes,Yes,No,One year,Yes,Bank transfer (automatic),88.67,2288.01,No
3125-9007,Male,1,No,No,1,Yes,No,Fiber optic,No,No,Yes,No,Yes,Yes,Month-to-month,No,Electronic check,82.38,110.39,Yes
3126-8490,Male,0,No,No,18,Yes,Yes,DSL,No,Yes,Yes,Yes,No,No,Month-to-month,No,Credit card (automatic),56.49,1200.54,No
3127-9176,Female,0,No,No,19,Yes,Yes,DSL,No,Yes,No,Yes,No,No,One year,Yes,Electronic check,48.89,973.36,No
3128-5538,Female,0,Yes,No,1,Yes,Yes,No,No internet service,No internet service,No internet service,No internet service,No internet service,No internet service,Month-to-month,No,Electronic check,28.07,67.35,No
3129-8122,Male,1,No,Yes,68,Yes,No,DSL,Yes,Yes,No,No,No,No,Month-to-month,No,Mailed check,47.73,3272.91,No
3130-4228,Male,0,Yes,Yes,34,Yes,Yes,DSL,Yes,No,No,No,No,Yes,Month-to-month,Yes,Electronic check,63.33,2248.07,No
3131-5147,Male,0,No,No,10,Yes,Yes,Fiber optic,Yes,No,No,No,No,Yes,Two year,Yes,Mailed check,87.83,822.81,No
3132-7841,Female,0,Yes,No,44,Yes,No,Fiber optic,No,No,Yes,No,Yes,No,Month-to-month,No,Electronic check,99.75,4374.79,Yes
3133-1730,Male,0,Yes,No,29,Yes,Yes,Fiber optic,No,Yes,No,No,Yes,No,Month-to-month,No,Electronic check,75.45,2223.95,No
3134-7393,Male,0,No,No,12,Yes,No,Fiber optic,No,Yes,No,No,No,Yes,Month-to-month,Yes,Electronic check,71.15,975.31,Yes
3135-1142,Male,0,Yes,No,33,Yes,No,No,No internet service,No internet service,No internet service,No internet service,No internet service,No internet service,Month-to-month,Yes,Electronic check,31.25,1070.93,No
3136-6225,Female,0,Yes,No,43,Yes,No,No,No internet service,No internet service,No internet service,No internet service,No internet service,No internet service,Month-to-month,Yes,Bank transfer (automatic),28.95,1147.65,No
3137-5294,Male,1,Yes,No,47,Yes,Yes,Fiber optic,No,No,Yes,No,No,No,Month-to-month,No,Electronic check,76.31,3657.51,No
3138-5217,Female,0,No,No,16,Yes,Yes,No,No internet service,No internet service,No internet service,No internet service,No internet service,No internet service,One year,Yes,Electronic check,27.86,490.52,No
3139-5448,Female,0,Yes,No,44,Yes,Yes,Fiber optic,No,No,No,Yes,Yes,No,Two year,Yes,Credit card (automatic),89.46,3965.47,No
3140-5426,Male,0,Yes,No,57,Yes,No,No,No internet service,No internet service,No internet service,No internet service,No internet service,No internet service,Two year,No,Credit card (automatic),30.7,1788.03,No
3141-4665,Male,0,No,No,45,Yes,Yes,Fiber optic,Yes,Yes,No,No,No,Yes,Two year,Yes,Electronic check,93.11,4163.93,No
3142-5061,Female,0,No,Yes,69,Yes,No,DSL,Yes,No,No,No,No,No,Month-to-month,No,Electronic check,56.64,3955.16,No
3143-6112,Female,0,No,Yes,68,Yes,No,Fiber optic,No,No,No,No,Yes,Yes,One year,Yes,Credit card (automatic),96.23,6440.98,No
3144-7870,Female,0,Yes,No,36,Yes,No,No,No internet service,No internet service,No internet service,No internet service,No internet service,No internet service,Month-to-month,No,Bank transfer (automatic),26.54,1051.62,No
3145-5968,Female,0,No,No,28,No,No phone service,No,No internet service,No internet service,No internet service,No internet service,No internet service,No internet service,Month-to-month,No,Electronic check,18.25,686.92,No
3146-6782,Male,0,No,No,33,Yes,No,DSL,No,No,Yes,No,Yes,No,One year,Yes,Bank transfer (automatic),70.34,2459.14,No
3147-8528,Female,1,No,No,35,Yes,Yes,Fiber optic,No,No,No,Yes,Yes,Yes,Month-to-month,Yes,Credit card (automatic),77.3,2681.81,No
3148-9904,Male,0,No,No,12,Yes,No,No,No internet service,No internet service,No internet service,No internet service,No internet service,No internet service,Two year,Yes,Electronic check,28.99,413.6,No
3149-1977,Female,0,Yes,No,70,Yes,Yes,Fiber optic,No,No,No,No,No,No,One year,Yes,Mailed check,71.35,5079.27,No
3150-7415,Male,0,No,Yes,41,Yes,No,Fiber optic,Yes,Yes,No,No,Yes,No,One year,Yes,Mailed check,93.62,3899.79,No
3151-3026,Male,0,No,Yes,9,Yes,Yes,No,No internet service,No internet service,No internet service,No internet service,No internet service,No internet service,Two year,No,Electronic check,25.98,193.49,No
3152-2770,Male,1,Yes,No,65,Yes,No,Fiber optic,Yes,No,Yes,No,Yes,No,Month-to-month,Yes,Mailed check,98.39,6371.21,Yes
3153-8136,Male,0,Yes,No,69,Yes,Yes,DSL,Yes,Yes,Yes,No,Yes,Yes,Two year,Yes,Electronic check,65.37,4447.95,No
3154-1618,Male,0,Yes,Yes,40,Yes,Yes,DSL,Yes,Yes,No,No,Yes,No,Month-to-month,No,Electronic check,68.06,2675.42,Yes
3155-8629,Male,0,No,Yes,69,Yes,No,Fiber optic,No,No,No,No,No,Yes,Month-to-month,No,Electronic check,98.12,6936.47,No
3156-7934,Male,0,Yes,No,70,Yes,Yes,Fiber optic,Yes,Yes,No,No,Yes,Yes,Two year,No,Bank transfer (automatic),92.64,6496.58,No
3157-9952,Female,0,No,No,69,Yes,Yes,No,No internet service,No internet service,No internet service,No internet service,No internet service,No internet service,Two year,Yes,Credit card (automatic),30.28,2024.77,No
3158-7010,Male,0,No,No,70,Yes,No,No,No internet service,No internet service,No internet service,No internet service,No internet service,No internet service,One year,Yes,Electronic check,27.05,1951.71,No
3159-8855,Male,0,Yes,No,4,Yes,Yes,DSL,No,No,No,No,No,Yes,Month-to-month,No,Electronic check,62.16,400.66,No
3160-2066,Female,0,Yes,Yes,2,Yes,No,No,No internet service,No internet service,No internet service,No internet service,No internet service,No internet service,Two year,Yes,Mailed check,30.82,109.3,No
3161-9008,Male,0,Yes,No,42,No,No phone service,DSL,Yes,No,No,No,No,No,Two year,Yes,Mailed check,49.61,2099.18,No
3162-2442,Female,0,Yes,Yes,54,Yes,No,DSL,No,No,No,No,No,No,Month-to-month,Yes,Mailed check,59.47,3015.19,No
3163-3828,Male,0,No,Yes,61,Yes,No,Fiber optic,Yes,No,No,No,Yes,Yes,Month-to-month,Yes,Mailed check,95.01,5743.93,No
3164-2153,Male,0,No,No,46,Yes,No,Fiber optic,No,Yes,Yes,Yes,Yes,No,Month-to-month,No,Mailed check,66.89,3115.65,No
3165-4614,Male,0,No,No,22,Yes,No,DSL,No,Yes,No,No,Yes,Yes,Two year,Yes,Credit card (automatic),77.99,1860.85,Yes
3166-7740,Male,0,No,No,68,Yes,No,Fiber optic,Yes,Yes,No,No,No,Yes,Two year,No,Credit card (automatic),80.76,5493.97,No
3167-3412,Female,0,Yes,No,43,Yes,No,No,No internet service,No internet service,No internet service,No internet service,No internet service,No internet service,Month-to-month,No,Bank transfer (automatic),29.96,1367.98,No
3168-8398,Female,0,No,No,49,Yes,Yes,Fiber optic,Yes,Yes,No,No,No,No,One year,No,Electronic check,81.95,4058.05,No
3169-6456,Male,0,Yes,Yes,18,Yes,No,Fiber optic,No,No,Yes,No,No,Yes,Month-to-month,Yes,Electronic check,109.19,1960.7,Yes
3170-6659,Female,0,No,No,55,Yes,No,No,No internet service,No internet service,No internet service,No internet service,No internet service,No internet service,Month-to-month,Yes,Bank transfer (automatic),28.11,1489.84,No
3171-9448,Male,0,Yes,No,9,Yes,Yes,DSL,No,Yes,No,No,Yes,Yes,Month-to-month,Yes,Mailed check,72.17,665.65,No
3172-4886,Female,0,Yes,Yes,63,Yes,Yes,DSL,Yes,No,No,No,Yes,No,Month-to-month,No,Electronic check,58.01,3834.36,No
3173-4101,Male,0,No,No,62,Yes,Yes,DSL,No,No,No,No,No,No,Month-to-month,Yes,Bank transfer (automatic),61.99,3675.37,No
3174-9949,Male,0,No,Yes,49,Yes,Yes,DSL,No,No,No,Yes,No,No,Month-to-month,Yes,Mailed check,49.03,2389.42,No
3175-6012,Male,0,Yes,Yes,71,Yes,Yes,DSL,No,No,No,Yes,Yes,Yes,One year,No,Electronic check,79.53,5630.74,No
3176-6530,Male,0,Yes,Yes,66,Yes,No,DSL,No,Yes,No,No,No,Yes,Month-to-month,Yes,Bank transfer (automatic),68.89,4521.67,No
3177-3666,Female,0,No,Yes,5,Yes,No,Fiber optic,Yes,Yes,No,Yes,Yes,Yes,Month-to-month,Yes,Bank transfer (automatic),93.95,548.65,Yes
3178-2938,Female,0,No,No,16,Yes,No,DSL,No,No,No,No,Yes,Yes,Two year,Yes,Mailed check,71.96,1208.07,No
3179-2528,Female,0,No,No,8,Yes,Yes,DSL,No,No,No,Yes,No,Yes,Month-to-month,Yes,Credit card (automatic),71.09,570.09,No
3180-3011,Male,0,Yes,No,23,Yes,No,Fiber optic,No,No,No,Yes,No,Yes,Month-to-month,Yes,Bank transfer (automatic),85.49,1969.91,No
3181-2756,Male,0,Yes,No,42,Yes,No,Fiber optic,Yes,Yes,Yes,Yes,Yes,No,Month-to-month,No,Credit card (automatic),94.43,4012.38,No
3182-7719,Male,0,No,No,10,Yes,No,Fiber optic,Yes,Yes,No,Yes,No,No,Two year,Yes,Mailed check,87.96,965.13,No
3183-1521,Female,0,No,No,6,Yes,No,DSL,Yes,No,Yes,No,Yes,Yes,Month-to-month,Yes,Mailed check,58.15,473.46,No
3184-6663,Male,0,Yes,No,47,Yes,No,Fiber optic,No,No,Yes,Yes,Yes,No,One year,Yes,Mailed check,91.69,4320.23,No
3185-9542,Female,0,Yes,No,46,Yes,No,No,No internet service,No internet service,No internet service,No internet service,No internet service,No internet service,Two year,Yes,Electronic check,26.43,1101.48,No
3186-7889,Female,0,Yes,No,26,Yes,Yes,DSL,Yes,No,No,No,No,No,Month-to-month,Yes,Credit card (automatic),52.52,1445.41,No
3187-4625,Female,0,No,No,52,Yes,No,Fiber optic,No,Yes,No,No,No,No,Month-to-month,Yes,Bank transfer (automatic),88.66,4611.24,Yes
3188-1534,Male,0,Yes,Yes,43,Yes,No,Fiber optic,No,Yes,Yes,No,Yes,Yes,One year,No,Electronic check,116.09,5062.78,Yes
3189-8506,Female,0,No,No,30,Yes,No,Fiber optic,Yes,No,No,No,Yes,Yes,Month-to-month,No,Electronic check,96.72,3112.5,No
3190-1028,Male,0,No,Yes,4,Yes,No,DSL,No,Yes,No,No,No,Yes,Month-to-month,Yes,Electronic check,52.17,215.18,No
3191-7131,Male,0,Yes,Yes,55,Yes,Yes,DSL,Yes,Yes,No,Yes,Yes,No,Month-to-month,Yes,Credit card (automatic),58.42,3211.23,No
3192-7037,Male,0,Yes,No,45,Yes,Yes,Fiber optic,No,Yes,No,Yes,Yes,Yes,Two year,No,Mailed check,94.89,4192.62,No
3193-2727,Male,0,Yes,No,8,Yes,No,Fiber optic,No,No,No,No,No,No,Month-to-month,Yes,Credit card (automatic),68.85,692.14,Yes
3194-7658,Female,0,Yes,Yes,13,No,No phone service,No,No internet service,No internet service,No internet service,No internet service,No internet service,No internet service,Two year,Yes,Electronic check,18.25,53.61,No
3195-2578,Female,0,No,No,21,Yes,Yes,DSL,No,Yes,No,No,No,Yes,Month-to-month,Yes,Electronic check,55.09,1171.89,No
3196-3030,Male,0,No,No,13,Yes,No,DSL,Yes,Yes,No,Yes,No,No,Month-to-month,Yes,Credit card (automatic),56.45,812.51,No
3197-8307,Male,0,Yes,Yes,58,Yes,Yes,Fiber optic,No,No,Yes,Yes,No,Yes,Month-to-month,Yes,Bank transfer (automatic),85.93,4980.57,No
3198-9811,Male,0,No,No,68,Yes,No,Fiber optic,Yes,No,Yes,Yes,Yes,No,One year,Yes,Credit card (automatic),106.08,7120.93,No
3199-3382,Male,0,Yes,No,6,Yes,No,Fiber optic,Yes,No,Yes,No,No,No,One year,No,Bank transfer (automatic),90.12,442.85,Yes
3200-9291,Female,0,No,No,17,Yes,No,DSL,Yes,No,No,No,No,No,One year,Yes,Mailed check,62.03,1041.02,No
3201-9218,Female,0,No,Yes,20,Yes,No,Fiber optic,No,Yes,No,No,Yes,No,Month-to-month,No,Bank transfer (automatic),87.52,1807.87,No
3202-7923,Female,0,Yes,No,72,Yes,Yes,No,No internet service,No internet service,No internet service,No internet service,No internet service,No internet service,Month-to-month,Yes,Credit card (automatic),31.77,2313.25,No
3203-2260,Female,0,No,No,45,Yes,No,No,No internet service,No internet service,No internet service,No internet service,No internet service,No internet service,Two year,Yes,Credit card (automatic),34.23,1485.45,No
3204-3694,Male,0,No,Yes,69,Yes,No,No,No internet service,No internet service,No internet service,No internet service,No internet service,No internet service,Month-to-month,Yes,Mailed check,30.57,2205.24,No
3205-7098,Male,0,Yes,No,18,Yes,No,Fiber optic,Yes,No,No,No,No,No,One year,Yes,Credit card (automatic),99.43,1879.54,No
3206-9991,Male,1,No,No,4,Yes,No,No,No internet service,No internet service,No internet service,No internet service,No internet service,No internet service,One year,Yes,Electronic check,34.79,83.69,No
3207-8329,Male,0,Yes,Yes,35,Yes,Yes,Fiber optic,Yes,No,No,Yes,Yes,No,Two year,No,Bank transfer (automatic),95.61,3270.04,No
3208-4781,Female,1,Yes,No,59,Yes,No,DSL,No,No,Yes,No,No,Yes,One year,Yes,Bank transfer (automatic),55.62,3365.53,No
3209-3117,Male,1,No,No,61,Yes,Yes,No,No internet service,No internet service,No internet service,No internet service,No internet service,No internet service,Month-to-month,Yes,Electronic check,31.51,1908.13,No
3210-9642,Female,0,Yes,No,34,Yes,No,DSL,No,No,No,No,Yes,Yes,Month-to-month,Yes,Bank transfer (automatic),76.63,2633.37,Yes
3211-3485,Female,0,Yes,No,19,Yes,Yes,DSL,No,No,Yes,Yes,Yes,No,Two year,No,Mailed check,53.1,1090.13,No
3212-4079,Female,0,Yes,Yes,3,Yes,Yes,DSL,No,No,No,No,No,Yes,Month-to-month,Yes,Mailed check,60.16,59.2,No
3213-9679,Male,1,Yes,No,31,Yes,No,Fiber optic,Yes,Yes,Yes,Yes,Yes,No,Month-to-month,Yes,Bank transfer (automatic),82.24,2568.19,No
3214-6054,Male,0,Yes,No,39,Yes,No,Fiber optic,No,Yes,Yes,No,Yes,No,Two year,Yes,Bank transfer (automatic),68.79,2700.24,No
3215-3381,Male,0,Yes,Yes,1,Yes,No,Fiber optic,Yes,No,Yes,No,No,Yes,One year,No,Bank transfer (automatic),97.55,41.82,No
3216-1048,Male,1,No,No,68,Yes,No,DSL,No,No,No,No,No,Yes,Month-to-month,No,Mailed check,55.47,3693.97,No
3217-4869,Female,0,Yes,No,51,Yes,No,DSL,No,Yes,Yes,Yes,No,Yes,One year,Yes,Electronic check,58.57,2946.55,No
3218-9873,Female,1,No,No,23,Yes,No,DSL,Yes,Yes,Yes,No,Yes,No,Two year,No,Bank transfer (automatic),72.0,1516.17,No
3219-4892,Male,0,No,Yes,25,Yes,Yes,DSL,Yes,No,No,Yes,No,No,Month-to-month,No,Credit card (automatic),68.21,1598.76,No
3220-7295,Female,0,Yes,No,26,Yes,Yes,DSL,Yes,Yes,No,No,Yes,No,Month-to-month,No,Bank transfer (automatic),67.33,1842.68,Yes
3221-3277,Male,0,No,No,62,Yes,No,DSL,No,No,No,No,No,No,Two year,Yes,Electronic check,60.66,3695.75,No
3222-7979,Female,0,No,No,52,Yes,Yes,No,No internet service,No internet service,No internet service,No internet service,No internet service,No internet service,One year,No,Mailed check,36.54,1798.26,No
3223-7981,Female,0,No,No,6,Yes,No,No,No internet service,No internet service,No internet service,No internet service,No internet service,No internet service,Two year,Yes,Mailed check,30.09,176.28,No
3224-6474,Female,0,No,No,22,Yes,No,Fiber optic,No,No,Yes,No,Yes,Yes,Month-to-month,No,Credit card (automatic),92.97,1994.85,Yes
3225-7945,Female,0,Yes,No,57,Yes,No,Fiber optic,No,No,No,No,No,No,Two year,Yes,Credit card (automatic),79.04,4458.39,No
3226-6208,Male,0,Yes,Yes,26,Yes,Yes,No,No internet service,No internet service,No internet service,No internet service,No internet service,No internet service,One year,Yes,Electronic check,29.18,854.62,No
3227-4404,Male,0,No,No,59,Yes,No,Fiber optic,No,No,No,Yes,Yes,No,One year,Yes,Electronic check,82.39,5034.25,No
3228-7640,Male,1,No,No,37,Yes,No,No,No internet service,No internet service,No internet service,No internet service,No internet service,No internet service,Month-to-month,Yes,Credit card (automatic),26.41,1035.06,No
3229-8515,Male,0,No,No,56,Yes,No,No,No internet service,No internet service,No internet service,No internet service,No internet service,No internet service,Month-to-month,Yes,Bank transfer (automatic),29.27,1525.54,No
3230-8568,Female,0,No,Yes,38,Yes,No,DSL,Yes,Yes,Yes,No,Yes,Yes,Month-to-month,Yes,Credit card (automatic),81.45,3070.03,No
3231-2917,Female,0,Yes,No,53,Yes,No,DSL,No,Yes,No,No,No,No,Two year,No,Electronic check,51.31,2787.84,No
3232-7088,Female,0,Yes,No,31,Yes,Yes,DSL,Yes,Yes,No,No,Yes,No,Month-to-month,No,Bank transfer (automatic),70.68,2170.97,No
3233-1038,Male,0,No,No,17,Yes,Yes,Fiber optic,No,No,No,Yes,No,Yes,Two year,Yes,Credit card (automatic),70.15,1165.05,No
3234-6147,Female,0,Yes,Yes,64,Yes,No,No,No internet service,No internet service,No internet service,No internet service,No internet service,No internet service,Month-to-month,Yes,Mailed check,32.2,2067.61,No
3235-6139,Female,0,No,No,30,Yes,Yes,DSL,No,Yes,No,No,Yes,Yes,Month-to-month,Yes,Bank transfer (automatic),75.69,2390.11,No
3236-4271,Male,1,No,Yes,0,Yes,Yes,No,No internet service,No internet service,No internet service,No internet service,No internet service,No internet service,Month-to-month,No,Electronic check,31.82,,Yes
3237-9945,Male,0,Yes,Yes,28,Yes,Yes,Fiber optic,No,No,No,Yes,No,No,Month-to-month,Yes,Credit card (automatic),80.27,2257.25,No
3238-8945,Male,1,Yes,No,29,Yes,No,Fiber optic,No,Yes,Yes,Yes,Yes,Yes,One year,Yes,Electronic check,99.33,2723.81,No
3239-1347,Female,0,No,No,17,Yes,No,Fiber optic,Yes,No,No,No,Yes,No,Two year,No,Mailed check,89.87,1617.06,No
3240-2879,Male,1,No,No,64,Yes,No,Fiber optic,No,No,Yes,No,No,Yes,One year,No,Electronic check,80.43,5162.36,No
3241-2871,Male,0,No,Yes,35,Yes,Yes,Fiber optic,Yes,No,No,No,No,No,Month-to-month,No,Credit card (automatic),79.21,2729.24,No
3242-9077,Female,0,Yes,Yes,27,No,No phone service,No,No internet service,No internet service,No internet service,No internet service,No internet service,No internet service,Month-to-month,No,Bank transfer (automatic),18.25,551.51,No
3243-5669,Male,1,Yes,No,50,Yes,Yes,Fiber optic,Yes,No,No,No,Yes,Yes,One year,Yes,Credit card (automatic),91.96,4552.7,No
3244-7559,Male,1,Yes,Yes,46,Yes,No,DSL,No,Yes,Yes,No,Yes,No,One year,No,Bank transfer (automatic),74.95,3349.51,No
3245-8288,Female,0,Yes,No,34,Yes,No,Fiber optic,No,No,Yes,Yes,Yes,No,Month-to-month,Yes,Mailed check,96.38,3423.8,Yes
3246-7907,Female,0,Yes,Yes,71,Yes,Yes,Fiber optic,No,No,No,No,No,No,Month-to-month,No,Credit card (automatic),93.92,6654.9,Yes
3247-1801,Female,0,No,Yes,71,Yes,Yes,No,No internet service,No internet service,No internet service,No internet service,No internet service,No internet service,Two year,No,Electronic check,32.75,2336.11,No
3248-2262,Male,0,Yes,No,34,Yes,Yes,DSL,No,No,No,No,Yes,Yes,One year,Yes,Credit card (automatic),65.86,2327.0,No
3249-4556,Female,1,No,Yes,51,Yes,No,DSL,No,No,Yes,No,No,Yes,Month-to-month,No,Electronic check,57.26,3045.69,No
3250-4045,Male,0,No,No,3,No,No phone service,Fiber optic,Yes,No,No,Yes,No,Yes,Month-to-month,Yes,Mailed check,78.82,242.12,Yes
3251-7722,Male,0,No,No,32,Yes,No,No,No internet service,No internet service,No internet service,No internet service,No internet service,No internet service,Month-to-month,Yes,Credit card (automatic),34.54,1272.96,No
3252-2405,Female,0,No,Yes,32,Yes,No,Fiber optic,No,No,Yes,No,Yes,Yes,One year,Yes,Bank transfer (automatic),80.48,2636.15,No
3253-4343,Male,0,Yes,No,29,Yes,Yes,DSL,Yes,No,No,No,Yes,No,One year,No,Credit card (automatic),64.67,2017.02,No
3254-3128,Male,0,No,No,61,Yes,No,Fiber optic,No,Yes,Yes,No,No,Yes,Month-to-month,Yes,Bank transfer (automatic),90.43,5469.55,No
3255-2699,Male,0,Yes,No,42,Yes,No,Fiber optic,Yes,No,Yes,Yes,Yes,No,Two year,Yes,Mailed check,107.11,4456.45,No
3256-2555,Female,1,Yes,Yes,34,Yes,Yes,Fiber optic,No,No,No,No,Yes,No,One year,Yes,Credit card (automatic),107.38,3671.48,Yes
3257-2759,Female,0,No,No,31,Yes,No,Fiber optic,No,No,Yes,No,No,Yes,Month-to-month,Yes,Mailed check,104.38,3172.73,No
3258-6078,Male,0,Yes,No,45,Yes,No,Fiber optic,No,No,No,Yes,No,Yes,Two year,Yes,Bank transfer (automatic),74.93,3490.96,No
3259-4690,Female,0,Yes,Yes,16,Yes,No,DSL,No,Yes,Yes,No,No,No,One year,No,Electronic check,61.01,934.22,No
3260-4917,Female,0,No,Yes,17,Yes,No,DSL,No,No,Yes,No,Yes,No,Month-to-month,Yes,Electronic check,60.58,981.25,No
3261-5314,Male,1,Yes,Yes,38,Yes,No,Fiber optic,No,No,No,No,No,Yes,Month-to-month,Yes,Credit card (automatic),82.46,3001.35,No
3262-7668,Female,0,Yes,Yes,23,Yes,Yes,DSL,No,No,Yes,No,No,Yes,Month-to-month,Yes,Mailed check,55.94,1232.34,No
3263-8755,Male,0,Yes,Yes,49,Yes,Yes,DSL,Yes,Yes,No,Yes,Yes,No,Two year,Yes,Bank transfer (automatic),66.83,3089.09,No
3264-5737,Female,0,Yes,No,65,Yes,No,Fiber optic,No,No,No,No,No,Yes,Two year,No,Electronic check,77.04,4971.31,No
3265-6779,Female,0,No,No,26,Yes,Yes,Fiber optic,No,No,Yes,No,Yes,Yes,Month-to-month,Yes,Electronic check,106.15,2591.59,Yes
3266-7646,Female,0,No,No,42,Yes,No,Fiber optic,No,No,No,No,No,Yes,One year,No,Mailed check,79.64,3267.09,No
3267-7212,Female,0,Yes,Yes,20,No,No phone service,No,No internet service,No internet service,No internet service,No internet service,No internet service,No internet service,Month-to-month,Yes,Electronic check,18.25,306.55,No
3268-2208,Female,0,No,Yes,57,Yes,Yes,DSL,Yes,No,No,No,No,Yes,Two year,No,Mailed check,81.04,4602.61,No
3269-9845,Female,0,No,No,15,Yes,No,DSL,No,Yes,No,Yes,No,No,Month-to-month,Yes,Mailed check,43.2,684.32,No
3270-2483,Female,1,No,No,38,Yes,No,No,No internet service,No internet service,No internet service,No internet service,No internet service,No internet service,One year,No,Bank transfer (automatic),28.68,1092.37,No
3271-4706,Male,0,No,No,26,Yes,Yes,DSL,Yes,No,Yes,No,No,No,Two year,No,Bank transfer (automatic),66.94,1776.38,No
3272-6872,Male,1,No,Yes,55,No,No phone service,No,No internet service,No internet service,No internet service,No internet service,No internet service,No internet service,One year,Yes,Mailed check,18.25,1071.09,No
3273-4629,Female,0,No,Yes,17,Yes,Yes,DSL,No,No,No,Yes,Yes,No,Month-to-month,No,Bank transfer (automatic),58.08,1026.26,No
3274-3187,Female,0,No,No,14,Yes,No,Fiber optic,No,No,Yes,No,Yes,No,One year,Yes,Electronic check,70.77,986.82,No
3275-9309,Female,1,Yes,No,55,Yes,No,Fiber optic,No,Yes,No,Yes,Yes,No,Month-to-month,No,Electronic check,85.03,4785.35,No
3276-1643,Female,0,Yes,Yes,40,No,No phone service,Fiber optic,No,No,Yes,No,Yes,No,One year,Yes,Credit card (automatic),69.31,2780.77,No
3277-3212,Male,0,Yes,No,46,No,No phone service,Fiber optic,Yes,Yes,Yes,No,No,Yes,Month-to-month,Yes,Credit card (automatic),64.77,2886.25,No
3278-9935,Male,0,No,Yes,57,Yes,No,DSL,Yes,No,Yes,No,No,No,Month-to-month,Yes,Electronic check,65.13,3732.58,No
3279-7567,Female,0,Yes,No,20,Yes,No,DSL,No,No,Yes,Yes,No,No,Two year,Yes,Credit card (automatic),58.42,1201.85,No
3280-1782,Male,0,No,No,17,Yes,Yes,Fiber optic,No,No,Yes,No,No,No,Month-to-month,Yes,Credit card (automatic),85.17,1404.55,No
3281-7790,Male,0,Yes,No,72,Yes,Yes,No,No internet service,No internet service,No internet service,No internet service,No internet service,No internet service,Two year,Yes,Credit card (automatic),27.75,2098.92,No
3282-9724,Female,0,No,No,8,Yes,No,Fiber optic,No,No,No,No,Yes,Yes,Month-to-month,No,Electronic check,80.1,652.41,Yes
3283-1879,Male,0,Yes,No,47,Yes,No,Fiber optic,Yes,No,Yes,Yes,No,No,Month-to-month,Yes,Electronic check,66.92,3074.13,Yes
3284-4726,Female,0,Yes,No,28,Yes,Yes,No,No internet service,No internet service,No internet service,No internet service,No internet service,No internet service,Two year,Yes,Mailed check,26.67,640.39,No
3285-5213,Male,0,Yes,No,10,Yes,No,Fiber optic,Yes,Yes,No,No,Yes,Yes,One year,No,Electronic check,92.73,818.89,No
3286-2178,Male,1,No,No,69,Yes,No,Fiber optic,No,No,No,No,Yes,Yes,Month-to-month,Yes,Bank transfer (automatic),99.58,7043.43,No
3287-2804,Female,0,No,No,60,Yes,Yes,DSL,Yes,No,Yes,No,No,No,One year,No,Mailed check,65.42,3930.9,No
3288-2563,Male,1,Yes,Yes,16,No,No phone service,No,No internet service,No internet service,No internet service,No internet service,No internet service,No internet service,Month-to-month,Yes,Mailed check,18.25,332.66,No
3289-2668,Male,0,No,No,55,Yes,Yes,DSL,No,No,Yes,No,Yes,Yes,Two year,No,Bank transfer (automatic),90.75,4941.88,No
3290-4631,Female,0,No,No,56,Yes,Yes,DSL,Yes,Yes,No,No,Yes,No,Month-to-month,No,Mailed check,67.08,3819.48,No
3291-5173,Female,0,No,No,36,Yes,Yes,DSL,No,No,No,No,Yes,Yes,Month-to-month,No,Electronic check,89.13,3198.28,No
3292-3141,Male,1,No,No,69,Yes,No,DSL,No,No,No,No,Yes,Yes,Two year,Yes,Electronic check,52.08,3578.75,No
3293-3604,Female,0,No,No,17,Yes,Yes,Fiber optic,Yes,Yes,No,Yes,Yes,Yes,Month-to-month,No,Bank transfer (automatic),113.71,1921.09,Yes
3294-2729,Female,1,No,No,5,Yes,Yes,DSL,No,Yes,No,Yes,No,No,Two year,Yes,Electronic check,50.38,151.89,No
3295-8163,Male,0,No,Yes,59,No,No phone service,Fiber optic,No,Yes,Yes,Yes,No,No,Month-to-month,Yes,Credit card (automatic),57.06,3422.56,No
3296-2905,Female,0,No,No,26,Yes,Yes,Fiber optic,No,Yes,Yes,Yes,No,No,Month-to-month,Yes,Mailed check,73.1,2039.65,No
3297-9167,Male,0,No,Yes,9,Yes,No,DSL,No,No,No,No,Yes,No,Month-to-month,Yes,Credit card (automatic),62.85,591.89,No
3298-5849,Male,1,Yes,No,70,Yes,No,DSL,No,Yes,No,Yes,Yes,No,Month-to-month,No,Credit card (automatic),58.51,4086.23,No
3299-8223,Male,0,Yes,No,30,Yes,No,DSL,No,No,No,No,No,Yes,Month-to-month,Yes,Bank transfer (automatic),63.61,1841.55,No
3300-6726,Male,1,No,No,63,Yes,No,Fiber optic,No,Yes,Yes,Yes,Yes,No,Month-to-month,Yes,Credit card (automatic),105.75,6641.63,No
3301-3394,Male,0,No,No,59,Yes,Yes,Fiber optic,No,No,No,No,No,No,Month-to-month,No,Electronic check,69.61,4045.99,Yes
3302-6411,Male,0,No,Yes,22,Yes,No,DSL,No,No,Yes,No,No,No,One year,No,Bank transfer (automatic),62.65,1245.53,No
3303-3466,Male,0,No,No,58,Yes,No,DSL,No,No,No,No,Yes,No,Month-to-month,No,Mailed check,75.07,4330.45,No
3304-2066,Female,0,No,Yes,34,Yes,Yes,DSL,Yes,No,No,No,Yes,Yes,Month-to-month,No,Bank transfer (automatic),80.12,2712.43,No
3305-3292,Male,0,Yes,Yes,45,Yes,No,No,No internet service,No internet service,No internet service,No internet service,No internet service,No internet service,Month-to-month,No,Credit card (automatic),31.82,1452.69,No
3306-3480,Female,0,No,No,20,Yes,No,No,No internet service,No internet service,No internet service,No internet service,No internet service,No internet service,Month-to-month,Yes,Electronic check,30.61,706.53,No
3307-2215,Male,0,Yes,No,0,Yes,No,Fiber optic,No,Yes,Yes,Yes,No,No,Two year,No,Mailed check,76.27,,No
3308-1212,Female,0,No,Yes,13,Yes,No,No,No internet service,No internet service,No internet service,No internet service,No internet service,No internet service,Month-to-month,No,Bank transfer (automatic),27.01,290.29,No
3309-9493,Female,0,No,No,24,Yes,Yes,DSL,Yes,Yes,No,No,Yes,Yes,Month-to-month,Yes,Electronic check,72.0,1770.7,No
3310-5620,Female,0,Yes,Yes,39,Yes,No,Fiber optic,No,No,Yes,Yes,Yes,Yes,Month-to-month,Yes,Bank transfer (automatic),80.59,3077.12,No
3311-4618,Male,0,No,No,62,Yes,No,Fiber optic,Yes,No,No,Yes,No,No,One year,Yes,Electronic check,53.08,3272.36,No
3312-9368,Female,0,No,Yes,12,No,No phone service,Fiber optic,Yes,Yes,No,Yes,No,No,Month-to-month,Yes,Mailed check,63.31,762.7,No
3313-3021,Female,0,Yes,Yes,52,Yes,No,Fiber optic,Yes,No,No,No,No,Yes,Month-to-month,No,Credit card (automatic),73.65,3864.59,No
3314-4625,Male,0,No,No,54,Yes,No,Fiber optic,No,No,Yes,No,Yes,Yes,Two year,No,Bank transfer (automatic),84.37,4541.81,No
3315-8619,Male,0,No,No,59,Yes,No,No,No internet service,No internet service,No internet service,No internet service,No internet service,No internet service,Month-to-month,Yes,Mailed check,30.33,1650.93,No
3316-6687,Male,0,No,No,59,Yes,No,DSL,No,Yes,Yes,Yes,No,No,One year,Yes,Mailed check,49.25,2878.18,No
3317-4592,Female,0,Yes,No,4,Yes,No,DSL,Yes,Yes,No,No,No,No,One year,Yes,Bank transfer (automatic),59.16,168.82,Yes
3318-3302,Male,0,Yes,No,15,Yes,Yes,Fiber optic,No,Yes,No,No,Yes,No,One year,Yes,Mailed check,81.89,1168.69,No
3319-1316,Male,0,No,No,68,Yes,No,DSL,Yes,No,Yes,No,No,No,Month-to-month,No,Electronic check,56.79,3798.99,No
3320-1765,Female,0,Yes,No,46,Yes,No,DSL,Yes,No,Yes,Yes,No,Yes,Two year,No,Electronic check,63.39,2900.38,No
3321-2457,Male,0,Yes,No,16,Yes,Yes,DSL,No,Yes,Yes,No,No,No,Month-to-month,Yes,Credit card (automatic),66.47,1096.14,No
3322-8078,Female,0,No,No,72,Yes,Yes,Fiber optic,Yes,No,No,No,Yes,Yes,Month-to-month,No,Electronic check,109.05,7906.29,Yes
3323-6752,Female,0,No,Yes,24,Yes,No,Fiber optic,Yes,No,No,No,No,Yes,Month-to-month,Yes,Electronic check,114.71,2705.56,Yes
3324-4900,Male,0,No,Yes,21,Yes,Yes,Fiber optic,Yes,No,No,No,No,Yes,Two year,Yes,Electronic check,88.01,1719.45,No
3325-8045,Female,0,No,No,61,Yes,No,Fiber optic,No,Yes,No,Yes,No,Yes,Two year,Yes,Bank transfer (automatic),82.01,4935.14,No
3326-2446,Female,1,Yes,No,70,Yes,No,DSL,No,No,No,No,Yes,Yes,Two year,No,Bank transfer (automatic),64.61,4619.55,No
3327-2898,Female,0,Yes,No,29,Yes,Yes,Fiber optic,No,No,No,No,Yes,No,Month-to-month,Yes,Electronic check,92.45,2731.98,No
3328-4534,Male,0,No,No,47,Yes,No,DSL,Yes,Yes,No,Yes,Yes,No,Month-to-month,No,Bank transfer (automatic),64.46,3106.74,No
3329-9255,Female,0,Yes,No,46,Yes,No,DSL,No,Yes,Yes,No,Yes,No,One year,Yes,Mailed check,57.65,2657.28,No
3330-6527,Female,0,Yes,No,16,Yes,Yes,Fiber optic,No,No,No,No,Yes,No,Two year,Yes,Mailed check,73.36,1144.05,No
3331-8658,Male,0,No,No,40,Yes,Yes,DSL,Yes,Yes,No,No,No,Yes,Two year,Yes,Mailed check,56.83,2169.02,No
3332-3233,Male,0,Yes,Yes,4,No,No phone service,DSL,Yes,No,No,No,No,Yes,Month-to-month,Yes,Credit card (automatic),61.01,313.81,No
3333-8634,Female,0,No,No,63,No,No phone service,No,No internet service,No internet service,No internet service,No internet service,No internet service,No internet service,Two year,No,Electronic check,18.25,1170.65,No
3334-1652,Male,0,No,Yes,60,Yes,Yes,Fiber optic,No,No,No,No,Yes,No,Month-to-month,Yes,Electronic check,101.45,6047.54,No
3335-3048,Female,0,No,Yes,11,Yes,No,No,No internet service,No internet service,No internet service,No internet service,No internet service,No internet service,Month-to-month,No,Electronic check,31.05,195.39,No
3336-5706,Male,0,Yes,No,44,Yes,Yes,Fiber optic,No,No,Yes,No,No,Yes,Month-to-month,No,Credit card (automatic),92.62,4172.83,No
3337-1454,Male,0,Yes,Yes,7,Yes,No,DSL,No,No,Yes,Yes,No,No,One year,No,Electronic check,43.95,398.75,No
3338-8723,Male,0,No,No,6,Yes,Yes,Fiber optic,No,No,No,Yes,No,No,Month-to-month,Yes,Electronic check,82.17,458.15,Yes
3339-8805,Female,0,No,No,46,Yes,Yes,No,No internet service,No internet service,No internet service,No internet service,No internet service,No internet service,One year,No,Credit card (automatic),29.22,1334.51,No
3340-5872,Male,0,No,No,58,Yes,Yes,No,No internet service,No internet service,No internet service,No internet service,No internet service,No internet service,Month-to-month,Yes,Credit card (automatic),31.65,1798.56,No
3341-3751,Male,0,Yes,Yes,61,Yes,Yes,Fiber optic,No,No,Yes,Yes,No,No,Month-to-month,Yes,Bank transfer (automatic),81.18,4934.66,No
3342-1890,Female,0,No,No,24,Yes,No,DSL,Yes,Yes,No,No,No,No,Two year,Yes,Bank transfer (automatic),57.57,1200.16,No
3343-6569,Female,0,Yes,No,67,Yes,No,Fiber optic,Yes,Yes,No,No,No,Yes,Two year,Yes,Electronic check,83.76,5640.56,No
3344-5838,Male,0,Yes,No,39,Yes,No,DSL,No,No,Yes,Yes,Yes,No,One year,Yes,Electronic check,66.04,2534.37,No
3345-7838,Female,0,Yes,No,29,Yes,No,DSL,No,No,No,No,Yes,No,Month-to-month,Yes,Mailed check,74.18,2124.48,No
3346-6422,Male,0,Yes,No,25,Yes,Yes,DSL,No,No,No,No,No,No,Two year,Yes,Mailed check,46.67,1108.84,No
3347-2154,Female,0,Yes,No,53,Yes,No,DSL,Yes,No,No,No,No,No,Month-to-month,No,Mailed check,63.13,3323.1,No
3348-2095,Male,1,Yes,No,27,No,No phone service,Fiber optic,Yes,Yes,Yes,No,Yes,No,Month-to-month,No,Credit card (automatic),89.73,2457.65,No
3349-8026,Male,0,No,No,28,Yes,No,No,No internet service,No internet service,No internet service,No internet service,No internet service,No internet service,Month-to-month,No,Mailed check,32.63,947.58,No
3350-2431,Female,0,No,No,28,Yes,No,Fiber optic,No,No,No,No,Yes,No,Month-to-month,No,Bank transfer (automatic),77.05,2154.94,Yes
3351-9445,Female,0,Yes,No,23,No,No phone service,Fiber optic,Yes,Yes,No,Yes,Yes,No,One year,Yes,Mailed check,76.08,1754.07,No
3352-1953,Female,0,Yes,No,29,Yes,No,No,No internet service,No internet service,No internet service,No internet service,No internet service,No internet service,Month-to-month,No,Mailed check,28.91,826.18,No
3353-7554,Male,0,No,Yes,1,Yes,Yes,DSL,No,Yes,No,No,Yes,No,One year,Yes,Credit card (automatic),78.68,173.25,No
3354-9776,Male,0,Yes,No,63,No,No phone service,Fiber optic,No,Yes,No,No,Yes,Yes,Two year,Yes,Bank transfer (automatic),89.93,5664.78,No
3355-4970,Female,1,Yes,No,18,Yes,Yes,Fiber optic,No,No,No,No,Yes,No,Month-to-month,No,Mailed check,92.12,1665.12,No
3356-1510,Male,0,No,No,32,Yes,No,DSL,No,Yes,No,Yes,No,Yes,Month-to-month,Yes,Electronic check,54.07,1873.87,No
3357-8889,Male,1,No,No,12,Yes,Yes,Fiber optic,No,No,No,Yes,No,No,One year,No,Credit card (automatic),67.44,807.91,No
3358-2685,Female,0,No,No,39,Yes,Yes,Fiber optic,No,No,No,No,Yes,No,One year,Yes,Bank transfer (automatic),92.88,3557.48,No
3359-5746,Male,0,Yes,No,19,Yes,No,No,No internet service,No internet service,No internet service,No internet service,No internet service,No internet service,One year,No,Bank transfer (automatic),28.58,620.83,No
3360-9859,Female,0,Yes,Yes,12,Yes,No,Fiber optic,Yes,Yes,Yes,No,Yes,No,Month-to-month,Yes,Mailed check,88.98,918.12,No
3361-7702,Male,0,Yes,No,21,Yes,Yes,Fiber optic,No,Yes,Yes,No,No,No,Month-to-month,Yes,Bank transfer (automatic),78.36,1591.57,No
3362-1416,Female,0,No,Yes,66,Yes,Yes,Fiber optic,No,No,No,Yes,Yes,No,Two year,No,Mailed check,106.12,6987.25,No
3363-8383,Female,0,Yes,No,62,Yes,No,No,No internet service,No internet service,No internet service,No internet service,No internet service,No internet service,Month-to-month,No,Electronic check,31.18,1733.54,No
3364-2451,Female,0,Yes,No,57,Yes,No,No,No internet service,No internet service,No internet service,No internet service,No internet service,No internet service,Month-to-month,No,Bank transfer (automatic),29.53,1712.46,No
3365-7743,Female,0,Yes,No,14,Yes,No,DSL,No,No,No,No,No,No,One year,Yes,Bank transfer (automatic),49.01,721.99,No
3366-6587,Female,0,No,No,47,Yes,Yes,Fiber optic,No,No,No,No,No,No,Month-to-month,Yes,Electronic check,72.87,3322.97,No
3367-3590,Male,0,Yes,Yes,59,Yes,No,No,No internet service,No internet service,No internet service,No internet service,No internet service,No internet service,Two year,No,Mailed check,27.13,1586.62,No
3368-4812,Female,0,Yes,Yes,47,Yes,Yes,Fiber optic,Yes,Yes,Yes,No,Yes,No,One year,Yes,Credit card (automatic),104.9,5139.84,No
3369-2060,Male,0,No,No,62,No,No phone service,Fiber optic,No,Yes,No,No,Yes,Yes,Two year,Yes,Mailed check,104.44,6476.79,No
3370-9880,Female,0,No,Yes,14,Yes,No,Fiber optic,No,Yes,Yes,Yes,No,No,Two year,No,Mailed check,75.67,1192.76,No
3371-3144,Female,0,No,No,33,Yes,No,Fiber optic,Yes,No,No,No,Yes,No,Month-to-month,Yes,Electronic check,96.58,3163.21,Yes
3372-3777,Male,1,No,No,24,Yes,Yes,Fiber optic,Yes,No,Yes,No,Yes,Yes,One year,No,Bank transfer (automatic),92.06,2294.37,No
3373-5525,Female,0,Yes,No,52,Yes,Yes,Fiber optic,No,No,No,No,No,No,Month-to-month,Yes,Electronic check,82.4,4260.32,Yes
3374-7050,Female,0,No,No,9,Yes,No,DSL,No,No,No,No,Yes,No,Month-to-month,Yes,Bank transfer (automatic),68.6,601.63,No
3375-5546,Male,0,Yes,No,23,Yes,No,Fiber optic,No,No,No,No,No,No,Month-to-month,Yes,Credit card (automatic),82.32,1817.68,No
3376-5545,Female,0,No,No,51,Yes,Yes,Fiber optic,No,No,No,No,Yes,No,Two year,No,Mailed check,87.0,4565.04,No
3377-6243,Male,0,Yes,No,1,No,No phone service,No,No internet service,No internet service,No internet service,No internet service,No internet service,No internet service,Month-to-month,No,Electronic check,18.25,0.0,No
3378-8718,Female,0,No,Yes,18,Yes,Yes,DSL,No,Yes,No,No,Yes,Yes,Two year,No,Credit card (automatic),66.03,1161.67,No
3379-4555,Male,0,No,No,51,Yes,No,Fiber optic,No,Yes,No,No,No,Yes,Month-to-month,No,Electronic check,98.86,5069.15,Yes
3380-8488,Female,0,Yes,No,17,Yes,No,DSL,No,No,No,No,No,No,Month-to-month,Yes,Electronic check,52.7,752.62,No
3381-8081,Female,0,Yes,No,44,Yes,Yes,Fiber optic,No,Yes,No,No,Yes,No,Two year,No,Electronic check,84.86,3733.17,No
3382-9648,Male,0,No,No,29,Yes,No,No,No internet service,No internet service,No internet service,No internet service,No internet service,No internet service,Month-to-month,No,Mailed check,29.55,865.1,Yes
3383-9217,Male,0,Yes,No,33,Yes,Yes,No,No internet service,No internet service,No internet service,No internet service,No internet service,No internet service,Two year,Yes,Electronic check,28.14,865.45,No
3384-8182,Male,0,No,No,26,Yes,No,Fiber optic,No,Yes,No,No,No,No,One year,Yes,Mailed check,93.35,2514.7,No
3385-3220,Female,0,Yes,No,65,Yes,No,DSL,No,No,Yes,Yes,No,Yes,Two year,Yes,Bank transfer (automatic),64.78,4247.48,No
3386-7967,Female,0,No,No,52,Yes,No,No,No internet service,No internet service,No internet service,No internet service,No internet service,No internet service,One year,Yes,Bank transfer (automatic),33.53,1693.56,No
3387-7627,Male,0,No,No,53,Yes,Yes,DSL,No,No,Yes,No,Yes,Yes,Month-to-month,Yes,Credit card (automatic),87.74,4538.97,No
3388-3605,Female,0,Yes,No,57,Yes,No,DSL,Yes,No,No,No,No,No,One year,No,Credit card (automatic),55.66,3228.29,No
3389-7101,Female,0,No,No,31,Yes,No,DSL,Yes,No,Yes,No,Yes,No,One year,Yes,Bank transfer (automatic),67.91,2016.64,Yes
3390-3276,Female,0,No,No,7,Yes,No,Fiber optic,No,No,No,No,Yes,Yes,Month-to-month,Yes,Mailed check,88.23,574.56,Yes
3391-5707,Male,0,No,Yes,3,Yes,Yes,No,No internet service,No internet service,No internet service,No internet service,No internet service,No internet service,Month-to-month,No,Electronic check,33.7,172.42,No
3392-8169,Female,1,No,No,35,Yes,No,No,No internet service,No internet service,No internet service,No internet service,No internet service,No internet service,Month-to-month,No,Mailed check,25.93,922.12,No
3393-2696,Female,0,No,No,63,Yes,Yes,Fiber optic,No,No,No,No,No,No,Month-to-month,Yes,Mailed check,75.36,4729.99,No
3394-4032,Female,1,Yes,No,35,Yes,No,Fiber optic,No,No,Yes,No,Yes,No,Month-to-month,Yes,Electronic check,85.83,2862.36,Yes
3395-8156,Female,1,Yes,No,71,Yes,No,No,No internet service,No internet service,No internet service,No internet service,No internet service,No internet service,Two year,Yes,Electronic check,26.7,1758.95,No
3396-5083,Female,0,Yes,No,38,Yes,Yes,Fiber optic,Yes,Yes,No,No,No,Yes,Two year,No,Mailed check,95.94,3543.09,No
3397-9644,Female,0,No,Yes,46,Yes,No,Fiber optic,No,No,No,No,No,Yes,Month-to-month,Yes,Credit card (automatic),93.85,4261.26,No
3398-1071,Female,0,No,No,5,Yes,Yes,No,No internet service,No internet service,No internet service,No internet service,No internet service,No internet service,Month-to-month,Yes,Mailed check,26.95,102.62,No
3399-7495,Female,1,Yes,No,56,Yes,Yes,No,No internet service,No internet service,No internet service,No internet service,No internet service,No internet service,Month-to-month,Yes,Electronic check,24.85,1350.99,No
3400-8326,Male,0,No,No,64,Yes,Yes,Fiber optic,Yes,Yes,No,No,Yes,No,Month-to-month,Yes,Mailed check,101.8,6609.01,No
3401-9259,Male,0,Yes,No,36,Yes,No,Fiber optic,No,No,No,No,No,No,One year,Yes,Credit card (automatic),73.37,2657.62,Yes
3402-2410,Female,0,No,No,66,Yes,Yes,No,No internet service,No internet service,No internet service,No internet service,No internet service,No internet service,Month-to-month,Yes,Credit card (automatic),32.3,2051.14,No
3403-9856,Female,1,No,No,17,Yes,No,Fiber optic,No,No,Yes,No,Yes,Yes,Month-to-month,Yes,Credit card (automatic),96.3,1630.37,Yes
3404-4530,Female,0,No,No,35,Yes,No,DSL,No,No,No,Yes,Yes,Yes,Month-to-month,Yes,Credit card (automatic),70.96,2455.33,No
3405-4168,Female,0,No,No,66,Yes,Yes,No,No internet service,No internet service,No internet service,No internet service,No internet service,No internet service,Month-to-month,No,Bank transfer (automatic),26.77,1760.27,No
3406-4199,Female,0,No,Yes,44,Yes,No,Fiber optic,No,Yes,No,No,No,No,Two year,Yes,Mailed check,68.41,2971.74,No
3407-6743,Male,0,Yes,No,50,Yes,No,Fiber optic,No,No,Yes,No,No,No,Two year,Yes,Electronic check,79.83,3902.65,No
3408-6932,Female,1,No,No,29,Yes,No,Fiber optic,No,No,Yes,No,No,No,Month-to-month,Yes,Credit card (automatic),64.35,1937.84,No
3409-5264,Male,0,Yes,No,40,Yes,Yes,DSL,No,No,No,No,No,Yes,Month-to-month,Yes,Mailed check,58.2,2523.52,No
3410-1639,Female,0,No,No,27,Yes,Yes,DSL,No,Yes,Yes,No,No,No,Month-to-month,Yes,Bank transfer (automatic),50.37,1442.23,No
3411-9878,Female,0,No,Yes,49,Yes,No,DSL,No,Yes,Yes,No,Yes,No,Month-to-month,No,Mailed check,59.63,2935.06,No
3412-2998,Female,0,Yes,No,4,Yes,Yes,Fiber optic,No,No,Yes,No,Yes,No,Month-to-month,No,Electronic check,84.99,377.27,Yes
3413-1844,Female,0,Yes,No,37,Yes,No,Fiber optic,No,No,No,No,Yes,Yes,One year,No,Bank transfer (automatic),100.22,3671.68,No
3414-6375,Female,0,Yes,No,67,Yes,Yes,Fiber optic,No,Yes,No,No,Yes,No,Month-to-month,Yes,Bank transfer (automatic),105.68,7156.26,No
3415-4710,Female,0,No,No,4,Yes,No,Fiber optic,No,No,No,No,No,No,Two year,Yes,Credit card (automatic),101.98,321.17,No
3416-6539,Female,0,Yes,No,32,Yes,Yes,DSL,Yes,No,No,No,Yes,No,Month-to-month,No,Credit card (automatic),61.8,1947.66,No
3417-8878,Male,1,No,Yes,48,Yes,Yes,Fiber optic,Yes,No,No,No,No,No,Two year,No,Electronic check,81.82,3927.74,No
3418-1875,Male,0,Yes,Yes,6,Yes,No,No,No internet service,No internet service,No internet service,No internet service,No internet service,No internet service,One year,No,Credit card (automatic),24.78,223.27,No
3419-3556,Female,0,No,No,0,Yes,Yes,Fiber optic,Yes,No,No,No,No,Yes,Month-to-month,No,Credit card (automatic),105.85,,Yes
3420-5648,Male,0,No,No,12,Yes,No,DSL,No,No,No,Yes,No,No,One year,No,Bank transfer (automatic),70.84,837.79,No
3421-8089,Female,0,Yes,Yes,16,No,No phone service,DSL,Yes,No,Yes,No,Yes,No,One year,Yes,Electronic check,48.74,676.81,Yes
3422-6405,Female,1,No,Yes,64,Yes,No,Fiber optic,No,No,Yes,No,No,Yes,Month-to-month,Yes,Credit card (automatic),86.83,5341.97,No
3423-4444,Female,0,Yes,No,11,Yes,Yes,Fiber optic,No,Yes,Yes,No,No,No,Month-to-month,Yes,Bank transfer (automatic),93.2,1023.28,No
3424-6489,Female,0,No,Yes,46,Yes,No,No,No internet service,No internet service,No internet service,No internet service,No internet service,No internet service,One year,Yes,Electronic check,29.42,1411.66,No
3425-9818,Male,0,Yes,No,24,Yes,Yes,No,No internet service,No internet service,No internet service,No internet service,No internet service,No internet service,Month-to-month,Yes,Bank transfer (automatic),26.1,701.95,No
3426-5320,Male,0,No,No,39,Yes,Yes,Fiber optic,No,Yes,No,Yes,Yes,Yes,Month-to-month,No,Mailed check,101.09,3947.84,Yes
3427-8950,Male,0,Yes,Yes,66,No,No phone service,Fiber optic,Yes,No,Yes,No,No,Yes,Two year,No,Credit card (automatic),90.01,5945.93,No
3428-8018,Male,0,No,Yes,62,Yes,No,DSL,Yes,No,No,Yes,No,Yes,Two year,Yes,Electronic check,86.01,5171.92,No
3429-3711,Male,0,Yes,No,5,Yes,Yes,Fiber optic,Yes,Yes,Yes,Yes,No,Yes,One year,Yes,Mailed check,86.28,417.58,No
3430-3245,Female,0,No,Yes,6,Yes,Yes,DSL,No,Yes,Yes,Yes,Yes,Yes,One year,Yes,Credit card (automatic),69.45,442.44,No
3431-7930,Female,0,Yes,No,26,Yes,Yes,DSL,Yes,No,No,No,Yes,No,One year,No,Bank transfer (automatic),71.43,1916.2,Yes
3432-2867,Female,0,Yes,Yes,59,Yes,Yes,DSL,Yes,No,Yes,Yes,Yes,No,Month-to-month,Yes,Mailed check,54.45,3270.0,No
3433-4031,Male,0,No,No,55,Yes,No,DSL,Yes,Yes,No,No,No,No,Month-to-month,No,Electronic check,69.72,3916.05,No
3434-3118,Female,0,Yes,No,45,Yes,No,DSL,No,No,No,Yes,Yes,No,Month-to-month,Yes,Bank transfer (automatic),61.71,2743.4,No
3435-6456,Male,0,No,No,63,Yes,No,No,No internet service,No internet service,No internet service,No internet service,No internet service,No internet service,Month-to-month,No,Mailed check,26.26,1535.45,No
3436-3646,Male,1,No,Yes,13,Yes,Yes,Fiber optic,Yes,Yes,Yes,Yes,Yes,Yes,Month-to-month,No,Bank transfer (automatic),90.55,1217.35,No
3437-6925,Female,1,Yes,No,53,Yes,No,Fiber optic,No,No,Yes,Yes,Yes,Yes,Month-to-month,Yes,Mailed check,97.88,5159.85,No
3438-9412,Female,0,No,No,70,Yes,Yes,DSL,No,Yes,No,No,Yes,No,Month-to-month,Yes,Mailed check,57.84,4016.47,No
3439-8465,Male,0,Yes,Yes,70,Yes,Yes,Fiber optic,No,Yes,Yes,Yes,No,No,Month-to-month,No,Electronic check,83.5,5898.08,No
3440-9530,Female,0,No,No,51,Yes,Yes,No,No internet service,No internet service,No internet service,No internet service,No internet service,No internet service,Two year,No,Credit card (automatic),31.07,1634.5,No
3441-1220,Female,0,No,No,50,Yes,No,Fiber optic,No,Yes,No,No,Yes,No,Two year,Yes,Bank transfer (automatic),74.92,3745.75,No
3442-5098,Female,0,Yes,Yes,16,Yes,No,No,No internet service,No internet service,No internet service,No internet service,No internet service,No internet service,Month-to-month,Yes,Credit card (automatic),34.24,500.01,No
3443-2981,Male,0,Yes,No,54,Yes,Yes,No,No internet service,No internet service,No internet service,No internet service,No internet service,No internet service,Month-to-month,Yes,Mailed check,33.87,1927.4,No
3444-9259,Female,0,No,No,18,Yes,Yes,No,No internet service,No internet service,No internet service,No internet service,No internet service,No internet service,Month-to-month,No,Bank transfer (automatic),30.17,561.19,No
3445-7406,Male,1,No,Yes,30,Yes,No,Fiber optic,No,No,No,No,Yes,No,Month-to-month,No,Electronic check,88.49,2545.05,No
3446-3881,Female,0,Yes,Yes,8,Yes,Yes,DSL,No,No,Yes,No,Yes,Yes,Month-to-month,Yes,Mailed check,66.26,506.27,No
3447-6071,Male,0,Yes,No,22,Yes,No,DSL,No,Yes,No,No,Yes,Yes,Two year,Yes,Electronic check,82.11,1721.87,No
3448-6448,Male,0,Yes,No,5,Yes,Yes,Fiber optic,Yes,No,No,Yes,Yes,No,Month-to-month,Yes,Electronic check,97.54,470.44,No
3449-5459,Female,1,No,Yes,33,Yes,Yes,No,No internet service,No internet service,No internet service,No internet service,No internet service,No internet service,One year,Yes,Electronic check,29.4,952.07,No
3450-5268,Male,0,No,No,5,Yes,No,Fiber optic,No,Yes,No,Yes,No,No,Two year,Yes,Mailed check,76.72,243.02,Yes
3451-1496,Female,1,Yes,No,56,Yes,No,DSL,No,Yes,No,Yes,No,No,Month-to-month,Yes,Electronic check,54.75,2885.83,No
3452-5071,Female,1,No,Yes,47,Yes,Yes,DSL,Yes,Yes,No,Yes,Yes,Yes,One year,Yes,Mailed check,80.53,3789.58,No
3453-4134,Male,0,No,No,47,Yes,Yes,Fiber optic,Yes,No,Yes,No,No,Yes,Month-to-month,Yes,Credit card (automatic),81.1,3634.41,No
3454-8363,Female,0,No,No,51,Yes,No,No,No internet service,No internet service,No internet service,No internet service,No internet service,No internet service,One year,Yes,Electronic check,30.73,1571.97,No
3455-8785,Male,0,Yes,No,56,Yes,No,DSL,No,No,Yes,Yes,No,Yes,Month-to-month,Yes,Electronic check,60.01,3525.69,No
3456-7752,Male,0,Yes,No,49,Yes,No,DSL,Yes,Yes,Yes,No,No,No,Month-to-month,Yes,Bank transfer (automatic),65.1,3302.6,No
3457-1278,Female,0,Yes,Yes,45,Yes,No,Fiber optic,No,No,Yes,Yes,No,Yes,Month-to-month,No,Electronic check,81.4,3653.82,No
3458-8570,Female,0,No,Yes,13,Yes,Yes,DSL,No,Yes,Yes,No,Yes,Yes,Two year,Yes,Electronic check,84.39,1150.04,No
3459-4567,Male,0,Yes,Yes,53,Yes,Yes,DSL,Yes,No,Yes,No,Yes,No,Month-to-month,No,Electronic check,76.73,4101.84,No
3460-4746,Female,0,Yes,No,35,Yes,Yes,DSL,Yes,No,No,Yes,No,No,Two year,Yes,Credit card (automatic),61.57,2225.35,No
3461-9505,Female,0,No,No,11,Yes,Yes,Fiber optic,No,No,Yes,No,Yes,Yes,Month-to-month,No,Mailed check,105.66,1099.8,No
3462-8804,Female,0,No,Yes,35,Yes,No,DSL,No,Yes,No,Yes,No,No,Month-to-month,Yes,Credit card (automatic),66.74,2461.93,No
3463-1457,Female,0,Yes,No,23,Yes,Yes,DSL,Yes,No,No,Yes,Yes,No,Month-to-month,No,Electronic check,52.47,1307.91,No
3464-4238,Male,0,Yes,No,14,Yes,No,Fiber optic,Yes,Yes,No,No,No,Yes,Two year,Yes,Electronic check,87.33,1206.43,No
3465-7746,Female,0,Yes,No,40,No,No phone service,Fiber optic,No,No,Yes,No,No,No,One year,Yes,Bank transfer (automatic),75.89,2945.63,No
3466-5849,Male,0,Yes,No,65,Yes,No,Fiber optic,No,Yes,Yes,No,No,Yes,Month-to-month,No,Credit card (automatic),74.07,4703.11,No
3467-3318,Male,0,Yes,No,1,Yes,No,Fiber optic,Yes,No,No,No,Yes,Yes,Two year,No,Bank transfer (automatic),95.16,201.42,No
3468-5722,Male,0,Yes,No,9,Yes,No,Fiber optic,No,No,No,Yes,No,Yes,Two year,No,Electronic check,73.45,795.62,No
3469-8798,Male,0,Yes,No,66,Yes,Yes,No,No internet service,No internet service,No internet service,No internet service,No internet service,No internet service,Month-to-month,Yes,Credit card (automatic),28.44,1915.48,No
3470-3009,Male,0,No,No,50,Yes,No,DSL,Yes,Yes,No,No,Yes,No,Month-to-month,Yes,Credit card (automatic),63.43,3176.78,No
3471-7713,Female,1,No,No,17,Yes,No,DSL,No,No,No,No,No,Yes,One year,Yes,Mailed check,76.54,1426.83,No
3472-7612,Female,0,Yes,Yes,26,Yes,No,Fiber optic,No,No,No,Yes,No,Yes,Month-to-month,No,Credit card (automatic),77.27,1971.38,No
3473-8970,Male,0,No,No,6,Yes,No,DSL,No,Yes,No,No,No,Yes,Month-to-month,Yes,Credit card (automatic),64.35,383.6,Yes
3474-3681,Female,0,Yes,No,61,Yes,Yes,DSL,No,Yes,No,No,No,No,One year,No,Bank transfer (automatic),51.79,3154.65,No
3475-2943,Male,0,No,Yes,48,Yes,No,DSL,No,No,Yes,Yes,No,No,One year,No,Electronic check,45.81,2173.93,No
3476-5928,Female,1,No,Yes,16,Yes,No,No,No internet service,No internet service,No internet service,No internet service,No internet service,No internet service,Month-to-month,Yes,Bank transfer (automatic),33.17,564.94,No
3477-5781,Male,1,No,No,14,Yes,Yes,No,No internet service,No internet service,No internet service,No internet service,No internet service,No internet service,Month-to-month,No,Credit card (automatic),33.25,471.58,No
3478-4685,Male,0,No,Yes,50,No,No phone service,DSL,No,No,Yes,No,Yes,Yes,Month-to-month,Yes,Electronic check,61.18,3013.25,No
3479-8012,Female,0,Yes,No,41,Yes,Yes,DSL,Yes,No,No,No,Yes,No,One year,Yes,Electronic check,62.91,2493.79,No
3480-8190,Male,0,Yes,Yes,54,Yes,No,DSL,Yes,Yes,Yes,No,No,No,Month-to-month,Yes,Mailed check,69.83,3876.88,No
3481-3211,Female,1,No,Yes,18,Yes,No,DSL,No,Yes,No,Yes,No,Yes,Month-to-month,Yes,Bank transfer (automatic),62.89,1213.3,No
3482-8158,Female,0,Yes,No,72,Yes,No,DSL,No,Yes,No,No,Yes,Yes,Month-to-month,Yes,Mailed check,64.2,4796.34,No
3483-3076,Male,1,No,Yes,12,Yes,No,DSL,No,Yes,No,No,No,No,Month-to-month,Yes,Credit card (automatic),50.9,630.08,No
3484-4668,Male,0,Yes,Yes,13,Yes,Yes,Fiber optic,Yes,No,No,No,No,Yes,One year,Yes,Credit card (automatic),103.81,1409.07,Yes
3485-1244,Male,0,Yes,No,53,Yes,No,No,No internet service,No internet service,No internet service,No internet service,No internet service,No internet service,Month-to-month,Yes,Credit card (automatic),27.2,1423.22,No
3486-4063,Female,0,No,No,41,Yes,Yes,DSL,Yes,Yes,No,No,Yes,Yes,One year,Yes,Electronic check,72.0,3010.15,No
3487-9625,Female,0,No,No,28,No,No phone service,DSL,Yes,No,No,Yes,No,No,Month-to-month,No,Electronic check,41.61,1275.86,No
3488-4982,Female,0,No,No,53,Yes,No,Fiber optic,No,No,No,No,No,No,Month-to-month,Yes,Electronic check,59.98,3099.58,No
3489-7389,Male,0,No,Yes,41,Yes,No,DSL,No,No,Yes,Yes,No,Yes,Month-to-month,No,Bank transfer (automatic),75.7,3092.59,No
3490-1971,Female,0,No,No,29,No,No phone service,DSL,Yes,No,No,No,No,No,Two year,No,Bank transfer (automatic),46.6,1388.26,No
3491-6719,Male,0,Yes,No,15,Yes,No,DSL,No,No,Yes,Yes,No,No,Month-to-month,No,Mailed check,53.82,736.66,Yes
3492-4343,Male,0,No,Yes,52,Yes,No,Fiber optic,No,Yes,No,Yes,No,No,Month-to-month,Yes,Mailed check,74.66,3783.33,No
3493-7695,Female,0,Yes,Yes,40,Yes,Yes,DSL,No,No,Yes,No,Yes,No,Month-to-month,Yes,Mailed check,70.22,2756.93,No
3494-9351,Male,0,Yes,No,65,Yes,No,DSL,No,Yes,No,No,No,Yes,One year,Yes,Electronic check,69.8,4524.64,No
3495-5783,Female,0,No,Yes,30,Yes,No,Fiber optic,No,No,No,No,No,Yes,One year,No,Mailed check,101.81,2973.02,No
3496-1925,Female,1,Yes,Yes,19,Yes,No,Fiber optic,Yes,Yes,Yes,No,Yes,No,One year,Yes,Credit card (automatic),81.55,1568.43,No
3497-5284,Female,1,Yes,No,3,Yes,Yes,No,No internet service,No internet service,No internet service,No internet service,No internet service,No internet service,One year,Yes,Mailed check,23.97,219.27,No
3498-2107,Male,0,Yes,No,19,Yes,Yes,Fiber optic,No,No,No,No,Yes,Yes,Month-to-month,No,Electronic check,88.51,1758.68,No
3499-5045,Male,0,No,No,53,Yes,No,DSL,Yes,Yes,Yes,No,No,No,Month-to-month,Yes,Mailed check,57.31,3111.43,No
3500-1550,Male,0,No,Yes,20,Yes,No,DSL,Yes,Yes,Yes,Yes,Yes,No,Month-to-month,No,Electronic check,63.6,1136.85,No
3501-6763,Male,0,Yes,No,40,Yes,No,No,No internet service,No internet service,No internet service,No internet service,No internet service,No internet service,Month-to-month,No,Electronic check,32.65,1281.28,No
3502-3793,Male,1,No,No,15,Yes,Yes,DSL,No,No,Yes,No,No,No,Month-to-month,No,Mailed check,53.95,923.66,No
3503-2813,Male,0,Yes,No,67,Yes,No,DSL,No,No,Yes,No,No,Yes,One year,Yes,Bank transfer (automatic),61.03,4050.32,No
3504-1155,Male,0,No,No,65,No,No phone service,DSL,No,No,No,No,Yes,No,Two year,No,Electronic check,59.17,3820.6,No
3505-8991,Female,0,No,No,58,Yes,No,No,No internet service,No internet service,No internet service,No internet service,No internet service,No internet service,Two year,No,Mailed check,24.55,1501.08,No
3506-8533,Female,0,Yes,Yes,53,Yes,Yes,No,No internet service,No internet service,No internet service,No internet service,No internet service,No internet service,Two year,No,Bank transfer (automatic),32.67,1764.77,No
3507-8304,Male,1,No,No,41,Yes,Yes,Fiber optic,Yes,No,Yes,No,No,No,Month-to-month,Yes,Credit card (automatic),97.39,3924.6,No
3508-1523,Male,0,No,No,0,Yes,No,DSL,Yes,Yes,Yes,Yes,Yes,No,Month-to-month,Yes,Electronic check,65.99,,No
3509-4145,Male,1,Yes,No,3,Yes,Yes,DSL,No,No,Yes,No,Yes,Yes,Month-to-month,Yes,Bank transfer (automatic),67.16,170.05,Yes
3510-9741,Male,0,Yes,No,32,Yes,Yes,DSL,No,Yes,No,No,No,No,Month-to-month,Yes,Credit card (automatic),45.53,1511.49,No
3511-6206,Male,0,No,No,54,Yes,No,DSL,No,No,No,No,No,No,Month-to-month,No,Bank transfer (automatic),52.84,3015.67,No
3512-2156,Male,1,Yes,No,9,Yes,No,No,No internet service,No internet service,No internet service,No internet service,No internet service,No internet service,One year,No,Bank transfer (automatic),33.8,210.54,No
3513-2269,Male,0,Yes,Yes,40,Yes,Yes,Fiber optic,No,Yes,No,No,No,Yes,Month-to-month,No,Electronic check,72.81,2801.05,No
3514-3367,Female,0,No,No,69,Yes,No,DSL,No,No,Yes,Yes,No,No,Month-to-month,Yes,Bank transfer (automatic),41.25,2971.76,No
3515-9750,Male,0,Yes,No,60,Yes,No,No,No internet service,No internet service,No internet service,No internet service,No internet service,No internet service,Two year,No,Bank transfer (automatic),31.63,1851.86,No
3516-2526,Male,1,Yes,No,40,Yes,No,DSL,Yes,Yes,Yes,Yes,No,Yes,One year,Yes,Bank transfer (automatic),66.3,2740.88,No
3517-9125,Male,0,Yes,Yes,42,Yes,Yes,Fiber optic,Yes,No,No,No,No,No,One year,Yes,Electronic check,55.01,2260.76,No
3518-7101,Male,0,Yes,No,4,Yes,No,DSL,Yes,No,Yes,Yes,No,No,Month-to-month,No,Mailed check,54.72,385.56,No
3519-9296,Female,0,No,No,0,Yes,No,Fiber optic,Yes,Yes,Yes,No,Yes,No,Month-to-month,Yes,Electronic check,85.55,,Yes
3520-8433,Female,0,No,No,23,Yes,Yes,DSL,Yes,Yes,Yes,No,No,No,Month-to-month,Yes,Mailed check,61.13,1452.75,No
3521-3989,Male,0,Yes,No,59,Yes,Yes,DSL,No,No,Yes,No,Yes,No,Month-to-month,Yes,Credit card (automatic),61.62,3570.13,No
3522-8450,Male,0,No,No,0,No,No phone service,No,No internet service,No internet service,No internet service,No internet service,No internet service,No internet service,One year,Yes,Bank transfer (automatic),18.25,,Yes
3523-2522,Female,0,Yes,Yes,58,Yes,Yes,No,No internet service,No internet service,No internet service,No internet service,No internet service,No internet service,Two year,Yes,Electronic check,37.89,2117.05,No
3524-3618,Female,0,Yes,No,18,Yes,Yes,Fiber optic,Yes,No,No,No,No,No,Two year,Yes,Mailed check,82.97,1361.98,Yes
3525-2905,Male,0,No,No,7,Yes,No,No,No internet service,No internet service,No internet service,No internet service,No internet service,No internet service,Month-to-month,Yes,Mailed check,31.28,214.37,No
3526-2198,Female,1,Yes,No,6,Yes,No,DSL,No,Yes,Yes,No,Yes,No,Month-to-month,No,Bank transfer (automatic),64.51,363.95,No
3527-1809,Male,0,No,No,49,Yes,Yes,Fiber optic,No,No,No,No,No,No,One year,No,Mailed check,87.16,4304.81,No
3528-2686,Female,0,Yes,No,3,No,No phone service,DSL,No,No,No,Yes,Yes,No,One year,No,Credit card (automatic),48.34,84.94,No
3529-2080,Female,0,No,No,38,Yes,No,DSL,No,No,No,No,Yes,Yes,Two year,No,Electronic check,75.58,3040.27,No
3530-4423,Male,0,No,Yes,68,Yes,No,Fiber optic,Yes,No,No,No,Yes,No,Month-to-month,Yes,Bank transfer (automatic),114.54,7815.21,No
3531-1641,Male,0,Yes,No,43,Yes,No,Fiber optic,No,No,No,No,No,Yes,One year,Yes,Mailed check,101.37,4233.56,Yes
3532-1551,Male,0,No,No,24,Yes,Yes,Fiber optic,Yes,Yes,Yes,No,Yes,No,Two year,No,Electronic check,83.57,1954.68,No
3533-9907,Male,0,Yes,No,64,Yes,No,Fiber optic,No,No,No,Yes,No,No,One year,Yes,Electronic check,71.29,4570.09,No
3534-1789,Female,0,Yes,Yes,5,Yes,No,Fiber optic,No,No,No,No,No,No,Month-to-month,No,Credit card (automatic),65.94,304.15,No
3535-1666,Male,0,Yes,No,18,Yes,No,Fiber optic,No,No,Yes,No,No,No,Two year,Yes,Credit card (automatic),65.79,1221.31,No
3536-1270,Male,0,No,Yes,12,Yes,Yes,No,No internet service,No internet service,No internet service,No internet service,No internet service,No internet service,Month-to-month,Yes,Bank transfer (automatic),31.4,355.24,No
3537-2192,Male,0,No,No,0,No,No phone service,DSL,No,No,No,No,Yes,No,Month-to-month,Yes,Credit card (automatic),33.64,,No
3538-5750,Female,0,No,No,69,Yes,Yes,Fiber optic,No,No,Yes,No,No,No,Month-to-month,Yes,Electronic check,76.06,5122.7,No
3539-8444,Male,0,No,No,15,Yes,No,No,No internet service,No internet service,No internet service,No internet service,No internet service,No internet service,Month-to-month,No,Electronic check,29.75,494.34,No
3540-7613,Female,0,Yes,Yes,5,Yes,Yes,Fiber optic,Yes,No,No,No,No,No,One year,No,Credit card (automatic),83.96,334.15,No
3541-6221,Male,0,No,No,66,Yes,No,No,No internet service,No internet service,No internet service,No internet service,No internet service,No internet service,Two year,Yes,Electronic check,31.57,2098.73,No
3542-1765,Male,0,No,No,70,Yes,Yes,Fiber optic,Yes,No,No,Yes,No,Yes,One year,Yes,Mailed check,100.3,6954.64,No
3543-7968,Female,0,No,No,15,Yes,No,No,No internet service,No internet service,No internet service,No internet service,No internet service,No internet service,One year,No,Electronic check,33.07,443.37,No
3544-1335,Male,1,No,No,29,No,No phone service,No,No internet service,No internet service,No internet service,No internet service,No internet service,No internet service,Two year,Yes,Mailed check,18.25,416.67,No
3545-6677,Male,0,No,Yes,49,Yes,Yes,Fiber optic,No,Yes,No,No,No,No,Month-to-month,Yes,Credit card (automatic),90.65,4499.68,No
3546-4683,Male,0,Yes,Yes,31,No,No phone service,DSL,No,No,No,No,Yes,Yes,Two year,Yes,Mailed check,61.86,1879.19,No
3547-8938,Male,0,No,Yes,57,Yes,No,Fiber optic,No,No,Yes,No,Yes,Yes,One year,No,Electronic check,91.91,5399.09,No
3548-3767,Male,0,No,No,18,Yes,No,DSL,No,No,No,No,No,Yes,Month-to-month,Yes,Bank transfer (automatic),60.65,920.99,No
3549-6745,Female,0,No,Yes,59,Yes,No,DSL,No,Yes,No,No,No,No,Month-to-month,Yes,Credit card (automatic),60.05,3438.46,No
3550-4959,Male,0,Yes,No,40,Yes,No,Fiber optic,No,No,No,Yes,No,Yes,Two year,Yes,Electronic check,83.4,3372.65,No
3551-5698,Male,0,Yes,No,0,Yes,No,Fiber optic,Yes,No,Yes,No,No,Yes,One year,Yes,Bank transfer (automatic),96.86,,Yes
3552-9448,Female,0,No,No,45,Yes,Yes,No,No internet service,No internet service,No internet service,No internet service,No internet service,No internet service,One year,Yes,Mailed check,23.08,1097.24,No
3553-7414,Female,0,No,No,0,No,No phone service,DSL,No,No,No,No,Yes,Yes,Month-to-month,Yes,Electronic check,59.46,,Yes
3554-4730,Female,0,No,No,61,Yes,Yes,DSL,Yes,No,No,No,No,No,Two year,Yes,Credit card (automatic),54.47,3280.05,No
3555-5026,Male,0,No,No,72,Yes,No,Fiber optic,No,No,Yes,No,Yes,Yes,Month-to-month,Yes,Electronic check,95.28,6858.2,No
3556-7340,Female,1,No,No,11,Yes,No,Fiber optic,Yes,No,Yes,Yes,No,Yes,Month-to-month,No,Credit card (automatic),89.31,923.71,No
3557-4114,Male,0,No,No,38,Yes,Yes,DSL,No,No,No,No,No,Yes,Month-to-month,No,Electronic check,57.36,2234.65,No
3558-2510,Male,0,Yes,Yes,24,Yes,No,DSL,No,Yes,Yes,Yes,No,No,Two year,Yes,Bank transfer (automatic),56.05,1157.21,No
3559-5208,Female,1,Yes,No,4,Yes,Yes,DSL,No,No,No,No,No,No,Month-to-month,Yes,Electronic check,54.47,48.37,No
3560-1613,Male,0,No,No,49,Yes,No,No,No internet service,No internet service,No internet service,No internet service,No internet service,No internet service,Two year,Yes,Credit card (automatic),34.45,1721.23,No
3561-2527,Male,0,Yes,No,1,Yes,No,DSL,No,No,Yes,No,No,No,Month-to-month,Yes,Bank transfer (automatic),53.21,165.61,No
3562-4785,Male,0,Yes,Yes,1,Yes,No,Fiber optic,No,No,Yes,No,No,No,One year,Yes,Electronic check,92.74,59.25,No
3563-8168,Male,0,No,Yes,59,Yes,Yes,No,No internet service,No internet service,No internet service,No internet service,No internet service,No internet service,Month-to-month,Yes,Bank transfer (automatic),24.71,1538.21,No
3564-8031,Female,1,Yes,Yes,20,Yes,No,DSL,No,No,No,No,No,No,Month-to-month,No,Bank transfer (automatic),66.83,1447.36,Yes
3565-3346,Female,1,No,No,66,Yes,No,No,No internet service,No internet service,No internet service,No internet service,No internet service,No internet service,Month-to-month,No,Mailed check,29.28,2030.94,No
3566-4796,Female,0,Yes,Yes,43,Yes,No,Fiber optic,Yes,No,No,No,No,Yes,Two year,Yes,Credit card (automatic),120.0,4982.83,Yes
3567-2381,Female,0,No,No,38,Yes,Yes,Fiber optic,No,No,No,No,No,No,Month-to-month,Yes,Credit card (automatic),75.23,2895.6,No
3568-7796,Male,0,Yes,No,29,Yes,No,No,No internet service,No internet service,No internet service,No internet service,No internet service,No internet service,Two year,No,Mailed check,26.73,672.26,No
3569-3216,Female,1,No,Yes,27,Yes,Yes,DSL,No,Yes,Yes,No,Yes,Yes,Two year,No,Electronic check,68.47,1846.49,No
3570-8194,Male,0,No,No,16,Yes,No,No,No internet service,No internet service,No internet service,No internet service,No internet service,No internet service,Month-to-month,No,Bank transfer (automatic),28.61,428.89,No
3571-8577,Male,0,Yes,Yes,51,Yes,Yes,DSL,No,No,No,Yes,No,No,Two year,Yes,Bank transfer (automatic),57.81,2932.36,No
3572-7201,Female,0,Yes,No,44,Yes,Yes,Fiber optic,Yes,No,Yes,No,No,No,One year,Yes,Mailed check,82.17,3700.61,No
3573-3971,Male,0,Yes,Yes,1,Yes,Yes,DSL,No,No,No,No,No,No,Month-to-month,Yes,Mailed check,62.57,0.0,No
3574-9575,Female,0,Yes,No,23,Yes,Yes,Fiber optic,No,Yes,No,Yes,No,No,Month-to-month,No,Mailed check,90.96,2228.45,No
3575-7173,Male,1,Yes,No,65,Yes,No,DSL,No,Yes,Yes,No,No,Yes,Month-to-month,No,Mailed check,55.79,3643.73,No
3576-6811,Female,0,Yes,Yes,35,Yes,No,DSL,Yes,Yes,No,No,No,No,One year,Yes,Electronic check,57.55,1951.09,No
3577-8706,Female,0,No,Yes,18,Yes,No,DSL,Yes,Yes,Yes,No,No,No,Two year,Yes,Electronic check,54.21,899.61,No
3578-8932,Female,0,Yes,No,16,Yes,Yes,DSL,Yes,No,No,Yes,No,Yes,Month-to-month,Yes,Electronic check,51.22,921.11,No
3579-1699,Male,1,Yes,No,13,Yes,Yes,DSL,No,No,No,Yes,No,Yes,Month-to-month,No,Electronic check,66.03,694.66,Yes
3580-8933,Female,0,Yes,Yes,62,Yes,Yes,Fiber optic,No,No,Yes,Yes,No,Yes,Month-to-month,Yes,Electronic check,93.86,5862.16,No
3581-7884,Male,0,Yes,No,22,Yes,No,Fiber optic,No,Yes,No,Yes,No,No,One year,No,Credit card (automatic),93.4,2089.5,No
3582-2858,Female,0,No,No,21,Yes,No,Fiber optic,Yes,Yes,No,Yes,No,No,One year,Yes,Bank transfer (automatic),69.97,1590.88,No
3583-3768,Female,0,No,No,4,Yes,Yes,Fiber optic,Yes,No,Yes,No,No,No,Month-to-month,Yes,Mailed check,75.68,256.18,No
3584-7773,Male,0,No,No,64,Yes,Yes,DSL,No,No,Yes,No,Yes,No,One year,No,Electronic check,56.76,3784.97,No
3585-2949,Male,1,No,No,28,Yes,No,DSL,Yes,Yes,Yes,No,Yes,No,Month-to-month,No,Credit card (automatic),70.18,2107.98,No
3586-5071,Female,0,Yes,No,51,Yes,No,Fiber optic,Yes,Yes,No,No,Yes,No,One year,No,Electronic check,99.52,5109.0,No
3587-7199,Female,0,Yes,No,52,Yes,Yes,Fiber optic,No,No,Yes,No,Yes,No,Two year,No,Credit card (automatic),84.67,4439.76,No
3588-6853,Female,0,No,No,25,Yes,Yes,Fiber optic,Yes,Yes,No,No,No,Yes,Month-to-month,Yes,Bank transfer (automatic),94.66,2437.85,No
3589-9187,Male,1,Yes,No,36,Yes,Yes,DSL,No,No,No,No,No,Yes,One year,Yes,Electronic check,68.11,2427.9,No
3590-2003,Female,0,No,Yes,7,Yes,Yes,Fiber optic,No,No,No,No,No,Yes,One year,Yes,Electronic check,94.25,790.09,Yes
3591-3654,Female,0,No,No,48,Yes,No,Fiber optic,No,Yes,Yes,No,Yes,Yes,Month-to-month,Yes,Bank transfer (automatic),93.7,4595.79,No
3592-9862,Male,0,No,Yes,49,Yes,No,Fiber optic,Yes,No,Yes,No,No,Yes,Month-to-month,No,Electronic check,97.03,4704.76,No
3593-6118,Female,1,No,Yes,15,No,No phone service,No,No internet service,No internet service,No internet service,No internet service,No internet service,No internet service,Two year,Yes,Mailed check,18.25,329.41,No
3594-3238,Female,1,No,No,14,Yes,No,Fiber optic,Yes,No,Yes,Yes,No,No,Month-to-month,Yes,Credit card (automatic),64.62,769.14,No
3595-3608,Male,0,Yes,No,29,Yes,Yes,Fiber optic,No,Yes,No,Yes,No,Yes,One year,No,Electronic check,78.51,2152.57,No
3596-4052,Female,0,Yes,Yes,50,Yes,Yes,Fiber optic,Yes,Yes,No,No,No,Yes,Two year,No,Electronic check,103.74,5114.25,No
3597-5988,Female,0,No,Yes,37,Yes,Yes,No,No internet service,No internet service,No internet service,No internet service,No internet service,No internet service,Two year,Yes,Mailed check,36.26,1230.88,No
3598-3560,Female,0,No,No,4,No,No phone service,No,No internet service,No internet service,No internet service,No internet service,No internet service,No internet service,One year,No,Electronic check,18.25,149.76,No
3599-6596,Male,0,Yes,No,41,Yes,No,DSL,Yes,No,No,No,Yes,No,Month-to-month,Yes,Bank transfer (automatic),63.51,2655.02,No
3600-5006,Male,1,Yes,No,51,No,No phone service,DSL,No,No,Yes,No,No,Yes,Month-to-month,Yes,Credit card (automatic),38.11,1964.0,No
3601-6492,Male,0,Yes,No,13,Yes,Yes,No,No internet service,No internet service,No internet service,No internet service,No internet service,No internet service,One year,Yes,Mailed check,30.21,363.41,No
3602-2395,Male,0,No,No,32,Yes,No,Fiber optic,Yes,No,No,No,Yes,Yes,Two year,No,Mailed check,83.25,2745.04,No
3603-6611,Female,0,Yes,Yes,58,Yes,Yes,Fiber optic,Yes,No,No,No,No,Yes,Month-to-month,No,Mailed check,83.93,5001.28,Yes
3604-9321,Female,0,Yes,No,23,No,No phone service,Fiber optic,No,No,No,No,No,No,Month-to-month,Yes,Mailed check,54.45,1254.78,No
3605-2215,Female,0,Yes,No,6,Yes,Yes,DSL,No,No,No,No,No,Yes,Month-to-month,No,Credit card (automatic),53.03,364.01,No
3606-3946,Female,0,No,No,67,Yes,Yes,No,No internet service,No internet service,No internet service,No internet service,No internet service,No internet service,Month-to-month,Yes,Electronic check,29.3,1950.35,No
3607-7241,Male,0,No,No,7,Yes,Yes,Fiber optic,Yes,Yes,Yes,No,Yes,No,Two year,Yes,Credit card (automatic),105.29,678.59,Yes
3608-6556,Female,0,No,Yes,4,Yes,No,No,No internet service,No internet service,No internet service,No internet service,No internet service,No internet service,Month-to-month,No,Bank transfer (automatic),26.94,46.74,No
3609-7072,Male,0,No,No,18,Yes,No,Fiber optic,No,Yes,Yes,Yes,No,No,One year,Yes,Mailed check,87.24,1499.41,No
3610-6035,Male,0,Yes,Yes,54,Yes,Yes,DSL,Yes,No,No,No,No,Yes,Month-to-month,Yes,Credit card (automatic),66.07,3614.81,No
3611-7142,Female,0,No,No,47,Yes,No,No,No internet service,No internet service,No internet service,No internet service,No internet service,No internet service,Month-to-month,No,Electronic check,29.22,1457.8,No
3612-6483,Male,0,No,Yes,17,Yes,Yes,Fiber optic,No,No,Yes,No,No,Yes,One year,Yes,Electronic check,97.92,1554.85,Yes
3613-1666,Male,0,Yes,No,5,Yes,No,Fiber optic,Yes,No,No,No,Yes,No,Two year,No,Credit card (automatic),94.19,343.77,No
3614-7760,Female,0,No,No,69,Yes,Yes,DSL,Yes,No,Yes,Yes,No,No,Month-to-month,Yes,Credit card (automatic),61.42,4215.53,No
3615-5021,Female,0,No,Yes,0,Yes,Yes,Fiber optic,Yes,No,No,No,No,No,Month-to-month,Yes,Credit card (automatic),74.83,,No
3616-1463,Female,0,Yes,No,67,Yes,No,Fiber optic,No,No,No,No,No,Yes,Month-to-month,No,Bank transfer (automatic),77.59,5241.14,No
3617-4680,Male,0,Yes,Yes,34,Yes,Yes,Fiber optic,No,No,Yes,No,No,No,One year,Yes,Electronic check,86.08,2984.31,No
3618-4916,Male,0,No,No,14,Yes,Yes,No,No internet service,No internet service,No internet service,No internet service,No internet service,No internet service,Month-to-month,No,Credit card (automatic),30.13,331.97,No
3619-1780,Female,1,Yes,No,25,Yes,No,No,No internet service,No internet service,No internet service,No internet service,No internet service,No internet service,Month-to-month,Yes,Mailed check,27.23,570.39,No
3620-9963,Male,0,No,Yes,22,Yes,No,DSL,Yes,Yes,No,Yes,Yes,No,Month-to-month,No,Credit card (automatic),61.98,1386.59,No
3621-3001,Female,0,Yes,Yes,11,Yes,No,No,No internet service,No internet service,No internet service,No internet service,No internet service,No internet service,Two year,Yes,Bank transfer (automatic),28.26,204.33,No
3622-3975,Female,0,No,Yes,31,Yes,Yes,No,No internet service,No internet service,No internet service,No internet service,No internet service,No internet service,Month-to-month,Yes,Credit card (automatic),27.01,840.92,No
3623-4968,Female,0,No,No,47,Yes,Yes,No,No internet service,No internet service,No internet service,No internet service,No internet service,No internet service,One year,Yes,Electronic check,31.38,1537.74,No
3624-8491,Female,0,No,No,34,No,No phone service,No,No internet service,No internet service,No internet service,No internet service,No internet service,No internet service,Two year,Yes,Mailed check,18.25,458.26,No
3625-7685,Female,0,Yes,Yes,46,Yes,Yes,Fiber optic,Yes,No,Yes,Yes,No,No,Month-to-month,Yes,Electronic check,95.3,4395.73,Yes
3626-7937,Female,0,No,Yes,70,Yes,Yes,No,No internet service,No internet service,No internet service,No internet service,No internet service,No internet service,Month-to-month,Yes,Bank transfer (automatic),28.35,1866.18,No
3627-3133,Female,0,No,No,8,No,No phone service,Fiber optic,Yes,No,No,No,Yes,Yes,Month-to-month,No,Mailed check,75.84,661.15,No
3628-8608,Male,0,No,Yes,53,Yes,No,DSL,Yes,No,Yes,No,No,Yes,Two year,Yes,Electronic check,76.13,4117.14,No
3629-8466,Female,0,No,No,16,Yes,No,No,No internet service,No internet service,No internet service,No internet service,No internet service,No internet service,Month-to-month,Yes,Electronic check,29.76,434.55,No
3630-5174,Male,0,No,No,1,Yes,Yes,DSL,Yes,No,No,No,Yes,Yes,One year,Yes,Electronic check,62.85,47.18,No
3631-5911,Male,1,No,Yes,26,Yes,No,Fiber optic,Yes,Yes,No,Yes,Yes,No,Month-to-month,No,Credit card (automatic),82.47,2083.19,No
3632-1334,Male,0,Yes,No,28,Yes,Yes,Fiber optic,No,No,Yes,No,No,Yes,Month-to-month,No,Electronic check,58.41,1604.39,No
3633-7843,Female,0,Yes,Yes,72,Yes,No,DSL,No,Yes,No,Yes,Yes,Yes,Month-to-month,Yes,Mailed check,71.28,5215.57,No
3634-9647,Male,0,No,No,25,Yes,No,No,No internet service,No internet service,No internet service,No internet service,No internet service,No internet service,One year,No,Bank transfer (automatic),31.97,824.67,No
3635-5252,Female,0,Yes,No,56,Yes,No,Fiber optic,Yes,No,Yes,No,Yes,Yes,Month-to-month,Yes,Electronic check,112.0,6373.22,No
3636-5863,Female,0,No,Yes,68,Yes,Yes,Fiber optic,No,No,No,No,No,No,One year,Yes,Mailed check,67.16,4405.29,No
3637-5492,Male,0,Yes,No,24,Yes,No,Fiber optic,No,Yes,Yes,Yes,Yes,Yes,Two year,Yes,Mailed check,98.9,2431.23,Yes
3638-1743,Female,0,Yes,No,13,Yes,No,Fiber optic,No,No,No,No,No,No,Month-to-month,Yes,Electronic check,69.04,914.6,Yes
3639-6576,Male,0,No,No,70,No,No phone service,DSL,No,Yes,Yes,No,Yes,No,Month-to-month,No,Electronic check,51.15,3631.55,No
3640-7492,Female,1,Yes,Yes,33,Yes,No,Fiber optic,Yes,No,Yes,No,No,Yes,Month-to-month,No,Bank transfer (automatic),94.62,3074.76,No
3641-9350,Male,0,No,No,33,No,No phone service,DSL,No,No,No,Yes,Yes,No,One year,Yes,Credit card (automatic),53.28,1610.86,No
3642-9367,Male,0,No,Yes,53,Yes,No,No,No internet service,No internet service,No internet service,No internet service,No internet service,No internet service,Two year,Yes,Electronic check,28.71,1378.4,No
3643-5425,Male,0,Yes,Yes,27,Yes,Yes,DSL,No,No,No,Yes,No,Yes,Month-to-month,Yes,Credit card (automatic),72.78,1959.95,No
3644-9629,Male,1,Yes,Yes,39,Yes,Yes,No,No internet service,No internet service,No internet service,No internet service,No internet service,No internet service,One year,Yes,Electronic check,25.8,1059.33,No
3645-5757,Male,0,Yes,No,68,Yes,No,DSL,Yes,No,No,No,No,No,Month-to-month,Yes,Bank transfer (automatic),53.09,3580.34,No
3646-6777,Female,1,No,Yes,3,Yes,Yes,DSL,No,No,No,No,No,Yes,One year,Yes,Electronic check,60.57,202.46,No
3647-6417,Female,1,Yes,Yes,53,Yes,Yes,No,No internet service,No internet service,No internet service,No internet service,No internet service,No internet service,Month-to-month,No,Mailed check,31.07,1696.4,No
3648-9987,Female,0,No,No,28,Yes,Yes,Fiber optic,No,Yes,No,Yes,Yes,No,Month-to-month,No,Mailed check,84.28,2191.64,Yes
3649-7636,Male,0,No,No,39,Yes,No,DSL,Yes,Yes,No,No,No,Yes,Two year,Yes,Electronic check,76.03,2917.47,No
3650-2079,Male,0,Yes,Yes,66,Yes,No,Fiber optic,No,Yes,No,Yes,No,Yes,Month-to-month,Yes,Credit card (automatic),79.3,5292.27,No
3651-1646,Male,0,No,No,43,Yes,No,DSL,Yes,Yes,Yes,No,Yes,Yes,Two year,Yes,Credit card (automatic),77.52,3509.62,No
3652-4688,Male,0,Yes,Yes,30,Yes,No,DSL,No,Yes,Yes,No,No,No,Month-to-month,Yes,Electronic check,56.95,1769.24,No
3653-5640,Female,0,No,No,71,Yes,No,DSL,No,Yes,No,No,No,No,Month-to-month,Yes,Bank transfer (automatic),59.49,4136.25,No
3654-7016,Male,0,Yes,No,44,Yes,Yes,DSL,No,No,No,Yes,No,No,Month-to-month,No,Mailed check,59.01,2693.25,No
3655-5333,Male,1,No,No,11,Yes,Yes,DSL,Yes,Yes,No,No,Yes,No,Month-to-month,No,Electronic check,77.39,831.46,No
3656-5631,Female,1,Yes,No,6,Yes,Yes,Fiber optic,No,Yes,No,Yes,No,Yes,Month-to-month,Yes,Electronic check,91.28,520.83,Yes
3657-9294,Female,0,No,No,25,Yes,No,No,No internet service,No internet service,No internet service,No internet service,No internet service,No internet service,One year,Yes,Electronic check,33.94,738.71,Yes
3658-4013,Male,0,Yes,Yes,52,Yes,Yes,Fiber optic,No,Yes,No,Yes,No,Yes,Month-to-month,No,Electronic check,68.78,3727.69,No
3659-5441,Female,0,No,No,30,No,No phone service,Fiber optic,No,Yes,No,Yes,No,No,Month-to-month,Yes,Mailed check,79.49,2278.26,No
3660-6015,Male,0,No,No,12,Yes,No,DSL,No,No,No,Yes,No,Yes,Month-to-month,No,Credit card (automatic),58.6,669.61,No
3661-5214,Male,0,No,No,71,Yes,No,No,No internet service,No internet service,No internet service,No internet service,No internet service,No internet service,One year,No,Mailed check,28.48,1987.98,No
3662-9712,Male,0,No,No,14,Yes,No,DSL,No,Yes,No,Yes,No,Yes,Two year,No,Mailed check,64.22,879.49,Yes
3663-9658,Male,1,Yes,No,6,Yes,Yes,DSL,No,No,No,No,Yes,No,Month-to-month,Yes,Credit card (automatic),75.38,538.59,No
3664-5617,Male,0,Yes,No,27,Yes,No,No,No internet service,No internet service,No internet service,No internet service,No internet service,No internet service,Month-to-month,No,Credit card (automatic),30.19,786.85,No
3665-5054,Male,0,Yes,No,8,Yes,Yes,Fiber optic,Yes,No,Yes,No,No,Yes,Two year,Yes,Bank transfer (automatic),91.41,820.0,No
3666-6300,Male,0,No,No,43,Yes,Yes,DSL,No,Yes,No,No,No,Yes,Month-to-month,Yes,Mailed check,54.54,2361.67,No
3667-2627,Female,0,Yes,Yes,31,Yes,No,Fiber optic,Yes,No,No,No,No,Yes,Month-to-month,Yes,Electronic check,95.51,2978.23,No
3668-4833,Male,0,Yes,No,67,Yes,No,DSL,Yes,No,No,Yes,Yes,No,Month-to-month,No,Electronic check,63.28,4304.66,No
3669-2952,Male,0,No,Yes,12,Yes,No,DSL,Yes,Yes,No,No,Yes,Yes,One year,Yes,Bank transfer (automatic),76.06,916.32,Yes
3670-2296,Male,0,Yes,Yes,19,Yes,No,Fiber optic,No,No,Yes,Yes,Yes,No,Two year,No,Credit card (automatic),73.26,1406.73,No
3671-1856,Female,0,No,No,49,Yes,No,No,No internet service,No internet service,No internet service,No internet service,No internet service,No internet service,One year,No,Credit card (automatic),32.92,1708.22,No
3672-6283,Female,0,Yes,No,50,Yes,Yes,No,No internet service,No internet service,No internet service,No internet service,No internet service,No internet service,Two year,Yes,Mailed check,19.75,895.43,No
3673-1005,Male,0,Yes,No,26,Yes,No,Fiber optic,No,No,Yes,Yes,No,Yes,One year,Yes,Electronic check,103.27,2724.29,No
3674-6814,Female,0,No,No,67,Yes,No,Fiber optic,Yes,Yes,Yes,No,Yes,Yes,One year,No,Credit card (automatic),112.02,7693.23,No
3675-4887,Female,0,No,Yes,61,No,No phone service,Fiber optic,No,Yes,Yes,No,Yes,No,Month-to-month,Yes,Bank transfer (automatic),75.66,4577.04,No
3676-4297,Male,0,No,No,44,Yes,Yes,No,No internet service,No internet service,No internet service,No internet service,No internet service,No internet service,One year,No,Mailed check,26.96,1265.33,No
3677-7922,Female,0,Yes,No,54,Yes,No,Fiber optic,Yes,No,No,No,No,No,Month-to-month,Yes,Electronic check,82.85,4409.23,No
3678-5848,Male,0,Yes,Yes,39,Yes,No,DSL,Yes,No,No,No,Yes,No,Month-to-month,No,Bank transfer (automatic),64.77,2536.81,No
3679-7600,Female,0,Yes,Yes,34,Yes,No,No,No internet service,No internet service,No internet service,No internet service,No internet service,No internet service,One year,Yes,Electronic check,29.5,937.74,No
3680-7384,Female,0,Yes,Yes,39,Yes,No,No,No internet service,No internet service,No internet service,No internet service,No internet service,No internet service,Two year,No,Bank transfer (automatic),29.25,1246.31,No
3681-1289,Male,1,No,No,61,Yes,No,DSL,Yes,No,Yes,Yes,No,Yes,One year,No,Bank transfer (automatic),83.89,5157.78,No
3682-2939,Female,1,Yes,Yes,1,No,No phone service,Fiber optic,No,Yes,No,Yes,Yes,No,Month-to-month,Yes,Electronic check,74.88,0.0,Yes
3683-6129,Male,0,No,No,7,Yes,No,No,No internet service,No internet service,No internet service,No internet service,No internet service,No internet service,Two year,Yes,Electronic check,29.54,224.69,No
3684-9778,Male,0,No,Yes,34,Yes,No,DSL,No,No,No,No,No,Yes,Month-to-month,Yes,Mailed check,59.71,2044.96,No
3685-2388,Female,0,Yes,No,42,Yes,Yes,No,No internet service,No internet service,No internet service,No internet service,No internet service,No internet service,Month-to-month,No,Mailed check,28.97,1249.16,No
3686-1949,Male,1,No,Yes,13,Yes,Yes,DSL,Yes,No,Yes,No,Yes,Yes,One year,No,Bank transfer (automatic),69.13,1042.21,No
3687-9468,Female,0,Yes,No,44,Yes,No,Fiber optic,Yes,Yes,Yes,No,Yes,No,Month-to-month,Yes,Electronic check,113.87,4953.07,Yes
3688-9700,Male,0,No,No,1,Yes,Yes,No,No internet service,No internet service,No internet service,No internet service,No internet service,No internet service,Month-to-month,Yes,Bank transfer (automatic),30.2,61.39,No
3689-2506,Female,0,Yes,No,17,No,No phone service,No,No internet service,No internet service,No internet service,No internet service,No internet service,No internet service,One year,No,Credit card (automatic),18.25,95.67,No
3690-4614,Female,1,No,No,33,No,No phone service,DSL,No,No,No,Yes,No,Yes,Two year,No,Bank transfer (automatic),51.08,1790.66,No
3691-6639,Female,0,Yes,No,3,Yes,Yes,No,No internet service,No internet service,No internet service,No internet service,No internet service,No internet service,Month-to-month,No,Electronic check,29.89,0.0,No
3692-2756,Male,0,Yes,Yes,46,Yes,No,Fiber optic,Yes,Yes,No,Yes,No,No,Month-to-month,Yes,Bank transfer (automatic),87.5,3955.63,No
3693-3935,Female,0,Yes,No,39,Yes,Yes,No,No internet service,No internet service,No internet service,No internet service,No internet service,No internet service,Month-to-month,Yes,Electronic check,29.97,1168.5,No
3694-4557,Male,0,Yes,Yes,41,Yes,No,Fiber optic,Yes,Yes,No,No,No,No,One year,Yes,Electronic check,88.4,3661.71,No
3695-6773,Female,0,No,No,37,Yes,No,No,No internet service,No internet service,No internet service,No internet service,No internet service,No internet service,Month-to-month,Yes,Electronic check,28.06,958.91,No
3696-3772,Female,0,Yes,No,50,Yes,No,Fiber optic,No,No,Yes,No,Yes,No,One year,Yes,Bank transfer (automatic),90.35,4651.75,No
3697-4709,Male,1,No,Yes,47,Yes,No,Fiber optic,No,No,Yes,No,Yes,Yes,One year,No,Mailed check,102.19,4784.42,No
3698-3605,Female,0,No,Yes,48,Yes,Yes,Fiber optic,Yes,No,No,No,Yes,Yes,One year,Yes,Credit card (automatic),101.08,4947.39,No
3699-7836,Female,0,Yes,Yes,15,Yes,No,Fiber optic,Yes,Yes,No,No,Yes,No,Month-to-month,No,Credit card (automatic),80.24,1126.82,No
3700-2377,Male,0,Yes,No,50,No,No phone service,DSL,Yes,No,No,No,No,No,Month-to-month,No,Electronic check,45.9,2543.64,No
3701-3075,Male,0,Yes,No,13,Yes,No,DSL,No,No,No,Yes,No,Yes,Two year,Yes,Credit card (automatic),49.81,644.04,No
3702-3249,Female,0,No,Yes,1,Yes,No,No,No internet service,No internet service,No internet service,No internet service,No internet service,No internet service,Two year,Yes,Credit card (automatic),33.09,29.16,No
3703-9151,Male,0,Yes,No,71,Yes,No,Fiber optic,No,Yes,Yes,No,No,No,Month-to-month,No,Credit card (automatic),77.44,5530.06,No
3704-9499,Male,0,No,Yes,13,Yes,Yes,Fiber optic,No,Yes,Yes,No,No,No,Month-to-month,No,Bank transfer (automatic),85.75,1099.47,No
3705-5501,Female,0,Yes,Yes,8,Yes,No,DSL,No,No,No,No,Yes,No,Two year,No,Electronic check,64.52,588.6,Yes
3706-2407,Male,0,Yes,No,22,Yes,No,Fiber optic,Yes,Yes,Yes,No,No,No,Month-to-month,Yes,Electronic check,75.23,1671.19,No
3707-7804,Male,0,Yes,Yes,72,Yes,No,Fiber optic,No,Yes,No,Yes,No,No,Two year,Yes,Mailed check,87.81,6289.58,No
3708-5428,Male,0,No,No,63,Yes,No,No,No internet service,No internet service,No internet service,No internet service,No internet service,No internet service,Month-to-month,No,Electronic check,31.71,1988.93,No
3709-8646,Female,0,No,No,52,Yes,Yes,DSL,Yes,No,No,No,Yes,Yes,Month-to-month,Yes,Electronic check,85.42,4383.0,No
3710-4239,Female,0,No,Yes,13,No,No phone service,DSL,Yes,No,No,No,No,No,Month-to-month,Yes,Electronic check,46.63,583.84,No
3711-9988,Male,0,Yes,No,45,Yes,Yes,DSL,No,Yes,No,Yes,No,Yes,Month-to-month,No,Mailed check,52.05,2144.99,No
3712-8262,Male,0,Yes,Yes,60,Yes,Yes,DSL,Yes,Yes,Yes,No,No,Yes,Two year,Yes,Electronic check,67.86,3955.56,No
3713-3015,Female,0,No,No,24,No,No phone service,Fiber optic,No,Yes,No,No,No,No,Two year,Yes,Credit card (automatic),72.07,1731.08,No
3714-7529,Female,0,No,No,18,Yes,Yes,Fiber optic,No,Yes,Yes,No,No,Yes,Month-to-month,Yes,Credit card (automatic),78.57,1408.43,No
3715-3581,Male,1,No,No,63,Yes,Yes,Fiber optic,No,Yes,No,Yes,No,No,Two year,Yes,Credit card (automatic),86.66,5569.3,No
3716-4147,Male,1,Yes,No,9,Yes,Yes,No,No internet service,No internet service,No internet service,No internet service,No internet service,No internet service,Month-to-month,No,Bank transfer (automatic),26.26,305.85,No
3717-3253,Female,0,No,No,66,Yes,Yes,No,No internet service,No internet service,No internet service,No internet service,No internet service,No internet service,One year,Yes,Mailed check,32.38,2167.18,No
3718-7139,Female,0,Yes,Yes,34,Yes,Yes,Fiber optic,No,Yes,No,No,Yes,No,Month-to-month,Yes,Electronic check,89.65,2990.24,No
3719-3365,Male,0,No,No,52,Yes,No,Fiber optic,No,No,No,No,Yes,No,Month-to-month,Yes,Electronic check,89.64,4709.17,No
3720-6748,Male,0,Yes,Yes,27,Yes,Yes,Fiber optic,Yes,No,Yes,No,Yes,No,Month-to-month,No,Mailed check,87.34,2317.56,No
3721-6241,Male,0,No,No,51,Yes,No,Fiber optic,No,No,Yes,No,Yes,No,One year,Yes,Electronic check,80.58,4096.48,No
3722-7756,Male,0,Yes,No,67,Yes,No,DSL,No,No,No,No,No,Yes,Two year,No,Mailed check,66.76,4304.78,No
3723-9940,Male,0,No,Yes,36,Yes,Yes,DSL,No,No,No,No,No,Yes,Two year,No,Electronic check,68.81,2485.88,No
3724-1079,Female,0,No,No,15,No,No phone service,DSL,Yes,No,Yes,No,No,No,Two year,Yes,Bank transfer (automatic),53.6,793.65,No
3725-9911,Female,0,No,No,5,No,No phone service,Fiber optic,No,No,Yes,Yes,No,No,Two year,Yes,Credit card (automatic),56.04,306.21,No
3726-1984,Female,0,Yes,No,67,Yes,No,DSL,No,Yes,No,Yes,No,No,Month-to-month,Yes,Electronic check,47.81,3196.1,No
3727-5740,Female,0,Yes,No,72,Yes,No,Fiber optic,Yes,No,No,No,No,No,Month-to-month,Yes,Bank transfer (automatic),98.09,6920.44,No
3728-4067,Male,0,No,No,47,Yes,No,No,No internet service,No internet service,No internet service,No internet service,No internet service,No internet service,One year,No,Bank transfer (automatic),25.19,1249.02,No
3729-6750,Male,0,No,No,1,Yes,No,Fiber optic,Yes,No,No,Yes,Yes,No,Month-to-month,No,Mailed check,104.01,110.78,Yes
3730-7494,Female,0,No,Yes,64,Yes,No,DSL,No,Yes,No,No,Yes,Yes,Month-to-month,No,Bank transfer (automatic),56.8,3735.92,No
3731-8738,Female,0,Yes,No,36,Yes,Yes,Fiber optic,Yes,Yes,No,No,Yes,No,Month-to-month,No,Electronic check,113.68,3914.2,Yes
3732-4617,Female,0,Yes,Yes,17,Yes,No,Fiber optic,No,No,No,No,Yes,Yes,Month-to-month,Yes,Bank transfer (automatic),97.88,1643.71,Yes
3733-9395,Female,1,Yes,No,26,Yes,Yes,DSL,No,Yes,Yes,No,No,No,Two year,No,Bank transfer (automatic),62.91,1732.62,No
3734-3901,Female,0,No,No,68,Yes,No,Fiber optic,Yes,No,No,No,No,Yes,Month-to-month,Yes,Bank transfer (automatic),80.16,5337.26,No
3735-2834,Female,0,Yes,No,56,No,No phone service,DSL,Yes,No,No,Yes,No,No,Month-to-month,No,Mailed check,58.55,3365.84,No
3736-4411,Male,0,Yes,No,43,Yes,No,Fiber optic,Yes,No,Yes,No,No,No,Two year,Yes,Mailed check,98.09,4320.85,No
3737-5756,Female,0,No,No,53,Yes,No,Fiber optic,Yes,Yes,No,Yes,No,No,Month-to-month,Yes,Electronic check,67.94,3642.42,No
3738-7012,Male,0,No,Yes,61,Yes,Yes,Fiber optic,No,No,No,No,No,No,Month-to-month,Yes,Electronic check,88.59,5337.69,No
3739-8494,Female,0,No,Yes,45,Yes,Yes,No,No internet service,No internet service,No internet service,No internet service,No internet service,No internet service,Month-to-month,No,Credit card (automatic),28.02,1185.96,No
3740-3023,Female,0,Yes,Yes,22,Yes,No,DSL,No,Yes,Yes,No,No,No,One year,Yes,Credit card (automatic),61.93,1372.47,No
3741-3728,Male,1,Yes,Yes,5,Yes,No,Fiber optic,No,No,Yes,No,No,No,Two year,No,Credit card (automatic),74.53,436.83,Yes
3742-9447,Male,1,No,No,8,Yes,Yes,DSL,Yes,Yes,Yes,Yes,Yes,Yes,Month-to-month,No,Bank transfer (automatic),86.09,851.6,No
3743-4957,Female,0,Yes,No,17,Yes,No,No,No internet service,No internet service,No internet service,No internet service,No internet service,No internet service,Month-to-month,Yes,Credit card (automatic),30.2,560.2,No
3744-3173,Female,0,No,No,56,No,No phone service,DSL,No,No,No,Yes,Yes,No,Month-to-month,Yes,Electronic check,63.93,3514.92,No
3745-9869,Female,0,Yes,No,6,Yes,Yes,Fiber optic,No,No,Yes,Yes,Yes,Yes,One year,No,Electronic check,83.76,605.67,No
3746-5040,Female,0,No,No,9,Yes,Yes,Fiber optic,Yes,No,No,Yes,No,No,Month-to-month,Yes,Mailed check,101.07,1054.08,Yes
3747-9864,Male,1,Yes,Yes,71,Yes,No,No,No internet service,No internet service,No internet service,No internet service,No internet service,No internet service,One year,Yes,Credit card (automatic),29.92,2159.0,No
3748-9272,Female,0,No,No,29,No,No phone service,Fiber optic,No,No,No,No,Yes,Yes,Month-to-month,Yes,Credit card (automatic),83.91,2485.31,No
3749-9154,Female,0,No,No,9,Yes,No,Fiber optic,Yes,No,No,No,No,Yes,Two year,No,Electronic check,87.53,862.49,No
3750-6235,Female,1,Yes,Yes,63,Yes,Yes,Fiber optic,Yes,Yes,Yes,No,Yes,No,Month-to-month,Yes,Credit card (automatic),106.57,6484.74,No
3751-8185,Female,0,Yes,No,70,Yes,No,Fiber optic,Yes,No,No,No,Yes,No,One year,Yes,Electronic check,84.11,5904.07,No
3752-9644,Female,0,No,No,36,Yes,Yes,DSL,No,No,Yes,No,Yes,Yes,One year,Yes,Credit card (automatic),61.1,2182.2,No
3753-3421,Female,0,No,No,8,Yes,No,DSL,No,Yes,Yes,Yes,No,Yes,Month-to-month,Yes,Bank transfer (automatic),43.17,264.93,No
3754-1339,Male,0,Yes,No,45,Yes,Yes,DSL,No,No,No,Yes,No,Yes,Month-to-month,Yes,Mailed check,71.72,3264.03,Yes
3755-3887,Female,1,Yes,No,62,Yes,Yes,Fiber optic,No,No,Yes,No,Yes,No,Month-to-month,Yes,Electronic check,89.1,5555.24,No
3756-6731,Female,1,No,Yes,70,Yes,No,Fiber optic,No,No,No,No,Yes,No,One year,Yes,Credit card (automatic),99.74,7017.5,No
3757-5924,Male,0,No,No,41,Yes,No,No,No internet service,No internet service,No internet service,No internet service,No internet service,No internet service,Month-to-month,No,Electronic check,29.51,1247.46,No
3758-1725,Male,0,No,No,68,Yes,No,Fiber optic,No,Yes,Yes,Yes,No,No,Month-to-month,Yes,Bank transfer (automatic),77.68,5328.72,No
3759-6046,Female,0,Yes,Yes,60,Yes,Yes,DSL,Yes,No,No,No,No,Yes,Month-to-month,No,Bank transfer (automatic),67.39,4075.76,No
3760-2569,Female,0,No,Yes,11,Yes,Yes,Fiber optic,Yes,Yes,Yes,Yes,Yes,No,One year,Yes,Electronic check,102.41,1116.08,Yes
3761-5549,Male,0,Yes,Yes,46,Yes,Yes,Fiber optic,No,Yes,No,No,No,No,Two year,No,Bank transfer (automatic),86.08,3874.85,No
3762-6180,Female,0,Yes,No,48,Yes,Yes,Fiber optic,No,No,Yes,No,No,Yes,Two year,No,Bank transfer (automatic),81.31,4113.42,No
3763-6729,Male,0,No,No,56,Yes,Yes,Fiber optic,No,No,No,No,No,Yes,Month-to-month,Yes,Mailed check,81.1,4627.21,No
3764-4712,Female,0,Yes,No,38,Yes,Yes,Fiber optic,No,Yes,Yes,No,No,Yes,Two year,Yes,Bank transfer (automatic),98.38,3815.1,No
3765-4674,Female,0,No,No,53,Yes,No,No,No internet service,No internet service,No internet service,No internet service,No internet service,No internet service,One year,Yes,Bank transfer (automatic),31.58,1714.84,No
3766-7106,Male,1,Yes,No,42,Yes,Yes,DSL,No,Yes,No,No,Yes,Yes,Two year,Yes,Bank transfer (automatic),73.97,3186.61,No
3767-7741,Female,0,Yes,Yes,18,Yes,Yes,Fiber optic,No,No,No,Yes,Yes,Yes,Month-to-month,Yes,Mailed check,105.31,1902.02,Yes
3768-8268,Male,0,No,No,35,Yes,No,No,No internet service,No internet service,No internet service,No internet service,No internet service,No internet service,Two year,Yes,Credit card (automatic),34.28,1259.99,No
3769-4001,Male,0,Yes,No,68,Yes,No,DSL,No,Yes,Yes,No,No,No,Month-to-month,No,Electronic check,59.69,3894.02,No
3770-4816,Female,0,No,No,61,Yes,No,Fiber optic,No,No,Yes,No,No,Yes,Month-to-month,Yes,Credit card (automatic),83.15,5172.63,No
3771-3975,Female,0,No,Yes,46,Yes,Yes,DSL,Yes,No,No,No,No,No,Month-to-month,Yes,Credit card (automatic),67.57,3115.06,No
3772-5747,Female,0,Yes,Yes,23,Yes,No,Fiber optic,No,No,No,No,Yes,No,Month-to-month,No,Electronic check,107.84,2443.64,Yes
3773-2144,Male,0,No,Yes,14,Yes,Yes,DSL,No,Yes,Yes,Yes,Yes,No,Month-to-month,Yes,Electronic check,72.82,1047.26,No
3774-4870,Female,0,No,No,20,Yes,No,DSL,No,No,Yes,Yes,No,Yes,Month-to-month,Yes,Credit card (automatic),56.78,1173.55,No
3775-2698,Male,0,No,Yes,22,Yes,No,Fiber optic,No,No,No,No,Yes,Yes,Two year,Yes,Electronic check,115.04,2604.13,Yes
3776-5791,Male,0,Yes,No,70,Yes,No,Fiber optic,No,Yes,Yes,No,No,No,Month-to-month,No,Electronic check,79.86,5656.01,No
3777-8653,Male,1,No,Yes,38,Yes,No,DSL,No,No,No,No,Yes,No,Month-to-month,Yes,Bank transfer (automatic),58.03,2334.91,No
3778-9867,Female,0,No,No,28,Yes,Yes,Fiber optic,Yes,No,No,No,No,Yes,Month-to-month,No,Bank transfer (automatic),93.69,2575.78,No
3779-5016,Female,0,No,Yes,64,Yes,Yes,Fiber optic,Yes,No,No,No,No,No,Month-to-month,No,Bank transfer (automatic),75.96,4882.72,No
3780-1506,Male,0,Yes,Yes,26,Yes,Yes,DSL,No,Yes,Yes,Yes,Yes,Yes,Month-to-month,Yes,Electronic check,70.46,1834.54,No
3781-3050,Male,0,Yes,No,58,Yes,Yes,No,No internet service,No internet service,No internet service,No internet service,No internet service,No internet service,Month-to-month,No,Credit card (automatic),28.62,1526.32,No
3782-1943,Female,0,No,No,46,Yes,Yes,No,No internet service,No internet service,No internet service,No internet service,No internet service,No internet service,Month-to-month,Yes,Credit card (automatic),30.38,1450.72,No
3783-7833,Male,0,No,No,22,Yes,No,Fiber optic,No,No,Yes,No,Yes,No,Month-to-month,No,Electronic check,99.24,2183.42,No
3784-9861,Female,0,No,No,70,Yes,No,No,No internet service,No internet service,No internet service,No internet service,No internet service,No internet service,Month-to-month,Yes,Credit card (automatic),32.23,2324.62,No
3785-5985,Male,0,No,No,50,Yes,No,No,No internet service,No internet service,No internet service,No internet service,No internet service,No internet service,Month-to-month,Yes,Electronic check,29.46,1549.26,No
3786-2591,Male,0,Yes,No,72,No,No phone service,Fiber optic,No,Yes,No,No,No,Yes,Month-to-month,No,Credit card (automatic),58.62,4188.51,No
3787-1190,Female,0,No,No,0,No,No phone service,No,No internet service,No internet service,No internet service,No internet service,No internet service,No internet service,One year,Yes,Mailed check,18.25,,No
3788-9783,Female,0,Yes,Yes,20,Yes,No,No,No internet service,No internet service,No internet service,No internet service,No internet service,No internet service,One year,Yes,Mailed check,31.25,535.26,No
3789-3846,Female,0,Yes,No,24,Yes,Yes,No,No internet service,No internet service,No internet service,No internet service,No internet service,No internet service,Month-to-month,No,Electronic check,30.34,608.48,No
3790-2007,Female,0,Yes,Yes,49,Yes,No,DSL,No,No,No,No,Yes,No,Month-to-month,Yes,Electronic check,55.09,2638.72,No
3791-2592,Female,0,No,Yes,61,Yes,No,No,No internet service,No internet service,No internet service,No internet service,No internet service,No internet service,Two year,Yes,Electronic check,30.23,1807.17,No
3792-3297,Male,0,Yes,Yes,8,Yes,No,DSL,No,No,No,No,No,Yes,Two year,No,Bank transfer (automatic),60.53,452.93,No
3793-6902,Female,0,No,No,11,No,No phone service,Fiber optic,Yes,No,Yes,No,No,Yes,Month-to-month,Yes,Bank transfer (automatic),76.76,904.55,Yes
3794-9025,Female,0,Yes,Yes,49,Yes,No,DSL,No,Yes,No,No,No,No,Month-to-month,Yes,Mailed check,43.45,2094.5,No
3795-3475,Female,0,Yes,No,25,Yes,No,No,No internet service,No internet service,No internet service,No internet service,No internet service,No internet service,Month-to-month,No,Mailed check,34.86,914.53,No
3796-7184,Female,0,No,No,51,Yes,Yes,No,No internet service,No internet service,No internet service,No internet service,No internet service,No internet service,Two year,Yes,Mailed check,30.81,1452.89,No
3797-1584,Male,0,Yes,Yes,0,Yes,Yes,Fiber optic,Yes,No,Yes,Yes,No,No,Month-to-month,Yes,Mailed check,77.48,,Yes
3798-1090,Female,0,Yes,No,38,Yes,Yes,Fiber optic,No,No,No,No,No,No,Month-to-month,Yes,Electronic check,91.61,3425.26,Yes
3799-1494,Male,0,Yes,Yes,1,No,No phone service,DSL,No,Yes,No,No,No,Yes,Month-to-month,Yes,Credit card (automatic),57.0,80.17,No
3800-9307,Female,0,No,Yes,69,Yes,Yes,DSL,No,No,No,No,No,No,Month-to-month,Yes,Bank transfer (automatic),61.43,4209.14,No
3801-6234,Male,0,No,No,10,Yes,No,No,No internet service,No internet service,No internet service,No internet service,No internet service,No internet service,Month-to-month,No,Electronic check,26.37,233.95,No
3802-8245,Male,1,No,No,12,Yes,Yes,Fiber optic,No,Yes,No,Yes,No,Yes,Month-to-month,No,Electronic check,96.37,1166.14,No
3803-1195,Female,0,Yes,Yes,7,Yes,No,Fiber optic,Yes,No,No,No,No,No,Month-to-month,Yes,Credit card (automatic),71.54,551.95,No
3804-1200,Female,0,Yes,No,16,Yes,No,No,No internet service,No internet service,No internet service,No internet service,No internet service,No internet service,Month-to-month,No,Electronic check,29.39,623.92,No
3805-8638,Male,0,Yes,No,35,Yes,No,Fiber optic,No,Yes,Yes,No,No,No,Month-to-month,Yes,Bank transfer (automatic),92.3,3270.85,Yes
3806-1923,Male,0,No,No,45,Yes,Yes,Fiber optic,Yes,No,No,Yes,No,Yes,One year,No,Bank transfer (automatic),103.61,4723.96,No
3807-2398,Female,0,Yes,No,65,No,No phone service,Fiber optic,No,Yes,No,No,Yes,Yes,Month-to-month,Yes,Mailed check,73.74,4853.25,No
3808-5669,Male,0,Yes,No,64,Yes,Yes,DSL,No,Yes,No,No,No,No,Two year,No,Electronic check,64.02,4010.83,No
3809-6458,Male,0,No,No,6,Yes,No,No,No internet service,No internet service,No internet service,No internet service,No internet service,No internet service,Month-to-month,No,Credit card (automatic),24.49,165.18,No
3810-3059,Male,0,No,No,31,Yes,No,No,No internet service,No internet service,No internet service,No internet service,No internet service,No internet service,Month-to-month,No,Electronic check,28.62,841.06,No
3811-5001,Female,1,Yes,No,63,Yes,No,Fiber optic,Yes,No,No,No,Yes,No,Month-to-month,Yes,Bank transfer (automatic),91.42,5939.05,No
3812-7073,Male,0,No,No,12,Yes,No,Fiber optic,No,No,No,No,No,Yes,Month-to-month,Yes,Bank transfer (automatic),91.72,1151.96,Yes
3813-4985,Male,0,Yes,Yes,48,Yes,No,Fiber optic,No,No,No,Yes,No,Yes,Month-to-month,No,Mailed check,104.3,4907.68,No
3814-4443,Male,0,No,Yes,31,Yes,No,Fiber optic,No,No,No,No,No,No,Month-to-month,Yes,Credit card (automatic),69.58,2107.08,No
3815-1646,Female,0,No,No,12,Yes,No,Fiber optic,Yes,No,Yes,No,No,No,One year,No,Electronic check,83.16,926.45,No
3816-5066,Male,0,No,Yes,4,Yes,No,DSL,Yes,Yes,Yes,No,Yes,Yes,One year,Yes,Bank transfer (automatic),65.92,288.15,Yes
3817-8223,Female,0,Yes,Yes,21,Yes,No,Fiber optic,No,Yes,Yes,No,No,No,One year,Yes,Credit card (automatic),73.54,1537.26,No
3818-6640,Female,0,No,No,0,Yes,No,Fiber optic,No,No,Yes,No,No,Yes,Month-to-month,Yes,Electronic check,98.28,,Yes
3819-9036,Female,0,Yes,No,14,No,No phone service,DSL,No,Yes,Yes,No,No,No,One year,No,Credit card (automatic),52.91,699.21,Yes
3820-2135,Female,0,No,Yes,40,Yes,Yes,Fiber optic,No,No,Yes,Yes,No,Yes,Month-to-month,Yes,Electronic check,88.77,3527.93,No
3821-1099,Male,0,No,Yes,57,Yes,No,Fiber optic,Yes,No,Yes,Yes,No,No,Two year,Yes,Electronic check,71.26,4141.72,No
3822-5932,Male,0,No,No,36,Yes,No,No,No internet service,No internet service,No internet service,No internet service,No internet service,No internet service,Month-to-month,No,Credit card (automatic),31.38,1174.43,No
3823-2607,Female,0,No,No,52,Yes,No,No,No internet service,No internet service,No internet service,No internet service,No internet service,No internet service,Two year,No,Mailed check,30.09,1494.98,No
3824-6345,Female,0,No,No,5,No,No phone service,Fiber optic,Yes,Yes,No,No,Yes,Yes,Two year,Yes,Mailed check,96.2,487.83,Yes
3825-9134,Female,0,No,No,22,Yes,No,Fiber optic,Yes,No,No,Yes,No,No,Two year,Yes,Mailed check,83.17,1718.67,No
3826-4033,Male,1,Yes,No,48,Yes,No,No,No internet service,No internet service,No internet service,No internet service,No internet service,No internet service,Two year,Yes,Credit card (automatic),29.87,1474.12,No
3827-5944,Female,0,No,Yes,3,Yes,No,DSL,Yes,Yes,Yes,Yes,Yes,Yes,Month-to-month,No,Credit card (automatic),79.45,229.1,No
3828-7134,Female,0,Yes,No,42,No,No phone service,Fiber optic,Yes,No,No,No,Yes,Yes,Two year,Yes,Electronic check,90.1,3737.77,Yes
3829-2350,Male,0,Yes,No,12,Yes,No,Fiber optic,No,No,No,Yes,Yes,No,Month-to-month,Yes,Electronic check,108.26,1173.43,Yes
3830-9075,Male,0,No,Yes,30,Yes,No,DSL,Yes,Yes,Yes,No,No,Yes,Month-to-month,Yes,Electronic check,71.21,2120.28,No
3831-2824,Female,1,Yes,Yes,45,Yes,Yes,No,No internet service,No internet service,No internet service,No internet service,No internet service,No internet service,Two year,No,Mailed check,35.84,1659.38,No
3832-8273,Female,0,No,No,72,Yes,No,DSL,No,No,No,No,Yes,Yes,Month-to-month,Yes,Credit card (automatic),62.01,4433.65,No
3833-6939,Female,0,Yes,No,6,Yes,Yes,No,No internet service,No internet service,No internet service,No internet service,No internet service,No internet service,Month-to-month,No,Bank transfer (automatic),28.91,244.7,No
3834-2268,Male,0,Yes,No,40,Yes,No,Fiber optic,No,Yes,No,No,No,No,Two year,Yes,Mailed check,83.52,3239.65,No
3835-7522,Male,0,No,No,39,Yes,No,Fiber optic,No,No,No,No,No,Yes,Two year,Yes,Bank transfer (automatic),83.27,3212.34,No
3836-2768,Female,0,No,No,4,No,No phone service,DSL,Yes,No,Yes,Yes,Yes,Yes,Month-to-month,Yes,Mailed check,65.22,251.92,No
3837-6394,Female,0,No,Yes,44,Yes,No,Fiber optic,No,No,No,No,Yes,No,Two year,No,Mailed check,93.83,4188.97,No
3838-9636,Female,1,No,No,5,Yes,No,No,No internet service,No internet service,No internet service,No internet service,No internet service,No internet service,Month-to-month,Yes,Bank transfer (automatic),31.07,276.67,No
3839-9577,Female,0,Yes,No,50,Yes,No,Fiber optic,Yes,Yes,Yes,No,Yes,No,One year,No,Credit card (automatic),83.31,4249.16,No
3840-8840,Male,1,Yes,Yes,15,Yes,No,DSL,No,No,Yes,No,Yes,Yes,Two year,Yes,Mailed check,83.38,1327.35,Yes
3841-5446,Female,1,No,No,9,Yes,No,Fiber optic,No,Yes,No,No,Yes,Yes,Month-to-month,Yes,Mailed check,90.61,913.75,Yes
3842-6035,Male,0,No,No,5,Yes,Yes,Fiber optic,No,Yes,No,No,No,Yes,Month-to-month,Yes,Credit card (automatic),74.6,233.73,Yes
3843-3702,Female,0,No,No,33,Yes,Yes,Fiber optic,No,Yes,No,No,No,No,Two year,Yes,Credit card (automatic),73.74,2259.94,No
3844-9287,Male,1,Yes,No,17,Yes,No,Fiber optic,No,No,No,No,Yes,Yes,One year,No,Credit card (automatic),90.96,1500.44,No
3845-5294,Female,0,Yes,No,33,Yes,Yes,DSL,No,No,No,Yes,No,Yes,Two year,No,Electronic check,64.34,2167.8,No
3846-7943,Male,0,Yes,No,65,Yes,Yes,DSL,No,No,Yes,No,Yes,No,One year,Yes,Credit card (automatic),42.45,2827.74,No
3847-4236,Female,0,No,No,60,Yes,No,Fiber optic,Yes,No,No,No,No,No,Month-to-month,No,Mailed check,81.68,4930.12,No
3848-7663,Female,0,Yes,Yes,54,Yes,No,No,No internet service,No internet service,No internet service,No internet service,No internet service,No internet service,Month-to-month,No,Electronic check,23.96,1283.87,No
3849-3019,Female,1,No,No,34,Yes,Yes,No,No internet service,No internet service,No internet service,No internet service,No internet service,No internet service,Two year,Yes,Credit card (automatic),33.43,1168.3,No
3850-7603,Male,0,Yes,No,8,Yes,No,Fiber optic,Yes,Yes,Yes,No,No,No,Month-to-month,No,Electronic check,85.24,649.42,Yes
3851-1413,Female,0,No,No,29,Yes,Yes,Fiber optic,No,Yes,No,No,Yes,No,Two year,Yes,Mailed check,89.14,2683.59,No
3852-1943,Female,1,Yes,No,1,Yes,Yes,Fiber optic,No,Yes,No,Yes,Yes,No,Two year,Yes,Credit card (automatic),95.69,158.6,No
3853-4169,Male,0,No,No,9,Yes,Yes,Fiber optic,Yes,Yes,No,Yes,No,Yes,Month-to-month,Yes,Credit card (automatic),84.75,892.75,No
3854-5337,Male,0,No,No,22,Yes,Yes,No,No internet service,No internet service,No internet service,No internet service,No internet service,No internet service,Two year,Yes,Credit card (automatic),32.43,853.24,No
3855-7401,Male,0,Yes,No,50,Yes,Yes,Fiber optic,No,No,No,No,No,No,Month-to-month,No,Electronic check,86.72,4362.1,Yes
3856-4231,Female,0,Yes,No,57,Yes,Yes,DSL,No,No,No,No,No,No,Month-to-month,Yes,Bank transfer (automatic),49.09,2898.05,Yes
3857-1165,Female,0,Yes,No,45,Yes,No,Fiber optic,No,No,Yes,No,Yes,Yes,One year,No,Electronic check,98.46,4414.48,No
3858-3928,Female,0,No,No,18,No,No phone service,DSL,Yes,Yes,No,No,Yes,No,Month-to-month,Yes,Bank transfer (automatic),44.28,822.2,No
3859-4952,Female,0,No,Yes,52,Yes,Yes,Fiber optic,No,No,No,No,No,Yes,Month-to-month,No,Bank transfer (automatic),91.03,4810.13,Yes
3860-5892,Male,0,Yes,Yes,72,No,No phone service,No,No internet service,No internet service,No internet service,No internet service,No internet service,No internet service,Month-to-month,No,Bank transfer (automatic),18.25,1459.63,No
3861-6795,Male,0,No,No,47,Yes,No,Fiber optic,No,Yes,No,No,No,No,Two year,Yes,Bank transfer (automatic),86.35,4120.65,No
3862-3228,Male,0,Yes,No,55,No,No phone service,DSL,Yes,No,No,Yes,Yes,No,Month-to-month,No,Electronic check,66.59,3664.98,No
3863-6493,Male,0,No,No,63,No,No phone service,Fiber optic,No,No,No,Yes,No,No,Month-to-month,Yes,Electronic check,66.1,4165.95,No
3864-6683,Female,0,No,Yes,52,Yes,No,DSL,No,No,No,Yes,No,No,Month-to-month,Yes,Mailed check,63.62,3428.01,No
3865-7989,Male,0,No,Yes,64,No,No phone service,Fiber optic,No,Yes,Yes,No,No,Yes,Month-to-month,No,Credit card (automatic),79.19,5062.2,No
3866-5697,Male,1,Yes,Yes,21,Yes,Yes,DSL,No,No,Yes,No,Yes,No,Month-to-month,No,Electronic check,75.59,1611.39,No
3867-8293,Male,0,Yes,No,22,Yes,No,Fiber optic,No,No,No,Yes,Yes,No,Month-to-month,Yes,Bank transfer (automatic),95.39,2073.14,Yes
3868-2994,Male,0,No,No,12,Yes,No,No,No internet service,No internet service,No internet service,No internet service,No internet service,No internet service,Month-to-month,Yes,Bank transfer (automatic),28.49,363.84,No
3869-7404,Female,0,Yes,Yes,13,Yes,No,DSL,Yes,Yes,No,No,Yes,Yes,One year,No,Electronic check,63.61,779.16,No
3870-1412,Female,0,No,No,40,Yes,Yes,Fiber optic,No,No,No,No,Yes,Yes,Month-to-month,Yes,Electronic check,88.87,3598.91,No
3871-1925,Female,1,No,No,67,Yes,Yes,Fiber optic,Yes,Yes,No,No,No,Yes,One year,No,Bank transfer (automatic),71.98,4769.88,No
3872-8781,Male,1,No,No,16,Yes,Yes,Fiber optic,Yes,Yes,No,No,No,No,One year,No,Credit card (automatic),80.27,1284.45,No
3873-5274,Female,0,No,No,52,Yes,Yes,No,No internet service,No internet service,No internet service,No internet service,No internet service,No internet service,Month-to-month,No,Credit card (automatic),34.39,1804.14,No
3874-6586,Female,0,No,No,5,Yes,No,Fiber optic,Yes,Yes,Yes,No,No,Yes,One year,Yes,Bank transfer (automatic),87.36,431.9,Yes
3875-6430,Female,0,No,No,70,Yes,Yes,DSL,No,Yes,Yes,No,No,No,One year,Yes,Mailed check,43.37,3013.51,No
3876-7253,Female,0,Yes,No,38,Yes,Yes,Fiber optic,Yes,No,No,Yes,Yes,Yes,Month-to-month,No,Electronic check,85.26,3223.53,No
3877-3209,Male,0,No,Yes,36,Yes,Yes,Fiber optic,No,No,Yes,No,No,No,One year,No,Mailed check,81.95,2956.67,Yes
3878-2604,Male,0,Yes,No,26,No,No phone service,No,No internet service,No internet service,No internet service,No internet service,No internet service,No internet service,Two year,Yes,Bank transfer (automatic),18.25,404.6,No
3879-1382,Male,0,No,No,70,Yes,No,No,No internet service,No internet service,No internet service,No internet service,No internet service,No internet service,Month-to-month,No,Electronic check,26.14,1766.35,No
3880-8782,Female,0,No,No,30,Yes,Yes,Fiber optic,No,Yes,No,Yes,No,No,Two year,Yes,Electronic check,110.57,3389.06,No
3881-3012,Female,0,No,Yes,8,Yes,Yes,Fiber optic,Yes,No,Yes,No,No,No,One year,Yes,Mailed check,76.3,635.99,No
3882-6175,Female,0,Yes,Yes,41,Yes,Yes,Fiber optic,No,No,Yes,No,Yes,No,Two year,No,Credit card (automatic),90.21,3689.49,No
3883-5093,Male,0,Yes,No,43,Yes,Yes,No,No internet service,No internet service,No internet service,No internet service,No internet service,No internet service,Month-to-month,Yes,Credit card (automatic),31.1,1384.76,No
3884-2461,Male,1,No,Yes,54,Yes,No,Fiber optic,No,Yes,Yes,No,Yes,No,Two year,Yes,Electronic check,103.24,5599.45,No
3885-4724,Female,1,No,Yes,36,No,No phone service,Fiber optic,No,No,No,No,Yes,No,Month-to-month,Yes,Electronic check,68.93,2532.02,No
3886-1748,Female,0,Yes,No,20,Yes,No,Fiber optic,No,No,No,Yes,Yes,Yes,Month-to-month,No,Mailed check,103.72,2068.28,No
3887-2589,Female,0,No,No,0,Yes,No,DSL,No,Yes,Yes,No,Yes,Yes,One year,Yes,Credit card (automatic),65.59,,No
3888-2257,Male,0,No,Yes,72,Yes,No,Fiber optic,No,Yes,No,No,Yes,Yes,Month-to-month,Yes,Bank transfer (automatic),110.44,7948.78,No
3889-8418,Female,0,No,Yes,14,Yes,No,DSL,No,No,No,No,No,No,Month-to-month,Yes,Electronic check,61.06,861.01,No
3890-6106,Male,0,No,No,25,Yes,Yes,No,No internet service,No internet service,No internet service,No internet service,No internet service,No internet service,Month-to-month,Yes,Electronic check,32.89,833.89,Yes
3891-9330,Female,0,No,No,11,No,No phone service,Fiber optic,No,Yes,No,Yes,Yes,No,Two year,No,Bank transfer (automatic),77.29,835.27,No
3892-4923,Female,0,No,No,17,Yes,No,DSL,No,Yes,Yes,No,Yes,No,Month-to-month,No,Mailed check,60.06,953.51,No
3893-2811,Male,0,Yes,No,4,Yes,Yes,No,No internet service,No internet service,No internet service,No internet service,No internet service,No internet service,Month-to-month,No,Electronic check,30.65,118.91,No
3894-6476,Male,0,No,No,24,No,No phone service,No,No internet service,No internet service,No internet service,No internet service,No internet service,No internet service,Month-to-month,Yes,Mailed check,18.25,487.58,No
3895-9365,Male,0,No,No,69,Yes,No,DSL,Yes,No,Yes,Yes,Yes,Yes,Month-to-month,Yes,Electronic check,77.22,5367.47,No
3896-5792,Female,1,No,No,16,Yes,No,DSL,Yes,No,Yes,No,Yes,Yes,Two year,Yes,Bank transfer (automatic),75.07,1227.51,No
3897-1160,Female,0,No,No,70,Yes,Yes,Fiber optic,No,Yes,No,No,No,Yes,One year,No,Electronic check,97.59,6877.6,No
3898-3732,Male,1,No,No,46,Yes,Yes,Fiber optic,Yes,Yes,Yes,No,Yes,No,One year,Yes,Electronic check,101.68,4563.28,No
3899-9323,Male,0,Yes,Yes,65,Yes,No,DSL,No,No,Yes,No,Yes,No,Two year,No,Electronic check,72.66,4770.91,No
3900-5664,Female,0,Yes,Yes,45,Yes,No,Fiber optic,Yes,Yes,Yes,No,No,Yes,One year,No,Electronic check,84.51,3807.41,No
3901-9566,Male,1,Yes,No,72,Yes,No,Fiber optic,Yes,No,No,Yes,Yes,No,Two year,Yes,Credit card (automatic),105.11,7503.07,No
3902-5582,Male,1,No,Yes,40,Yes,No,No,No internet service,No internet service,No internet service,No internet service,No internet service,No internet service,Month-to-month,Yes,Credit card (automatic),26.56,983.74,No
3903-1108,Male,1,No,No,60,No,No phone service,No,No internet service,No internet service,No internet service,No internet service,No internet service,No internet service,One year,Yes,Mailed check,18.25,994.64,No
3904-8856,Female,0,Yes,No,2,Yes,Yes,DSL,No,Yes,No,No,No,Yes,Two year,No,Credit card (automatic),60.55,278.66,No
3905-7866,Male,0,Yes,Yes,68,Yes,Yes,Fiber optic,No,Yes,Yes,No,No,No,Month-to-month,No,Electronic check,75.65,5267.61,No
3906-7436,Male,0,No,No,1,Yes,Yes,Fiber optic,No,No,No,No,No,Yes,Month-to-month,No,Credit card (automatic),82.68,97.8,No
3907-9730,Female,0,Yes,No,14,Yes,No,Fiber optic,No,Yes,No,No,Yes,No,Two year,Yes,Bank transfer (automatic),94.62,1394.94,Yes
3908-2765,Female,1,Yes,No,53,Yes,No,DSL,No,Yes,Yes,No,Yes,Yes,Month-to-month,Yes,Electronic check,75.88,4011.19,No
3909-9152,Male,0,Yes,Yes,18,Yes,No,Fiber optic,Yes,Yes,No,No,No,Yes,Two year,Yes,Credit card (automatic),95.53,1642.79,No
3910-3093,Female,0,No,Yes,3,Yes,No,No,No internet service,No internet service,No internet service,No internet service,No internet service,No internet service,One year,Yes,Electronic check,32.27,63.82,No
3911-9735,Female,1,No,Yes,62,Yes,No,DSL,No,No,No,No,No,No,One year,Yes,Mailed check,42.07,2543.17,No
3912-2722,Female,1,No,Yes,37,Yes,Yes,DSL,Yes,No,No,No,No,Yes,One year,Yes,Bank transfer (automatic),77.28,2828.09,No
3913-5952,Male,1,Yes,No,35,Yes,Yes,Fiber optic,No,Yes,No,Yes,Yes,Yes,Two year,No,Bank transfer (automatic),71.4,2461.3,No
3914-8103,Male,0,Yes,No,23,Yes,No,No,No internet service,No internet service,No internet service,No internet service,No internet service,No internet service,One year,Yes,Electronic check,26.55,596.09,No
3915-1703,Male,0,No,Yes,52,Yes,No,Fiber optic,Yes,Yes,No,No,No,No,Month-to-month,No,Electronic check,77.93,4102.44,No
3916-1600,Male,1,No,No,22,Yes,No,DSL,Yes,Yes,Yes,No,No,No,Two year,Yes,Bank transfer (automatic),75.82,1566.84,No
3917-8647,Male,0,Yes,Yes,41,Yes,Yes,No,No internet service,No internet service,No internet service,No internet service,No internet service,No internet service,One year,No,Bank transfer (automatic),29.99,1003.92,No
3918-1543,Female,0,No,No,9,Yes,No,Fiber optic,No,No,No,No,No,Yes,Two year,Yes,Mailed check,88.42,864.78,No
3919-6523,Female,1,No,No,22,Yes,No,Fiber optic,No,No,Yes,No,Yes,Yes,Two year,Yes,Bank transfer (automatic),80.49,1725.02,No
3920-9443,Female,0,No,No,2,Yes,Yes,DSL,No,Yes,No,No,Yes,Yes,Month-to-month,No,Electronic check,85.48,171.34,Yes
3921-6532,Female,0,Yes,No,20,Yes,No,DSL,Yes,Yes,Yes,No,Yes,Yes,One year,Yes,Mailed check,57.3,1002.34,No
3922-5328,Female,0,Yes,No,27,Yes,No,Fiber optic,Yes,Yes,No,Yes,Yes,Yes,One year,No,Electronic check,108.71,2890.14,No
3923-4754,Male,0,Yes,No,54,Yes,No,No,No internet service,No internet service,No internet service,No internet service,No internet service,No internet service,Month-to-month,No,Credit card (automatic),30.87,1769.17,No
3924-6742,Female,1,No,Yes,60,Yes,No,Fiber optic,Yes,Yes,Yes,No,No,Yes,Two year,No,Credit card (automatic),102.31,6133.46,No
3925-6146,Female,0,No,Yes,38,Yes,No,No,No internet service,No internet service,No internet service,No internet service,No internet service,No internet service,One year,No,Electronic check,31.59,1151.34,No
3926-5515,Male,0,Yes,No,67,Yes,No,Fiber optic,Yes,No,Yes,No,No,Yes,Two year,Yes,Bank transfer (automatic),66.57,4499.94,No
3927-2382,Female,0,Yes,Yes,26,No,No phone service,Fiber optic,No,No,Yes,No,Yes,No,One year,No,Electronic check,80.74,2213.83,No
3928-6963,Male,1,Yes,No,36,Yes,No,Fiber optic,Yes,Yes,No,No,Yes,No,Month-to-month,Yes,Credit card (automatic),107.76,3818.61,Yes
3929-7657,Male,1,No,Yes,45,Yes,No,Fiber optic,No,No,Yes,No,No,Yes,One year,Yes,Mailed check,72.19,3320.87,No
3930-7378,Male,0,No,Yes,12,Yes,No,DSL,Yes,No,No,Yes,Yes,No,Month-to-month,No,Electronic check,73.16,756.95,No
3931-1675,Male,0,Yes,No,30,Yes,No,No,No internet service,No internet service,No internet service,No internet service,No internet service,No internet service,Two year,Yes,Mailed check,27.59,981.17,No
3932-7325,Female,0,No,No,65,Yes,No,DSL,No,No,No,Yes,Yes,No,Month-to-month,Yes,Electronic check,51.66,3356.64,No
3933-7567,Male,0,No,Yes,34,Yes,No,No,No internet service,No internet service,No internet service,No internet service,No internet service,No internet service,Month-to-month,No,Mailed check,33.79,1122.84,No
3934-2650,Female,0,No,Yes,67,Yes,Yes,No,No internet service,No internet service,No internet service,No internet service,No internet service,No internet service,One year,Yes,Credit card (automatic),29.06,1922.44,No
3935-8639,Male,0,No,No,49,Yes,No,DSL,No,No,No,Yes,No,No,Month-to-month,No,Credit card (automatic),56.12,2748.04,No
3936-5714,Male,0,Yes,No,12,No,No phone service,DSL,No,Yes,No,Yes,No,Yes,Month-to-month,Yes,Bank transfer (automatic),39.79,517.24,No
3937-5251,Male,0,No,No,33,No,No phone service,Fiber optic,No,No,No,No,Yes,No,Two year,Yes,Bank transfer (automatic),67.5,2215.35,No
3938-7503,Female,0,No,Yes,26,Yes,Yes,Fiber optic,No,No,No,No,No,Yes,One year,No,Mailed check,92.75,2544.84,No
3939-5587,Male,0,No,No,69,Yes,No,Fiber optic,No,No,No,No,Yes,No,One year,No,Electronic check,71.14,4999.37,No
3940-5902,Male,0,No,Yes,24,No,No phone service,DSL,No,Yes,No,No,Yes,Yes,Month-to-month,Yes,Electronic check,69.56,1632.19,No
3941-3809,Male,0,Yes,Yes,35,Yes,Yes,No,No internet service,No internet service,No internet service,No internet service,No internet service,No internet service,Month-to-month,Yes,Bank transfer (automatic),33.03,1090.58,No
3942-9349,Female,0,No,No,50,Yes,No,Fiber optic,Yes,No,Yes,No,Yes,No,Month-to-month,Yes,Bank transfer (automatic),107.62,5390.18,Yes
3943-9724,Male,0,No,Yes,70,Yes,No,Fiber optic,No,Yes,Yes,Yes,No,No,Month-to-month,No,Electronic check,62.25,4384.2,No
3944-2173,Female,1,Yes,No,39,Yes,Yes,No,No internet service,No internet service,No internet service,No internet service,No internet service,No internet service,Month-to-month,Yes,Bank transfer (automatic),31.94,1212.84,No
3945-7597,Female,0,No,No,61,Yes,Yes,Fiber optic,No,No,No,No,No,No,One year,Yes,Electronic check,87.76,5344.0,No
3946-1209,Male,1,Yes,No,8,No,No phone service,Fiber optic,No,No,Yes,No,Yes,No,One year,No,Electronic check,67.22,582.85,No
3947-4320,Female,0,No,No,65,No,No phone service,No,No internet service,No internet service,No internet service,No internet service,No internet service,No internet service,Two year,Yes,Bank transfer (automatic),18.25,1275.45,No
3948-9729,Female,0,Yes,Yes,15,No,No phone service,No,No internet service,No internet service,No internet service,No internet service,No internet service,No internet service,One year,No,Mailed check,18.25,209.68,No
3949-2573,Male,0,Yes,No,55,Yes,No,No,No internet service,No internet service,No internet service,No internet service,No internet service,No internet service,Two year,Yes,Bank transfer (automatic),31.76,1581.18,No
3950-4392,Male,0,No,No,38,Yes,No,No,No internet service,No internet service,No internet service,No internet service,No internet service,No internet service,Month-to-month,No,Electronic check,33.29,1232.79,No
3951-2975,Female,1,No,No,44,Yes,No,DSL,Yes,No,No,No,Yes,Yes,Month-to-month,No,Bank transfer (automatic),58.1,2410.22,No
3952-7553,Female,0,No,Yes,6,Yes,No,No,No internet service,No internet service,No internet service,No internet service,No internet service,No internet service,Month-to-month,Yes,Credit card (automatic),27.08,80.53,No
3953-5174,Female,0,No,No,38,Yes,No,No,No internet service,No internet service,No internet service,No internet service,No internet service,No internet service,One year,No,Electronic check,33.29,1054.22,No
3954-6337,Female,0,Yes,No,6,No,No phone service,Fiber optic,Yes,Yes,No,No,No,No,Two year,Yes,Electronic check,68.88,526.72,No
3955-9482,Male,0,No,No,40,Yes,No,Fiber optic,No,No,Yes,No,Yes,Yes,Month-to-month,Yes,Mailed check,96.84,3719.68,No
3956-5688,Female,1,No,No,29,Yes,No,Fiber optic,No,No,Yes,Yes,Yes,No,Two year,No,Mailed check,94.5,2907.67,No
3957-7606,Male,0,Yes,Yes,14,Yes,Yes,Fiber optic,Yes,No,No,Yes,No,Yes,Month-to-month,No,Mailed check,91.95,1139.45,Yes
3958-1881,Female,0,No,No,35,Yes,No,DSL,No,No,No,No,No,No,One year,No,Electronic check,47.29,1727.64,No
3959-2936,Male,1,Yes,Yes,15,Yes,Yes,Fiber optic,No,Yes,Yes,Yes,No,Yes,Month-to-month,Yes,Bank transfer (automatic),81.69,1189.83,No
3960-9520,Male,1,Yes,Yes,6,Yes,No,Fiber optic,No,No,No,Yes,No,Yes,Month-to-month,No,Mailed check,82.36,561.19,Yes
3961-8735,Male,0,No,No,2,Yes,No,Fiber optic,No,No,No,No,No,No,Month-to-month,Yes,Credit card (automatic),92.99,246.23,Yes
3962-6909,Female,0,No,Yes,24,Yes,No,No,No internet service,No internet service,No internet service,No internet service,No internet service,No internet service,One year,No,Mailed check,21.12,416.82,No
3963-4403,Female,0,No,No,54,Yes,No,DSL,No,No,Yes,No,Yes,No,Month-to-month,Yes,Credit card (automatic),73.11,4080.72,No
3964-2798,Male,0,No,Yes,42,Yes,No,No,No internet service,No internet service,No internet service,No internet service,No internet service,No internet service,Month-to-month,Yes,Mailed check,32.89,1266.68,No
3965-8664,Female,0,Yes,No,9,Yes,No,Fiber optic,Yes,No,No,Yes,No,Yes,Month-to-month,No,Mailed check,83.94,727.21,No
3966-8066,Male,1,No,No,32,Yes,Yes,No,No internet service,No internet service,No internet service,No internet service,No internet service,No internet service,Month-to-month,Yes,Bank transfer (automatic),30.97,1137.76,No
3967-3175,Male,0,Yes,No,42,Yes,No,DSL,No,Yes,No,Yes,Yes,No,Month-to-month,Yes,Electronic check,63.25,2684.09,No
3968-6307,Female,1,Yes,No,17,Yes,Yes,DSL,Yes,No,Yes,Yes,Yes,No,Month-to-month,No,Mailed check,70.41,1178.09,No
3969-6567,Female,0,Yes,No,10,Yes,No,Fiber optic,No,No,No,Yes,No,No,Month-to-month,No,Mailed check,102.91,1027.13,Yes
3970-5296,Female,0,Yes,No,18,Yes,No,Fiber optic,Yes,Yes,Yes,Yes,No,No,Two year,Yes,Credit card (automatic),73.31,1336.25,No
3971-9339,Female,1,Yes,No,4,Yes,No,Fiber optic,Yes,No,Yes,Yes,No,No,Month-to-month,No,Credit card (automatic),94.86,463.77,Yes
3972-2116,Female,0,No,No,17,Yes,No,Fiber optic,Yes,No,Yes,No,No,No,Month-to-month,No,Mailed check,82.74,1451.17,No
3973-3320,Male,0,No,Yes,38,Yes,Yes,Fiber optic,No,Yes,No,No,No,Yes,Month-to-month,No,Electronic check,82.5,3102.19,No
3974-1855,Male,0,No,Yes,58,Yes,No,No,No internet service,No internet service,No internet service,No internet service,No internet service,No internet service,Two year,Yes,Bank transfer (automatic),20.05,1208.89,No
3975-7235,Female,0,Yes,No,63,Yes,No,DSL,No,No,Yes,No,No,No,One year,No,Bank transfer (automatic),58.62,3525.24,No
3976-6795,Male,0,No,No,49,Yes,No,DSL,No,No,No,No,No,No,One year,Yes,Credit card (automatic),53.98,2686.51,No
3977-9884,Female,0,Yes,No,25,Yes,No,No,No internet service,No internet service,No internet service,No internet service,No internet service,No internet service,Two year,No,Electronic check,30.18,713.72,No
3978-5880,Female,1,No,No,68,Yes,Yes,Fiber optic,No,No,No,No,Yes,No,Month-to-month,Yes,Credit card (automatic),114.06,7731.31,No
3979-2355,Male,1,No,No,67,Yes,No,Fiber optic,No,Yes,Yes,Yes,Yes,No,Two year,No,Mailed check,91.98,6200.94,No
3980-5057,Male,0,Yes,No,26,Yes,Yes,Fiber optic,No,No,No,No,No,Yes,One year,Yes,Electronic check,100.47,2677.16,Yes
3981-1795,Female,0,No,No,0,Yes,No,DSL,No,No,No,No,Yes,Yes,Two year,No,Electronic check,77.44,,No
3982-7037,Female,0,No,No,31,Yes,Yes,Fiber optic,No,Yes,No,No,Yes,No,One year,Yes,Bank transfer (automatic),80.08,2488.67,No
3983-7067,Male,0,Yes,No,33,Yes,No,DSL,Yes,Yes,No,No,Yes,No,Two year,Yes,Electronic check,77.79,2453.74,No
3984-8717,Female,0,No,No,49,Yes,Yes,DSL,No,Yes,No,No,No,No,Month-to-month,Yes,Electronic check,66.04,3263.5,No
3985-4057,Female,0,No,Yes,10,Yes,Yes,DSL,No,No,Yes,No,No,No,Month-to-month,Yes,Credit card (automatic),62.73,509.05,No
3986-3790,Female,1,Yes,Yes,39,Yes,No,DSL,No,Yes,Yes,No,No,No,Two year,No,Mailed check,49.87,1857.9,No
3987-1641,Female,0,Yes,No,23,Yes,No,No,No internet service,No internet service,No internet service,No internet service,No internet service,No internet service,Month-to-month,Yes,Electronic check,30.8,772.75,No
3988-4735,Male,0,Yes,No,36,Yes,No,No,No internet service,No internet service,No internet service,No internet service,No internet service,No internet service,Month-to-month,No,Mailed check,33.61,1190.96,No
3989-5277,Male,1,No,Yes,1,Yes,No,DSL,No,No,No,No,No,No,Two year,Yes,Mailed check,68.19,73.23,No
3990-7789,Female,0,Yes,Yes,38,Yes,Yes,Fiber optic,Yes,No,No,No,Yes,No,Month-to-month,Yes,Bank transfer (automatic),99.95,3733.52,No
3991-7783,Female,1,No,Yes,2,Yes,Yes,Fiber optic,No,No,No,No,No,No,Month-to-month,No,Mailed check,66.1,185.43,No
3992-2262,Female,1,Yes,No,62,Yes,No,DSL,No,No,No,No,Yes,No,Two year,Yes,Electronic check,54.85,3289.99,No
3993-3565,Female,0,No,No,52,Yes,No,DSL,No,No,Yes,No,No,No,Month-to-month,Yes,Electronic check,61.97,3201.74,No
3994-5602,Female,0,No,No,67,Yes,Yes,Fiber optic,Yes,No,Yes,No,No,Yes,Month-to-month,No,Bank transfer (automatic),118.97,7945.33,No
3995-4015,Male,0,No,No,47,Yes,Yes,DSL,Yes,No,Yes,No,No,No,Two year,No,Electronic check,78.95,3727.69,No
3996-1229,Male,1,No,Yes,71,Yes,No,No,No internet service,No internet service,No internet service,No internet service,No internet service,No internet service,One year,No,Credit card (automatic),29.86,2116.53,No
3997-8610,Male,1,No,Yes,15,Yes,No,No,No internet service,No internet service,No internet service,No internet service,No internet service,No internet service,Month-to-month,Yes,Mailed check,28.14,419.72,No
3998-7580,Female,0,No,No,0,Yes,No,Fiber optic,Yes,No,Yes,No,Yes,No,Month-to-month,No,Mailed check,100.14,,Yes
3999-5680,Female,0,Yes,No,65,Yes,Yes,No,No internet service,No internet service,No internet service,No internet service,No internet service,No internet service,Month-to-month,No,Bank transfer (automatic),31.17,1884.96,No
4000-3857,Female,0,Yes,No,48,Yes,Yes,DSL,No,No,Yes,No,Yes,Yes,Month-to-month,Yes,Electronic check,73.81,3533.31,No
4001-8583,Female,0,No,Yes,50,No,No phone service,Fiber optic,No,No,No,Yes,Yes,Yes,Month-to-month,Yes,Credit card (automatic),86.19,4302.18,No
4002-1317,Female,0,Yes,No,21,Yes,Yes,DSL,No,No,No,Yes,Yes,No,Two year,Yes,Bank transfer (automatic),74.4,1488.01,Yes
4003-5017,Female,1,Yes,No,24,Yes,No,Fiber optic,Yes,No,Yes,No,Yes,Yes,Month-to-month,Yes,Credit card (automatic),96.3,2141.63,Yes
4004-8207,Male,0,No,No,49,Yes,Yes,Fiber optic,No,No,Yes,Yes,No,No,Month-to-month,Yes,Mailed check,73.66,3729.88,No
4005-9575,Female,0,No,No,29,Yes,No,DSL,Yes,No,No,Yes,No,Yes,Month-to-month,Yes,Mailed check,59.08,1735.06,No
4006-3262,Female,0,Yes,No,5,Yes,No,Fiber optic,No,Yes,No,No,No,No,Month-to-month,No,Electronic check,81.7,460.4,Yes
4007-6856,Male,0,Yes,No,21,No,No phone service,DSL,Yes,Yes,No,No,No,No,Month-to-month,Yes,Electronic check,45.88,955.98,Yes
4008-2706,Male,0,Yes,No,28,Yes,Yes,DSL,No,No,No,Yes,Yes,No,Month-to-month,Yes,Electronic check,55.91,1410.06,No
4009-2042,Male,1,Yes,No,60,Yes,Yes,No,No internet service,No internet service,No internet service,No internet service,No internet service,No internet service,One year,No,Mailed check,33.5,1906.43,No
4010-4176,Female,0,Yes,No,25,No,No phone service,DSL,No,No,No,No,Yes,No,One year,Yes,Bank transfer (automatic),49.78,1271.08,No
4011-8964,Female,0,No,No,36,Yes,No,DSL,No,Yes,Yes,No,No,No,Month-to-month,Yes,Credit card (automatic),64.12,2396.81,No
4012-7204,Female,0,No,No,43,Yes,No,DSL,Yes,Yes,Yes,Yes,No,Yes,Two year,Yes,Credit card (automatic),66.63,2838.04,Yes
4013-5402,Female,0,Yes,No,9,Yes,No,Fiber optic,Yes,No,Yes,Yes,Yes,No,One year,Yes,Mailed check,94.84,912.42,Yes
4014-3545,Male,0,Yes,No,42,Yes,Yes,No,No internet service,No internet service,No internet service,No internet service,No internet service,No internet service,Month-to-month,Yes,Electronic check,28.34,988.88,No
4015-2274,Male,1,No,No,14,Yes,No,No,No internet service,No internet service,No internet service,No internet service,No internet service,No internet service,Month-to-month,No,Mailed check,32.8,327.91,No
4016-3436,Male,0,Yes,No,64,Yes,No,Fiber optic,No,No,Yes,No,Yes,Yes,Month-to-month,No,Credit card (automatic),94.76,6074.82,No
4017-2374,Male,0,Yes,Yes,21,Yes,No,Fiber optic,No,Yes,No,Yes,Yes,No,Month-to-month,No,Mailed check,74.38,1587.7,No
4018-2683,Female,0,Yes,No,22,Yes,No,No,No internet service,No internet service,No internet service,No internet service,No internet service,No internet service,Month-to-month,Yes,Bank transfer (automatic),34.12,700.72,No
4019-7187,Female,0,No,No,29,Yes,No,Fiber optic,No,Yes,Yes,No,Yes,Yes,Month-to-month,Yes,Electronic check,97.33,2931.14,Yes
4020-2194,Male,0,Yes,Yes,26,Yes,Yes,No,No internet service,No internet service,No internet service,No internet service,No internet service,No internet service,Month-to-month,Yes,Electronic check,31.48,694.18,No
4021-1426,Male,0,Yes,Yes,43,Yes,No,DSL,No,No,No,No,No,Yes,Month-to-month,Yes,Credit card (automatic),61.38,2638.81,No
4022-5880,Male,0,No,Yes,52,Yes,Yes,Fiber optic,No,Yes,No,No,Yes,Yes,Two year,Yes,Mailed check,103.07,5341.19,No
4023-3579,Male,1,No,No,70,Yes,No,DSL,No,No,Yes,No,Yes,No,Month-to-month,No,Electronic check,50.2,3472.6,No
4024-5092,Female,0,No,Yes,64,Yes,Yes,Fiber optic,No,No,No,Yes,No,No,Two year,No,Electronic check,80.1,5171.28,No
4025-2257,Female,0,No,No,19,Yes,Yes,No,No internet service,No internet service,No internet service,No internet service,No internet service,No internet service,One year,No,Bank transfer (automatic),24.23,439.21,No
4026-2889,Male,0,No,Yes,44,Yes,No,Fiber optic,No,Yes,No,No,No,No,One year,Yes,Electronic check,88.97,3699.47,No
4027-4969,Female,1,Yes,Yes,23,Yes,No,Fiber optic,Yes,No,No,No,No,No,Month-to-month,Yes,Mailed check,88.08,2021.78,No
4028-7209,Male,0,Yes,Yes,58,Yes,No,DSL,No,No,No,No,Yes,No,Month-to-month,Yes,Electronic check,62.35,3663.64,No
4029-4728,Female,1,Yes,Yes,1,No,No phone service,Fiber optic,No,Yes,No,No,Yes,No,Month-to-month,No,Electronic check,70.76,0.0,No
4030-5874,Female,0,Yes,No,72,Yes,No,No,No internet service,No internet service,No internet service,No internet service,No internet service,No internet service,One year,Yes,Mailed check,34.31,2529.21,No
4031-5696,Female,1,Yes,No,27,Yes,No,DSL,Yes,No,No,No,No,Yes,Month-to-month,Yes,Electronic check,76.62,2057.61,Yes
4032-3419,Male,0,Yes,No,54,Yes,No,DSL,No,Yes,No,No,No,Yes,Two year,Yes,Electronic check,73.7,3862.47,No
4033-3516,Female,0,No,No,49,Yes,Yes,Fiber optic,Yes,No,No,No,No,Yes,Month-to-month,No,Electronic check,76.06,3740.46,No
4034-4831,Female,0,No,Yes,26,Yes,Yes,Fiber optic,Yes,No,No,No,No,Yes,One year,No,Mailed check,80.07,1972.3,No
4035-1288,Male,0,Yes,No,70,Yes,Yes,Fiber optic,Yes,No,No,Yes,No,No,Month-to-month,Yes,Electronic check,81.95,5750.2,No
4036-7167,Female,0,No,No,19,Yes,No,DSL,Yes,No,No,No,No,No,One year,Yes,Electronic check,50.0,1010.67,No
4037-6528,Female,0,Yes,No,54,Yes,Yes,Fiber optic,No,Yes,Yes,Yes,Yes,No,Month-to-month,No,Credit card (automatic),95.07,5343.13,No
4038-3754,Male,0,No,No,67,Yes,Yes,Fiber optic,No,Yes,No,Yes,Yes,No,One year,No,Electronic check,77.26,5210.62,No
4039-4363,Male,0,No,No,8,Yes,Yes,Fiber optic,No,Yes,No,No,No,No,Month-to-month,Yes,Mailed check,84.08,592.03,Yes
4040-3957,Male,0,Yes,Yes,66,Yes,Yes,DSL,No,No,No,No,Yes,Yes,Two year,Yes,Mailed check,77.91,4974.19,No
4041-6861,Female,0,Yes,Yes,64,Yes,No,DSL,Yes,No,No,Yes,Yes,No,One year,Yes,Mailed check,75.17,4853.53,No
4042-7836,Male,1,No,No,27,Yes,Yes,Fiber optic,No,No,Yes,No,Yes,Yes,Month-to-month,Yes,Electronic check,112.81,2995.87,Yes
4043-1977,Female,0,No,No,61,Yes,No,Fiber optic,No,No,No,Yes,No,No,Month-to-month,No,Credit card (automatic),89.31,5211.02,No
4044-4719,Male,0,No,No,0,Yes,No,DSL,Yes,Yes,Yes,Yes,No,Yes,Month-to-month,No,Mailed check,70.94,,Yes
4045-1123,Female,1,Yes,Yes,13,Yes,No,No,No internet service,No internet service,No internet service,No internet service,No internet service,No internet service,Month-to-month,Yes,Electronic check,28.22,264.29,No
4046-5069,Male,0,Yes,No,54,Yes,Yes,No,No internet service,No internet service,No internet service,No internet service,No internet service,No internet service,One year,No,Electronic check,32.91,1939.7,No
4047-3234,Male,0,Yes,No,68,Yes,No,DSL,No,No,Yes,No,No,Yes,Month-to-month,Yes,Bank transfer (automatic),69.93,4665.13,No
4048-4021,Female,0,No,Yes,9,Yes,No,Fiber optic,No,No,No,Yes,No,No,Two year,Yes,Electronic check,88.83,771.18,Yes
4049-5108,Female,0,Yes,No,52,Yes,Yes,Fiber optic,No,No,No,No,No,No,Two year,No,Mailed check,84.99,4410.8,Yes
4050-3913,Male,0,Yes,No,7,Yes,Yes,Fiber optic,No,No,No,Yes,No,No,Month-to-month,No,Electronic check,71.83,514.49,No
4051-4546,Male,0,No,No,57,Yes,Yes,Fiber optic,No,No,Yes,Yes,Yes,No,Two year,Yes,Electronic check,89.18,5170.28,No
4052-7882,Male,0,No,Yes,65,Yes,No,Fiber optic,No,No,No,No,No,Yes,Two year,Yes,Mailed check,93.05,6074.54,No
4053-8291,Male,0,Yes,Yes,33,Yes,Yes,Fiber optic,No,No,No,Yes,Yes,Yes,One year,No,Bank transfer (automatic),85.18,2763.21,No
4054-1052,Male,0,No,Yes,7,Yes,No,DSL,Yes,No,Yes,Yes,Yes,No,One year,Yes,Electronic check,65.74,402.42,No
4055-4400,Female,0,No,No,14,Yes,No,Fiber optic,No,Yes,No,Yes,No,Yes,Month-to-month,Yes,Bank transfer (automatic),104.9,1403.78,Yes
4056-8621,Female,0,No,No,37,Yes,Yes,Fiber optic,No,No,Yes,No,No,Yes,Month-to-month,Yes,Electronic check,80.34,3143.5,Yes
4057-5773,Male,1,Yes,Yes,58,Yes,Yes,DSL,No,No,No,No,No,No,Month-to-month,No,Electronic check,60.22,3485.99,No
4058-2847,Female,0,No,No,37,Yes,No,Fiber optic,Yes,No,No,No,No,No,Month-to-month,Yes,Credit card (automatic),108.02,4014.28,Yes
4059-6341,Male,0,Yes,No,34,No,No phone service,DSL,No,Yes,No,No,No,Yes,Month-to-month,Yes,Mailed check,40.78,1384.36,No
4060-2304,Female,0,No,Yes,43,Yes,Yes,Fiber optic,Yes,Yes,No,No,No,No,Month-to-month,Yes,Credit card (automatic),82.82,3405.1,No
4061-1196,Female,1,No,Yes,70,Yes,No,DSL,No,Yes,No,No,No,No,Month-to-month,No,Electronic check,47.92,3484.38,No
4062-6691,Female,0,No,Yes,57,Yes,Yes,Fiber optic,No,No,No,No,No,No,Month-to-month,No,Mailed check,90.1,5048.25,No
4063-5635,Male,0,No,Yes,11,Yes,Yes,Fiber optic,Yes,No,No,No,No,No,Month-to-month,Yes,Bank transfer (automatic),87.8,953.05,No
4064-7807,Female,0,No,No,14,Yes,No,Fiber optic,Yes,No,No,Yes,No,Yes,Month-to-month,Yes,Bank transfer (automatic),108.8,1542.06,No
4065-4103,Female,0,Yes,No,25,Yes,No,Fiber optic,Yes,No,Yes,Yes,No,No,Month-to-month,No,Bank transfer (automatic),89.62,2129.74,No
4066-8687,Male,0,Yes,No,19,Yes,Yes,Fiber optic,Yes,Yes,No,Yes,No,No,Two year,Yes,Electronic check,81.3,1517.88,No
4067-4791,Female,0,Yes,No,53,Yes,No,No,No internet service,No internet service,No internet service,No internet service,No internet service,No internet service,Month-to-month,Yes,Bank transfer (automatic),28.35,1523.0,No
4068-7641,Male,0,No,No,72,Yes,No,Fiber optic,No,Yes,No,No,No,No,One year,Yes,Bank transfer (automatic),86.13,6356.62,No
4069-1902,Male,0,Yes,Yes,41,Yes,Yes,Fiber optic,Yes,Yes,No,No,No,No,Month-to-month,Yes,Bank transfer (automatic),89.71,3558.77,No
4070-1874,Female,0,No,Yes,64,Yes,No,No,No internet service,No internet service,No internet service,No internet service,No internet service,No internet service,Two year,Yes,Electronic check,33.05,2175.77,No
4071-8044,Male,0,No,Yes,31,Yes,No,Fiber optic,Yes,Yes,No,Yes,No,Yes,Month-to-month,Yes,Credit card (automatic),91.09,2911.85,Yes
4072-8505,Female,0,No,No,50,Yes,No,Fiber optic,No,Yes,No,No,No,No,Two year,Yes,Bank transfer (automatic),69.47,3379.17,No
4073-9480,Female,0,Yes,No,51,Yes,Yes,Fiber optic,No,No,No,No,No,Yes,Two year,No,Electronic check,85.11,4364.32,No
4074-3921,Male,0,No,No,21,Yes,Yes,DSL,Yes,No,No,No,No,Yes,Two year,Yes,Bank transfer (automatic),71.76,1599.95,No
4075-1200,Female,0,No,No,53,Yes,No,DSL,No,No,Yes,Yes,No,Yes,Two year,No,Electronic check,81.91,4451.97,No
4076-9818,Female,0,No,Yes,39,Yes,No,Fiber optic,No,No,Yes,Yes,No,No,Two year,Yes,Electronic check,94.23,3582.47,No
4077-6411,Female,1,No,No,42,Yes,No,Fiber optic,Yes,Yes,Yes,No,No,Yes,Two year,Yes,Electronic check,91.55,3856.88,No
4078-3223,Male,0,Yes,No,18,Yes,No,Fiber optic,No,Yes,Yes,No,No,No,Month-to-month,No,Bank transfer (automatic),95.6,1885.57,No
4079-7873,Female,0,Yes,No,23,No,No phone service,DSL,No,No,Yes,No,Yes,No,Month-to-month,No,Mailed check,44.11,935.77,No
4080-9134,Female,0,No,No,62,Yes,Yes,No,No internet service,No internet service,No internet service,No internet service,No internet service,No internet service,One year,Yes,Bank transfer (automatic),32.92,2127.88,No
4081-3562,Male,1,No,Yes,45,Yes,No,Fiber optic,Yes,No,Yes,No,No,No,Month-to-month,Yes,Credit card (automatic),94.58,4364.33,No
4082-7926,Female,0,No,No,9,Yes,No,Fiber optic,Yes,Yes,No,No,Yes,No,Month-to-month,Yes,Credit card (automatic),77.83,848.06,No
4083-8087,Female,0,No,No,39,Yes,Yes,DSL,No,Yes,Yes,No,No,Yes,Two year,No,Credit card (automatic),60.43,2259.7,No
4084-5514,Female,0,No,No,45,Yes,Yes,Fiber optic,No,Yes,No,Yes,No,Yes,Month-to-month,Yes,Electronic check,80.07,3579.88,No
4085-6690,Male,0,No,Yes,58,Yes,Yes,DSL,Yes,Yes,No,No,Yes,Yes,Month-to-month,Yes,Bank transfer (automatic),79.29,4663.72,No
4086-3425,Male,0,No,Yes,62,Yes,Yes,Fiber optic,No,Yes,No,Yes,No,Yes,Month-to-month,No,Mailed check,102.07,6372.34,No
4087-9361,Male,0,No,No,47,Yes,Yes,No,No internet service,No internet service,No internet service,No internet service,No internet service,No internet service,Month-to-month,Yes,Electronic check,35.16,1491.63,No
4088-9846,Female,0,Yes,No,0,Yes,Yes,Fiber optic,No,No,No,No,No,Yes,Month-to-month,Yes,Bank transfer (automatic),83.22,,Yes
4089-9828,Male,0,Yes,Yes,36,Yes,No,No,No internet service,No internet service,No internet service,No internet service,No internet service,No internet service,One year,No,Credit card (automatic),30.41,1035.68,No
4090-7633,Male,1,Yes,Yes,15,No,No phone service,Fiber optic,No,Yes,Yes,No,Yes,No,One year,Yes,Bank transfer (automatic),71.96,992.94,Yes
4091-1381,Male,0,Yes,No,1,No,No phone service,DSL,Yes,Yes,Yes,No,No,No,Month-to-month,Yes,Mailed check,52.65,157.85,No
4092-4297,Female,1,No,No,67,Yes,No,No,No internet service,No internet service,No internet service,No internet service,No internet service,No internet service,Month-to-month,Yes,Bank transfer (automatic),31.54,2081.73,No
4093-5003,Male,1,No,No,12,No,No phone service,No,No internet service,No internet service,No internet service,No internet service,No internet service,No internet service,Month-to-month,Yes,Electronic check,18.25,366.49,No
4094-9637,Female,1,Yes,Yes,17,Yes,No,Fiber optic,No,No,No,Yes,No,No,Two year,Yes,Bank transfer (automatic),78.07,1312.77,No
4095-5922,Male,0,Yes,No,24,Yes,No,DSL,Yes,No,No,No,No,Yes,One year,No,Electronic check,77.48,1859.49,No
4096-5824,Male,0,No,No,33,Yes,No,Fiber optic,Yes,No,No,No,No,No,Month-to-month,No,Electronic check,70.47,2301.66,No
4097-2320,Female,0,No,No,43,Yes,No,DSL,Yes,Yes,No,No,No,Yes,Two year,No,Electronic check,78.76,3285.54,No
4098-8142,Female,0,No,No,22,Yes,No,No,No internet service,No internet service,No internet service,No internet service,No internet service,No internet service,Month-to-month,Yes,Credit card (automatic),27.87,670.43,No
4099-4026,Male,0,Yes,No,57,Yes,Yes,Fiber optic,No,Yes,No,No,No,No,Month-to-month,Yes,Electronic check,84.19,4874.82,No
4100-1826,Female,0,Yes,Yes,11,Yes,No,DSL,Yes,No,No,Yes,No,No,Two year,No,Mailed check,60.12,721.4,No
4101-9887,Male,0,No,No,70,Yes,Yes,DSL,No,Yes,No,No,Yes,No,Month-to-month,Yes,Bank transfer (automatic),60.54,4287.59,No
4102-2710,Male,0,No,No,62,Yes,No,DSL,No,Yes,Yes,No,No,No,One year,Yes,Mailed check,54.03,3449.13,No
4103-1146,Female,0,No,No,43,Yes,No,Fiber optic,No,Yes,No,Yes,No,Yes,Month-to-month,Yes,Electronic check,89.77,3822.3,Yes
4104-1700,Male,0,No,No,3,Yes,No,DSL,No,Yes,Yes,No,No,No,Month-to-month,Yes,Electronic check,50.06,242.12,Yes
4105-5072,Male,0,Yes,Yes,53,Yes,No,Fiber optic,No,No,Yes,Yes,Yes,No,Month-to-month,Yes,Electronic check,76.58,4118.8,No
4106-1926,Female,0,Yes,No,51,Yes,No,Fiber optic,No,No,No,No,Yes,Yes,Month-to-month,No,Electronic check,90.98,4631.29,Yes
4107-8583,Female,0,Yes,No,45,Yes,No,Fiber optic,Yes,No,Yes,No,Yes,Yes,Month-to-month,Yes,Credit card (automatic),85.55,3803.56,No
4108-5611,Female,0,Yes,Yes,20,No,No phone service,Fiber optic,No,No,No,No,No,No,One year,Yes,Mailed check,61.42,1205.89,No
4109-3914,Female,0,Yes,No,31,Yes,No,DSL,No,Yes,No,No,Yes,No,Month-to-month,No,Electronic check,57.04,1668.66,No
4110-1028,Male,0,Yes,No,30,Yes,No,DSL,No,No,No,No,Yes,No,Two year,Yes,Mailed check,63.09,1950.09,No
4111-5317,Male,0,Yes,No,44,No,No phone service,DSL,No,No,Yes,No,Yes,Yes,Two year,No,Bank transfer (automatic),57.41,2548.75,No
4112-2361,Male,0,No,No,24,Yes,Yes,No,No internet service,No internet service,No internet service,No internet service,No internet service,No internet service,Two year,Yes,Credit card (automatic),33.23,796.54,No
4113-9801,Female,1,Yes,Yes,29,Yes,No,Fiber optic,No,No,No,No,Yes,Yes,One year,No,Mailed check,90.1,2637.29,No
4114-3619,Male,1,No,No,66,Yes,Yes,DSL,Yes,No,Yes,No,Yes,No,Two year,No,Bank transfer (automatic),58.14,3962.4,No
4115-5273,Male,0,Yes,Yes,33,Yes,Yes,Fiber optic,No,No,Yes,Yes,No,No,One year,No,Credit card (automatic),67.39,2237.73,No
4116-1167,Male,0,Yes,No,43,Yes,No,DSL,No,No,Yes,No,No,No,Month-to-month,Yes,Mailed check,52.28,2333.17,No
4117-2178,Female,0,Yes,No,66,Yes,No,Fiber optic,No,Yes,Yes,No,No,Yes,Month-to-month,No,Mailed check,86.45,5782.23,No
4118-2867,Male,0,Yes,No,68,Yes,No,DSL,No,No,No,No,No,No,Month-to-month,Yes,Bank transfer (automatic),62.2,4181.22,No
4119-1465,Male,0,Yes,Yes,41,Yes,Yes,No,No internet service,No internet service,No internet service,No internet service,No internet service,No internet service,Two year,Yes,Credit card (automatic),26.89,1193.01,No
4120-7533,Female,1,No,No,19,Yes,Yes,Fiber optic,No,No,No,Yes,No,Yes,Two year,Yes,Mailed check,74.36,1442.39,No
4121-9507,Male,0,No,No,7,Yes,Yes,Fiber optic,Yes,No,No,Yes,No,No,Month-to-month,No,Credit card (automatic),90.49,668.97,No
4122-9867,Female,0,Yes,No,62,Yes,Yes,DSL,No,Yes,Yes,No,Yes,Yes,One year,Yes,Bank transfer (automatic),68.17,4210.24,No
4123-3392,Male,0,Yes,No,38,No,No phone service,DSL,No,No,Yes,No,Yes,Yes,Two year,No,Electronic check,64.67,2331.66,No
4124-8097,Male,1,Yes,No,41,Yes,Yes,DSL,No,Yes,Yes,No,No,No,One year,No,Bank transfer (automatic),61.86,2362.32,No
4125-5536,Male,0,No,No,69,Yes,Yes,No,No internet service,No internet service,No internet service,No internet service,No internet service,No internet service,Month-to-month,Yes,Credit card (automatic),33.35,2195.07,No
4126-1412,Male,0,Yes,Yes,27,Yes,Yes,No,No internet service,No internet service,No internet service,No internet service,No internet service,No internet service,Month-to-month,Yes,Electronic check,31.31,876.23,No
4127-1816,Female,0,Yes,Yes,7,Yes,Yes,DSL,Yes,Yes,No,Yes,No,No,Month-to-month,Yes,Mailed check,65.33,406.54,No
4128-5929,Male,0,No,Yes,49,Yes,No,No,No internet service,No internet service,No internet service,No internet service,No internet service,No internet service,Month-to-month,Yes,Electronic check,27.35,1261.16,No
4129-4812,Female,0,No,No,70,Yes,No,Fiber optic,No,No,No,No,Yes,No,Month-to-month,Yes,Bank transfer (automatic),73.79,5169.56,No
4130-1075,Male,1,No,No,12,Yes,No,No,No internet service,No internet service,No internet service,No internet service,No internet service,No internet service,Month-to-month,Yes,Electronic check,32.64,338.34,No
4131-9370,Female,0,Yes,Yes,72,Yes,Yes,No,No internet service,No internet service,No internet service,No internet service,No internet service,No internet service,One year,Yes,Credit card (automatic),27.8,2085.33,No
4132-7572,Female,0,Yes,Yes,39,No,No phone service,No,No internet service,No internet service,No internet service,No internet service,No internet service,No internet service,Month-to-month,Yes,Mailed check,18.25,806.14,No
4133-5521,Male,0,Yes,No,40,Yes,No,Fiber optic,No,Yes,No,No,Yes,No,One year,Yes,Mailed check,72.03,2968.26,No
4134-9881,Female,0,No,No,70,Yes,No,Fiber optic,No,No,Yes,No,No,No,Two year,Yes,Electronic check,58.76,4159.48,No
4135-9739,Male,1,No,No,24,Yes,No,Fiber optic,No,No,No,Yes,No,No,Two year,Yes,Bank transfer (automatic),81.34,1873.5,No
4136-9764,Male,0,Yes,No,54,Yes,No,DSL,No,No,No,No,No,No,Two year,Yes,Mailed check,55.41,3006.35,No
4137-3329,Female,0,No,No,0,Yes,No,Fiber optic,No,Yes,Yes,Yes,No,Yes,One year,Yes,Credit card (automatic),85.04,,No
4138-8927,Female,0,Yes,No,49,Yes,No,No,No internet service,No internet service,No internet service,No internet service,No internet service,No internet service,Month-to-month,No,Bank transfer (automatic),35.38,1770.77,No
4139-5540,Male,0,No,No,1,Yes,No,DSL,No,No,No,No,Yes,No,One year,Yes,Electronic check,67.05,60.33,Yes
4140-7533,Male,1,Yes,No,0,Yes,Yes,Fiber optic,Yes,Yes,No,Yes,No,No,One year,No,Credit card (automatic),89.79,,Yes
4141-8734,Female,0,Yes,No,28,Yes,Yes,DSL,No,No,Yes,No,Yes,Yes,Month-to-month,Yes,Credit card (automatic),58.91,1643.68,No
4142-2469,Male,0,Yes,Yes,27,Yes,No,Fiber optic,No,No,Yes,Yes,No,No,Two year,No,Electronic check,81.48,2294.06,No
4143-5033,Male,1,No,No,57,Yes,Yes,DSL,No,No,No,Yes,No,No,Month-to-month,Yes,Electronic check,50.57,2794.56,No
4144-2159,Female,0,Yes,No,65,No,No phone service,No,No internet service,No internet service,No internet service,No internet service,No internet service,No internet service,Two year,No,Mailed check,18.25,1195.22,No
4145-3515,Male,0,Yes,Yes,68,Yes,No,No,No internet service,No internet service,No internet service,No internet service,No internet service,No internet service,One year,Yes,Bank transfer (automatic),37.83,2583.23,No
4146-4721,Male,0,No,No,45,Yes,No,DSL,No,No,No,No,No,Yes,Month-to-month,Yes,Mailed check,65.63,2889.74,No
4147-8698,Female,0,No,No,11,Yes,No,DSL,No,No,Yes,No,No,No,Two year,No,Mailed check,52.75,524.85,No
4148-8763,Male,0,No,No,48,Yes,Yes,DSL,No,No,No,No,Yes,Yes,Month-to-month,Yes,Electronic check,58.0,2723.98,No
4149-4508,Male,0,No,No,35,Yes,No,DSL,No,Yes,No,No,No,Yes,Month-to-month,Yes,Mailed check,65.12,2333.41,No
4150-3962,Male,0,No,No,38,Yes,Yes,Fiber optic,No,No,Yes,No,Yes,No,Two year,No,Credit card (automatic),87.61,3250.85,No
4151-5775,Female,0,No,No,36,Yes,No,DSL,No,No,No,Yes,No,Yes,Month-to-month,Yes,Electronic check,62.86,2174.95,No
4152-9205,Female,0,Yes,No,64,Yes,Yes,Fiber optic,No,No,Yes,No,Yes,Yes,Month-to-month,Yes,Mailed check,107.67,6796.51,Yes
4153-9787,Female,0,Yes,Yes,27,Yes,No,DSL,No,No,Yes,No,Yes,Yes,Month-to-month,Yes,Electronic check,75.56,2040.08,No
4154-3040,Male,0,Yes,Yes,70,Yes,No,DSL,Yes,Yes,Yes,No,No,No,Month-to-month,Yes,Mailed check,61.7,4216.37,No
4155-2678,Male,0,Yes,No,39,No,No phone service,No,No internet service,No internet service,No internet service,No internet service,No internet service,No internet service,Two year,No,Electronic check,18.25,675.06,No
4156-7360,Female,0,Yes,No,50,Yes,No,No,No internet service,No internet service,No internet service,No internet service,No internet service,No internet service,Month-to-month,Yes,Credit card (automatic),33.22,1692.32,No
4157-3712,Male,0,Yes,No,67,Yes,No,DSL,Yes,No,No,No,No,No,Month-to-month,No,Credit card (automatic),65.02,4418.84,No
4158-2797,Male,0,Yes,No,59,Yes,Yes,Fiber optic,No,Yes,No,Yes,No,No,Two year,Yes,Mailed check,68.91,4219.91,No
4159-1279,Female,0,No,Yes,32,Yes,No,DSL,No,Yes,No,Yes,Yes,No,One year,Yes,Mailed check,57.29,1810.53,No
4160-4628,Female,0,No,No,14,Yes,Yes,No,No internet service,No internet service,No internet service,No internet service,No internet service,No internet service,Month-to-month,Yes,Electronic check,26.89,431.29,Yes
4161-4526,Female,0,No,No,10,Yes,No,No,No internet service,No internet service,No internet service,No internet service,No internet service,No internet service,Two year,No,Electronic check,31.05,334.37,No
4162-6066,Male,0,No,No,26,Yes,Yes,Fiber optic,Yes,Yes,Yes,No,Yes,No,Two year,Yes,Electronic check,74.38,1900.97,No
4163-2801,Female,0,Yes,No,48,Yes,No,Fiber optic,No,Yes,No,No,No,Yes,One year,Yes,Credit card (automatic),88.33,4182.23,No
4164-7428,Male,0,Yes,No,58,Yes,No,No,No internet service,No internet service,No internet service,No internet service,No internet service,No internet service,Month-to-month,No,Mailed check,30.61,1799.32,No
4165-7119,Male,0,Yes,No,2,Yes,Yes,DSL,No,No,Yes,No,No,Yes,Month-to-month,No,Credit card (automatic),59.08,165.95,Yes
4166-5160,Male,0,No,No,33,Yes,Yes,Fiber optic,Yes,No,No,No,No,No,One year,No,Electronic check,101.48,3325.38,No
4167-2631,Female,0,Yes,Yes,68,Yes,No,DSL,No,Yes,No,No,Yes,Yes,Month-to-month,Yes,Bank transfer (automatic),67.36,4569.83,No
4168-5562,Male,0,No,Yes,60,Yes,Yes,DSL,No,Yes,No,Yes,No,Yes,Two year,No,Mailed check,57.84,3583.98,No
4169-7072,Female,0,Yes,Yes,68,No,No phone service,Fiber optic,No,Yes,No,No,Yes,No,Month-to-month,No,Mailed check,84.59,5886.89,No
4170-4354,Female,0,No,No,69,Yes,No,DSL,No,Yes,Yes,Yes,Yes,Yes,Month-to-month,Yes,Credit card (automatic),81.29,5579.54,No
4171-3371,Female,0,No,No,6,Yes,Yes,DSL,No,Yes,Yes,No,Yes,No,Two year,Yes,Electronic check,69.64,441.71,No
4172-5558,Male,0,Yes,No,49,Yes,No,DSL,Yes,Yes,Yes,Yes,Yes,Yes,One year,Yes,Mailed check,70.4,3517.32,No
4173-4196,Male,1,No,No,40,No,No phone service,No,No internet service,No internet service,No internet service,No internet service,No internet service,No internet service,Month-to-month,Yes,Credit card (automatic),18.25,726.3,No
4174-4604,Female,0,No,Yes,34,Yes,No,DSL,No,No,No,No,No,No,Month-to-month,No,Electronic check,63.46,2113.34,No
4175-4139,Female,0,No,Yes,58,Yes,Yes,Fiber optic,No,Yes,No,No,No,No,Month-to-month,Yes,Bank transfer (automatic),68.51,3993.31,Yes
4176-3730,Male,0,No,No,68,No,No phone service,DSL,No,Yes,Yes,No,Yes,No,One year,Yes,Credit card (automatic),59.29,4094.29,No
4177-7450,Male,0,Yes,No,33,Yes,Yes,No,No internet service,No internet service,No internet service,No internet service,No internet service,No internet service,Month-to-month,Yes,Electronic check,28.05,952.72,No
4178-5141,Female,0,Yes,No,47,Yes,No,DSL,No,No,Yes,No,No,No,Two year,Yes,Electronic check,55.73,2623.7,No
4179-5198,Female,0,No,No,34,Yes,Yes,Fiber optic,Yes,No,Yes,Yes,Yes,No,Month-to-month,No,Credit card (automatic),88.17,2896.42,No
4180-6877,Male,0,Yes,No,46,Yes,Yes,Fiber optic,Yes,Yes,No,Yes,Yes,Yes,Two year,No,Electronic check,84.48,3909.31,Yes
4181-4251,Male,0,Yes,No,70,Yes,No,Fiber optic,Yes,No,No,Yes,Yes,No,One year,Yes,Bank transfer (automatic),92.4,6431.24,No
4182-1909,Female,0,Yes,No,59,Yes,Yes,No,No internet service,No internet service,No internet service,No internet service,No internet service,No internet service,Month-to-month,Yes,Bank transfer (automatic),31.06,1862.33,No
4183-8672,Male,0,No,No,16,Yes,No,DSL,No,Yes,Yes,No,No,No,Month-to-month,No,Credit card (automatic),45.38,675.52,Yes
4184-1501,Male,0,Yes,Yes,63,No,No phone service,DSL,Yes,No,No,No,Yes,No,One year,Yes,Bank transfer (automatic),55.59,3468.58,No
4185-6146,Female,0,No,No,38,Yes,No,Fiber optic,Yes,Yes,Yes,No,No,No,Month-to-month,No,Mailed check,71.8,2875.35,No
4186-3392,Male,0,Yes,No,42,Yes,No,Fiber optic,Yes,No,Yes,No,No,Yes,Month-to-month,No,Electronic check,85.25,3602.06,No
4187-2924,Male,0,Yes,Yes,8,Yes,No,No,No internet service,No internet service,No internet service,No internet service,No internet service,No internet service,One year,Yes,Bank transfer (automatic),28.33,23.8,No
4188-1377,Female,1,Yes,Yes,32,Yes,Yes,DSL,No,No,No,No,Yes,No,Month-to-month,Yes,Bank transfer (automatic),57.57,1946.66,No
4189-9099,Female,0,Yes,No,22,No,No phone service,No,No internet service,No internet service,No internet service,No internet service,No internet service,No internet service,One year,Yes,Electronic check,18.25,292.41,No
4190-4862,Female,0,Yes,Yes,6,Yes,No,DSL,Yes,Yes,No,No,No,No,Month-to-month,Yes,Electronic check,74.16,378.48,No
4191-4083,Female,0,No,No,62,Yes,Yes,DSL,No,No,No,No,Yes,Yes,Month-to-month,Yes,Bank transfer (automatic),76.18,4716.46,No
4192-7670,Male,0,Yes,No,9,Yes,No,Fiber optic,Yes,No,No,Yes,No,No,Month-to-month,Yes,Credit card (automatic),82.01,823.71,Yes
4193-1350,Male,0,Yes,No,52,Yes,Yes,Fiber optic,Yes,No,Yes,Yes,No,No,Two year,Yes,Credit card (automatic),80.06,4185.16,No
4194-6080,Male,0,Yes,Yes,54,Yes,Yes,DSL,Yes,Yes,Yes,No,Yes,No,Two year,Yes,Credit card (automatic),77.75,4066.12,No
4195-5450,Male,0,Yes,No,44,Yes,Yes,No,No internet service,No internet service,No internet service,No internet service,No internet service,No internet service,Month-to-month,Yes,Electronic check,35.45,1597.33,No
4196-5980,Female,0,No,No,61,Yes,No,DSL,No,No,Yes,Yes,Yes,No,Month-to-month,No,Bank transfer (automatic),47.45,2858.15,No
4197-2115,Male,0,Yes,Yes,8,Yes,Yes,No,No internet service,No internet service,No internet service,No internet service,No internet service,No internet service,Two year,Yes,Mailed check,30.27,221.86,No
4198-9571,Female,0,No,No,1,Yes,No,DSL,Yes,No,Yes,No,No,Yes,Month-to-month,No,Mailed check,75.77,32.83,No
4199-3145,Female,0,Yes,Yes,62,Yes,Yes,DSL,No,Yes,No,No,No,No,Month-to-month,Yes,Electronic check,44.86,2704.51,No
4200-7105,Female,0,Yes,No,13,Yes,Yes,No,No internet service,No internet service,No internet service,No internet service,No internet service,No internet service,Month-to-month,No,Electronic check,24.43,241.66,No
4201-7723,Male,0,No,No,21,Yes,Yes,DSL,No,No,No,No,Yes,No,One year,No,Electronic check,61.7,1356.56,Yes
4202-4095,Male,0,Yes,No,50,Yes,Yes,Fiber optic,No,Yes,Yes,No,No,Yes,One year,Yes,Electronic check,99.19,4894.63,No
4203-2176,Female,0,No,No,39,Yes,Yes,No,No internet service,No internet service,No internet service,No internet service,No internet service,No internet service,One year,Yes,Mailed check,27.47,970.68,No
4204-3669,Male,0,No,No,14,Yes,Yes,DSL,No,Yes,Yes,No,Yes,No,One year,No,Credit card (automatic),61.92,808.85,No
4205-8261,Male,0,Yes,No,17,Yes,Yes,Fiber optic,No,No,No,No,No,Yes,Month-to-month,Yes,Credit card (automatic),87.96,1485.94,No
4206-9157,Female,0,No,No,61,Yes,No,Fiber optic,No,Yes,Yes,Yes,No,Yes,Two year,Yes,Credit card (automatic),100.07,6142.91,No
4207-9431,Male,0,Yes,Yes,38,Yes,Yes,DSL,Yes,No,Yes,Yes,Yes,Yes,One year,Yes,Bank transfer (automatic),77.84,2983.17,No
4208-3036,Male,0,No,No,67,Yes,Yes,DSL,Yes,No,No,Yes,No,No,Two year,Yes,Bank transfer (automatic),61.28,4091.33,No
4209-6458,Female,0,No,No,41,Yes,No,DSL,No,Yes,Yes,Yes,Yes,No,One year,Yes,Credit card (automatic),62.42,2490.6,No
4210-2359,Male,0,Yes,No,48,Yes,No,Fiber optic,No,Yes,Yes,No,No,Yes,Two year,Yes,Mailed check,87.57,4118.85,No
4211-7392,Male,0,Yes,No,24,Yes,Yes,Fiber optic,No,Yes,No,No,No,Yes,Month-to-month,No,Electronic check,100.95,2497.2,Yes
4212-4742,Male,0,No,Yes,2,Yes,No,Fiber optic,No,No,Yes,No,Yes,No,Month-to-month,Yes,Bank transfer (automatic),80.94,205.74,Yes
4213-7421,Female,0,Yes,Yes,36,Yes,No,Fiber optic,No,No,No,Yes,Yes,No,Month-to-month,No,Electronic check,79.11,2890.1,No
4214-7165,Female,0,No,Yes,53,No,No phone service,Fiber optic,Yes,No,No,Yes,No,No,Month-to-month,Yes,Credit card (automatic),71.1,3788.28,No
4215-9934,Male,0,Yes,No,29,Yes,No,No,No internet service,No internet service,No internet service,No internet service,No internet service,No internet service,Two year,No,Credit card (automatic),26.88,808.63,No
4216-5397,Female,0,Yes,Yes,62,Yes,No,Fiber optic,No,Yes,Yes,No,Yes,No,Month-to-month,No,Mailed check,94.94,5892.69,No
4217-4073,Female,0,No,Yes,50,No,No phone service,No,No internet service,No internet service,No internet service,No internet service,No internet service,No internet service,Month-to-month,Yes,Electronic check,18.25,851.67,No
4218-5740,Female,1,No,No,36,Yes,No,Fiber optic,No,Yes,No,No,No,Yes,Month-to-month,No,Mailed check,106.32,3969.56,Yes
4219-2465,Male,0,No,No,39,Yes,Yes,No,No internet service,No internet service,No internet service,No internet service,No internet service,No internet service,Month-to-month,Yes,Credit card (automatic),27.9,972.11,No
4220-2005,Female,0,No,No,16,Yes,No,No,No internet service,No internet service,No internet service,No internet service,No internet service,No internet service,One year,No,Bank transfer (automatic),33.57,430.34,No
4221-5671,Male,0,Yes,Yes,64,Yes,Yes,Fiber optic,No,No,Yes,No,Yes,Yes,Month-to-month,No,Electronic check,99.42,6401.62,Yes
4222-8427,Female,0,Yes,Yes,4,Yes,No,Fiber optic,No,No,No,No,Yes,No,Month-to-month,Yes,Electronic check,67.14,294.58,No
4223-5798,Female,0,Yes,No,3,Yes,No,DSL,Yes,Yes,No,Yes,No,No,Month-to-month,No,Bank transfer (automatic),62.45,347.55,Yes
4224-8036,Female,0,Yes,No,57,Yes,No,Fiber optic,Yes,No,Yes,No,Yes,No,Two year,No,Mailed check,82.12,4704.37,No
4225-2601,Male,0,Yes,No,1,Yes,Yes,Fiber optic,No,No,No,No,No,No,Month-to-month,No,Electronic check,80.88,89.44,Yes
4226-5044,Female,0,No,No,37,Yes,No,Fiber optic,Yes,No,Yes,No,Yes,Yes,Month-to-month,Yes,Bank transfer (automatic),91.33,3460.55,No
4227-6517,Female,0,Yes,No,13,Yes,No,DSL,No,No,No,No,Yes,No,Month-to-month,Yes,Mailed check,58.91,962.91,No
4228-4128,Male,0,Yes,No,49,Yes,Yes,No,No internet service,No internet service,No internet service,No internet service,No internet service,No internet service,Month-to-month,Yes,Credit card (automatic),26.63,1352.75,No
4229-1127,Male,1,No,No,8,No,No phone service,DSL,Yes,Yes,No,No,Yes,Yes,One year,Yes,Mailed check,59.24,369.34,No
4230-1660,Female,0,Yes,Yes,19,Yes,No,No,No internet service,No internet service,No internet service,No internet service,No internet service,No internet service,Month-to-month,Yes,Credit card (automatic),28.31,708.2,No
4231-9348,Female,0,No,No,38,Yes,No,No,No internet service,No internet service,No internet service,No internet service,No internet service,No internet service,Month-to-month,No,Bank transfer (automatic),29.28,1122.22,No
4232-6445,Male,0,Yes,No,27,Yes,Yes,DSL,No,No,Yes,No,No,Yes,Month-to-month,Yes,Credit card (automatic),78.7,2139.93,Yes
4233-3380,Female,0,Yes,Yes,14,Yes,Yes,Fiber optic,No,No,No,No,No,Yes,Two year,No,Bank transfer (automatic),72.64,842.21,No
4234-3329,Female,0,No,No,4,Yes,No,Fiber optic,No,No,No,No,Yes,No,One year,No,Credit card (automatic),79.0,256.57,No
4235-1356,Female,0,No,No,1,No,No phone service,No,No internet service,No internet service,No internet service,No internet service,No internet service,No internet service,Month-to-month,Yes,Credit card (automatic),18.25,0.0,No
4236-9502,Male,0,No,No,14,Yes,Yes,No,No internet service,No internet service,No internet service,No internet service,No internet service,No internet service,Month-to-month,Yes,Electronic check,34.55,445.79,No
4237-1974,Female,0,Yes,No,20,Yes,No,Fiber optic,No,No,Yes,No,No,Yes,One year,No,Credit card (automatic),83.54,1738.22,No
4238-7834,Female,0,Yes,No,8,No,No phone service,No,No internet service,No internet service,No internet service,No internet service,No internet service,No internet service,Month-to-month,No,Mailed check,18.25,0.0,No
4239-3162,Female,0,No,No,37,Yes,Yes,DSL,No,Yes,No,No,No,Yes,Month-to-month,No,Bank transfer (automatic),53.66,1813.91,No
4240-4020,Male,0,Yes,No,64,Yes,Yes,DSL,No,Yes,Yes,No,No,Yes,Month-to-month,Yes,Mailed check,52.82,3501.58,No
4241-3464,Male,1,No,No,52,Yes,Yes,Fiber optic,No,Yes,Yes,No,Yes,No,Month-to-month,Yes,Mailed check,70.42,3700.67,No
4242-8419,Male,0,Yes,Yes,22,Yes,No,Fiber optic,No,No,No,No,No,Yes,Month-to-month,No,Mailed check,82.94,1813.68,Yes
4243-1295,Female,1,Yes,Yes,32,Yes,No,DSL,No,Yes,No,No,No,Yes,Month-to-month,No,Electronic check,61.65,2021.33,No
4244-4170,Female,1,Yes,Yes,56,Yes,No,Fiber optic,No,Yes,No,No,Yes,Yes,One year,Yes,Mailed check,95.95,5349.31,No
4245-3513,Female,0,No,Yes,70,Yes,No,DSL,Yes,Yes,No,No,Yes,No,Two year,Yes,Bank transfer (automatic),83.58,5765.47,No
4246-3456,Male,0,Yes,No,40,Yes,Yes,DSL,No,No,No,No,Yes,Yes,One year,Yes,Credit card (automatic),79.21,3064.09,No
4247-2736,Male,0,No,No,14,Yes,No,No,No internet service,No internet service,No internet service,No internet service,No internet service,No internet service,Two year,No,Mailed check,33.49,471.99,No
4248-9211,Female,0,Yes,No,63,Yes,Yes,Fiber optic,No,No,No,No,No,No,One year,Yes,Credit card (automatic),82.18,5181.87,No
4249-4407,Male,0,Yes,No,37,Yes,No,Fiber optic,Yes,No,Yes,Yes,Yes,No,One year,Yes,Electronic check,92.26,3345.07,Yes
4250-4763,Male,0,Yes,Yes,2,No,No phone service,Fiber optic,No,No,No,Yes,Yes,No,Two year,No,Credit card (automatic),92.35,247.69,No
4251-4466,Male,0,No,No,18,Yes,No,Fiber optic,Yes,Yes,No,No,No,No,Two year,No,Electronic check,87.58,1637.2,No
4252-9820,Female,1,No,No,38,Yes,No,DSL,No,No,No,No,Yes,No,Month-to-month,Yes,Bank transfer (automatic),69.45,2512.28,No
4253-4050,Male,0,No,Yes,58,Yes,Yes,Fiber optic,No,No,No,No,No,Yes,One year,No,Mailed check,79.03,4673.58,No
4254-4074,Female,1,Yes,Yes,62,Yes,No,No,No internet service,No internet service,No internet service,No internet service,No internet service,No internet service,Month-to-month,Yes,Electronic check,29.77,1830.37,No
4255-3950,Female,0,No,No,13,Yes,No,DSL,No,Yes,No,No,No,No,Month-to-month,No,Bank transfer (automatic),49.68,600.93,No
4256-3942,Female,0,Yes,No,52,Yes,No,DSL,No,No,Yes,No,Yes,Yes,Month-to-month,Yes,Credit card (automatic),74.79,3935.27,No
4257-1807,Male,0,No,No,70,Yes,No,Fiber optic,Yes,No,Yes,No,Yes,No,Month-to-month,Yes,Credit card (automatic),81.49,5670.35,No
4258-6437,Male,1,No,No,58,No,No phone service,Fiber optic,Yes,No,No,Yes,No,No,Two year,Yes,Electronic check,63.75,3540.73,No
4259-1226,Female,1,Yes,No,52,Yes,No,DSL,Yes,Yes,No,No,No,Yes,Two year,Yes,Credit card (automatic),52.0,2657.8,No
4260-3033,Female,1,No,No,58,Yes,No,Fiber optic,No,No,No,Yes,No,Yes,One year,No,Credit card (automatic),70.72,4035.22,No
4261-2818,Male,0,No,No,40,No,No phone service,No,No internet service,No internet service,No internet service,No internet service,No internet service,No internet service,Month-to-month,No,Bank transfer (automatic),18.25,702.89,No
4262-3623,Male,0,Yes,No,44,Yes,No,DSL,No,No,Yes,Yes,No,Yes,Month-to-month,Yes,Credit card (automatic),63.94,2844.88,No
4263-7809,Female,0,Yes,Yes,38,Yes,Yes,DSL,No,No,Yes,No,Yes,No,Month-to-month,Yes,Bank transfer (automatic),79.73,2957.62,No
4264-6394,Female,1,Yes,No,69,Yes,No,Fiber optic,Yes,Yes,No,No,No,Yes,One year,Yes,Electronic check,89.04,6244.95,No
4265-9916,Female,0,No,No,26,Yes,No,Fiber optic,No,Yes,No,No,Yes,No,Month-to-month,No,Electronic check,98.13,2557.06,Yes
4266-4160,Female,0,No,No,56,Yes,No,DSL,Yes,Yes,No,No,No,Yes,Month-to-month,Yes,Mailed check,58.63,3324.25,No
4267-9355,Male,0,Yes,No,1,Yes,Yes,Fiber optic,No,No,Yes,No,No,No,One year,No,Electronic check,70.56,25.37,No
4268-1404,Female,0,Yes,No,30,Yes,Yes,Fiber optic,No,No,No,No,No,No,Month-to-month,No,Credit card (automatic),75.88,2383.18,No
4269-5537,Male,0,Yes,No,66,Yes,Yes,Fiber optic,No,No,Yes,Yes,Yes,No,One year,No,Electronic check,88.72,5922.14,No
4270-8188,Male,0,Yes,No,17,Yes,No,Fiber optic,Yes,No,No,Yes,No,Yes,Two year,Yes,Credit card (automatic),99.15,1577.89,No
4271-5785,Male,0,Yes,No,58,Yes,Yes,DSL,No,No,No,No,Yes,No,Month-to-month,Yes,Bank transfer (automatic),74.43,4293.96,No
4272-9398,Male,0,Yes,No,36,Yes,No,DSL,No,No,No,No,Yes,No,Two year,Yes,Credit card (automatic),71.88,2776.28,No
4273-3830,Female,0,Yes,No,9,Yes,Yes,No,No internet service,No internet service,No internet service,No internet service,No internet service,No internet service,Two year,No,Electronic check,33.89,441.01,No
4274-1299,Female,0,No,No,7,Yes,No,Fiber optic,No,Yes,Yes,Yes,No,No,Month-to-month,No,Electronic check,83.6,597.87,No
4275-7964,Male,0,No,No,8,Yes,No,Fiber optic,No,Yes,Yes,Yes,Yes,Yes,Month-to-month,Yes,Electronic check,90.06,813.2,Yes
4276-1611,Male,0,Yes,No,33,Yes,No,Fiber optic,No,Yes,No,No,No,Yes,Month-to-month,No,Credit card (automatic),83.66,2729.21,No
4277-7882,Male,0,No,No,22,Yes,No,Fiber optic,No,No,No,Yes,No,No,Two year,No,Credit card (automatic),60.53,1413.27,No
4278-7600,Female,0,Yes,No,65,Yes,Yes,No,No internet service,No internet service,No internet service,No internet service,No internet service,No internet service,One year,Yes,Bank transfer (automatic),31.48,1949.88,No
4279-8597,Male,0,Yes,No,55,Yes,Yes,Fiber optic,Yes,No,No,Yes,No,No,Month-to-month,Yes,Mailed check,98.09,5273.1,No
4280-5309,Female,1,No,No,10,Yes,No,DSL,No,Yes,Yes,No,Yes,Yes,Month-to-month,No,Electronic check,71.27,886.28,Yes
4281-9058,Female,0,No,No,36,Yes,No,DSL,No,Yes,No,Yes,No,No,Month-to-month,No,Bank transfer (automatic),62.84,2308.3,Yes
4282-2528,Male,0,Yes,No,55,No,No phone service,DSL,Yes,No,No,No,No,No,Month-to-month,Yes,Bank transfer (automatic),45.42,2440.92,No
4283-4908,Female,0,Yes,No,47,Yes,Yes,DSL,No,No,Yes,No,No,Yes,Two year,Yes,Credit card (automatic),75.7,3614.79,No
4284-2096,Female,0,No,No,0,Yes,No,Fiber optic,Yes,Yes,No,No,Yes,No,Two year,Yes,Electronic check,99.12,,No
4285-7901,Female,0,Yes,No,0,Yes,No,DSL,No,No,No,No,No,No,Two year,No,Bank transfer (automatic),49.02,,No
4286-7427,Female,1,No,No,42,Yes,No,Fiber optic,No,Yes,No,No,Yes,No,Month-to-month,Yes,Electronic check,77.83,3293.62,No
4287-8256,Male,0,Yes,No,67,Yes,Yes,Fiber optic,No,No,Yes,No,No,Yes,Two year,Yes,Credit card (automatic),86.4,5849.32,No
4288-7878,Male,1,Yes,No,3,Yes,No,DSL,Yes,Yes,No,No,No,No,Month-to-month,No,Credit card (automatic),57.29,312.29,No
4289-3775,Male,0,No,No,12,Yes,No,DSL,No,No,No,No,Yes,No,Month-to-month,No,Mailed check,56.48,643.49,No
4290-1612,Female,0,No,No,13,No,No phone service,DSL,Yes,No,No,No,Yes,Yes,Month-to-month,Yes,Mailed check,37.71,335.24,Yes
4291-9362,Male,0,Yes,No,23,Yes,Yes,Fiber optic,Yes,Yes,Yes,Yes,No,Yes,One year,No,Mailed check,90.89,2020.53,No
4292-5434,Male,0,No,No,64,Yes,Yes,Fiber optic,No,No,No,No,Yes,Yes,Month-to-month,Yes,Electronic check,92.66,5866.42,No
4293-1848,Female,0,No,No,69,Yes,Yes,Fiber optic,No,No,Yes,Yes,No,No,Month-to-month,Yes,Electronic check,92.99,6376.59,No
4294-9342,Male,0,Yes,No,22,Yes,Yes,DSL,No,No,Yes,Yes,No,No,Month-to-month,Yes,Bank transfer (automatic),44.81,988.81,No
4295-9947,Male,0,Yes,Yes,53,Yes,No,No,No internet service,No internet service,No internet service,No internet service,No internet service,No internet service,Month-to-month,No,Mailed check,28.56,1531.77,No
4296-5009,Male,0,Yes,Yes,0,Yes,No,Fiber optic,Yes,No,Yes,No,Yes,No,Month-to-month,Yes,Bank transfer (automatic),89.24,,Yes
4297-7930,Male,0,No,No,37,Yes,No,Fiber optic,No,Yes,No,No,No,No,Month-to-month,No,Bank transfer (automatic),90.0,3167.45,Yes
4298-1326,Male,0,No,No,45,Yes,No,Fiber optic,No,Yes,Yes,No,No,Yes,Month-to-month,No,Electronic check,92.76,3993.17,No
4299-1839,Male,0,Yes,Yes,62,Yes,Yes,DSL,No,Yes,No,Yes,No,Yes,Month-to-month,No,Bank transfer (automatic),70.7,4348.16,No
4300-3488,Male,0,No,No,59,Yes,No,Fiber optic,Yes,Yes,No,No,No,Yes,Month-to-month,Yes,Bank transfer (automatic),90.26,5218.91,No
4301-6905,Male,0,Yes,No,4,Yes,No,Fiber optic,No,No,Yes,No,Yes,Yes,Month-to-month,Yes,Electronic check,100.42,361.84,Yes
4302-2200,Female,0,No,Yes,30,Yes,No,DSL,No,Yes,Yes,Yes,No,No,One year,No,Electronic check,53.64,1458.81,No
4303-1307,Male,0,No,Yes,5,Yes,No,DSL,No,No,No,No,No,Yes,Month-to-month,No,Credit card (automatic),65.8,453.36,Yes
4304-7018,Male,0,Yes,No,0,No,No phone service,Fiber optic,Yes,No,No,No,No,Yes,Month-to-month,Yes,Credit card (automatic),73.37,,No
4305-7930,Female,0,Yes,No,11,Yes,No,Fiber optic,No,Yes,No,Yes,No,No,Two year,Yes,Electronic check,77.42,847.76,No
4306-7652,Male,1,Yes,No,68,Yes,No,No,No internet service,No internet service,No internet service,No internet service,No internet service,No internet service,Month-to-month,Yes,Electronic check,28.22,2067.44,No
4307-8192,Male,0,No,Yes,19,Yes,No,Fiber optic,Yes,No,No,No,No,Yes,Month-to-month,No,Mailed check,84.33,1805.72,No
4308-8224,Male,0,Yes,No,53,Yes,Yes,No,No internet service,No internet service,No internet service,No internet service,No internet service,No internet service,Month-to-month,No,Credit card (automatic),30.42,1600.51,No
4309-6421,Male,0,No,Yes,51,Yes,Yes,DSL,No,No,Yes,No,Yes,Yes,Two year,No,Electronic check,67.23,3470.19,No
4310-5674,Female,0,Yes,No,63,Yes,No,Fiber optic,Yes,No,Yes,Yes,Yes,Yes,Two year,Yes,Credit card (automatic),102.28,6329.67,No
4311-8710,Male,0,Yes,Yes,38,Yes,Yes,DSL,Yes,No,No,No,No,Yes,Month-to-month,Yes,Electronic check,63.38,2356.8,No
4312-4131,Male,0,No,Yes,71,Yes,No,No,No internet service,No internet service,No internet service,No internet service,No internet service,No internet service,Month-to-month,No,Mailed check,27.16,2038.26,No
4313-1880,Female,0,Yes,No,31,Yes,Yes,Fiber optic,Yes,No,Yes,Yes,No,Yes,Month-to-month,Yes,Electronic check,106.72,3359.77,No
4314-7766,Male,1,No,No,57,Yes,Yes,Fiber optic,No,No,Yes,No,Yes,Yes,Month-to-month,Yes,Electronic check,112.34,6401.49,Yes
4315-3483,Female,0,Yes,No,57,Yes,Yes,DSL,No,Yes,Yes,Yes,No,No,Month-to-month,Yes,Electronic check,49.64,2859.88,No
4316-9808,Female,0,Yes,No,39,Yes,Yes,Fiber optic,Yes,Yes,No,No,Yes,Yes,One year,Yes,Credit card (automatic),99.13,3938.56,No
4317-4727,Male,0,Yes,No,23,Yes,Yes,Fiber optic,No,Yes,Yes,Yes,No,No,Two year,No,Credit card (automatic),92.48,2224.13,No
4318-8665,Male,0,Yes,No,11,Yes,No,DSL,Yes,Yes,No,Yes,Yes,Yes,Month-to-month,No,Electronic check,74.1,795.5,No
4319-1382,Male,1,No,Yes,6,Yes,Yes,Fiber optic,No,Yes,No,No,Yes,No,Two year,Yes,Credit card (automatic),85.17,481.43,No
4320-6932,Female,0,Yes,No,36,Yes,Yes,Fiber optic,Yes,Yes,No,No,Yes,No,Month-to-month,No,Electronic check,98.77,3568.6,Yes
4321-5033,Male,0,Yes,Yes,28,Yes,No,Fiber optic,Yes,No,Yes,Yes,Yes,No,Two year,No,Mailed check,88.91,2412.35,No
4322-5162,Female,1,Yes,Yes,15,Yes,No,Fiber optic,No,Yes,No,No,No,No,Two year,Yes,Mailed check,81.42,1189.82,No
4323-3386,Male,0,No,No,55,Yes,No,Fiber optic,No,No,Yes,No,No,Yes,One year,No,Electronic check,80.99,4519.81,No
4324-9739,Male,0,No,Yes,11,Yes,No,DSL,No,Yes,No,Yes,Yes,Yes,Two year,Yes,Bank transfer (automatic),70.59,810.58,No
4325-4534,Male,0,No,Yes,34,Yes,Yes,Fiber optic,Yes,No,Yes,No,Yes,No,One year,Yes,Mailed check,104.51,3660.66,No
4326-8653,Female,0,No,No,31,Yes,No,No,No internet service,No internet service,No internet service,No internet service,No internet service,No internet service,Two year,Yes,Credit card (automatic),33.12,991.96,No
4327-4825,Male,0,Yes,No,71,Yes,Yes,DSL,No,No,Yes,No,No,Yes,One year,Yes,Electronic check,71.97,5239.69,No
4328-1434,Female,0,Yes,Yes,7,Yes,Yes,No,No internet service,No internet service,No internet service,No internet service,No internet service,No internet service,Month-to-month,Yes,Credit card (automatic),29.39,162.43,No
4329-8913,Male,0,No,No,62,Yes,Yes,No,No internet service,No internet service,No internet service,No internet service,No internet service,No internet service,Month-to-month,Yes,Mailed check,26.28,1577.9,No
4330-2665,Female,1,Yes,No,49,Yes,No,DSL,No,No,No,No,Yes,Yes,Month-to-month,No,Credit card (automatic),77.7,3690.24,No
4331-3432,Male,0,No,Yes,57,Yes,Yes,DSL,No,No,No,No,Yes,No,Two year,Yes,Mailed check,62.57,3371.18,No
4332-8749,Female,0,No,No,56,Yes,No,Fiber optic,No,Yes,No,No,No,No,Month-to-month,Yes,Mailed check,108.73,6137.85,Yes
4333-9042,Male,1,Yes,Yes,56,Yes,No,No,No internet service,No internet service,No internet service,No internet service,No internet service,No internet service,One year,Yes,Electronic check,30.56,1715.72,No
4334-9249,Male,0,No,No,31,Yes,Yes,DSL,Yes,Yes,No,No,No,Yes,Month-to-month,Yes,Bank transfer (automatic),74.02,2337.21,No
4335-4833,Female,0,Yes,Yes,42,Yes,Yes,No,No internet service,No internet service,No internet service,No internet service,No internet service,No internet service,Month-to-month,Yes,Electronic check,26.65,1112.25,No
4336-7811,Male,0,No,Yes,26,Yes,Yes,DSL,No,Yes,No,Yes,No,Yes,Month-to-month,No,Bank transfer (automatic),65.6,1686.6,No
4337-3949,Female,0,Yes,No,65,Yes,Yes,Fiber optic,No,No,Yes,No,No,No,Month-to-month,Yes,Bank transfer (automatic),88.0,5744.22,No
4338-7662,Male,0,No,No,16,Yes,No,No,No internet service,No internet service,No internet service,No internet service,No internet service,No internet service,Month-to-month,No,Credit card (automatic),29.85,577.56,No
4339-5522,Female,0,Yes,Yes,43,No,No phone service,DSL,Yes,Yes,No,No,No,Yes,Month-to-month,Yes,Mailed check,57.73,2542.24,No
4340-1467,Female,0,No,No,15,Yes,No,Fiber optic,No,Yes,No,Yes,Yes,Yes,Month-to-month,No,Bank transfer (automatic),112.07,1815.37,Yes
4341-4759,Female,0,No,No,27,Yes,Yes,DSL,Yes,No,Yes,Yes,No,Yes,Two year,No,Mailed check,62.89,1743.96,No
4342-5209,Male,0,No,No,70,Yes,No,Fiber optic,No,No,No,No,No,Yes,Month-to-month,Yes,Mailed check,70.59,4891.9,No
4343-3316,Male,0,No,Yes,14,No,No phone service,No,No internet service,No internet service,No internet service,No internet service,No internet service,No internet service,Month-to-month,No,Mailed check,18.25,448.21,No
4344-4369,Male,0,No,Yes,64,Yes,Yes,DSL,Yes,No,Yes,Yes,No,Yes,Month-to-month,No,Bank transfer (automatic),69.78,4578.87,No
4345-5523,Female,0,No,No,59,Yes,Yes,Fiber optic,Yes,No,Yes,No,No,No,One year,No,Mailed check,75.63,4478.86,No
4346-1447,Male,0,No,Yes,26,Yes,No,No,No internet service,No internet service,No internet service,No internet service,No internet service,No internet service,Month-to-month,Yes,Electronic check,27.11,755.54,No
4347-2366,Female,0,No,No,27,Yes,No,No,No internet service,No internet service,No internet service,No internet service,No internet service,No internet service,Two year,Yes,Credit card (automatic),32.09,911.58,No
4348-7900,Female,0,No,Yes,0,No,No phone service,No,No internet service,No internet service,No internet service,No internet service,No internet service,No internet service,One year,No,Electronic check,18.25,,No
4349-4167,Female,0,No,Yes,57,Yes,No,No,No internet service,No internet service,No internet service,No internet service,No internet service,No internet service,Month-to-month,Yes,Bank transfer (automatic),28.55,1631.91,No
4350-6474,Female,0,Yes,No,48,Yes,No,DSL,No,Yes,No,No,No,No,Two year,No,Mailed check,50.33,2424.79,No
4351-6091,Male,1,No,No,71,No,No phone service,Fiber optic,Yes,Yes,No,No,Yes,Yes,One year,No,Credit card (automatic),69.41,5019.91,No
4352-5960,Male,0,Yes,Yes,21,Yes,No,Fiber optic,No,Yes,No,No,Yes,Yes,Month-to-month,Yes,Bank transfer (automatic),92.13,1917.02,Yes
4353-4720,Male,0,Yes,Yes,29,Yes,Yes,Fiber optic,No,Yes,No,No,No,Yes,Month-to-month,Yes,Mailed check,72.76,2145.12,No
4354-5349,Male,0,No,Yes,50,Yes,No,Fiber optic,No,No,Yes,No,Yes,No,One year,Yes,Mailed check,111.55,5720.78,No
4355-8414,Male,0,Yes,Yes,24,Yes,No,DSL,No,Yes,No,Yes,Yes,No,Month-to-month,No,Credit card (automatic),63.9,1552.16,No
4356-9684,Female,1,Yes,Yes,23,Yes,No,No,No internet service,No internet service,No internet service,No internet service,No internet service,No internet service,One year,No,Bank transfer (automatic),29.85,747.16,No
4357-3310,Female,0,No,No,12,Yes,No,Fiber optic,No,No,Yes,Yes,Yes,No,Month-to-month,No,Mailed check,95.63,1208.16,Yes
4358-7024,Male,0,No,Yes,72,Yes,Yes,Fiber optic,No,Yes,No,No,Yes,No,Month-to-month,No,Mailed check,81.95,5892.27,No
4359-9726,Female,0,Yes,No,34,Yes,Yes,Fiber optic,No,No,No,No,No,No,One year,No,Electronic check,89.58,3055.8,No
4360-1068,Female,0,No,No,56,Yes,No,Fiber optic,Yes,Yes,No,No,No,No,Month-to-month,No,Mailed check,78.39,4377.98,No
4361-8061,Male,0,Yes,No,47,Yes,No,Fiber optic,No,No,No,Yes,Yes,No,Two year,Yes,Credit card (automatic),100.6,4628.41,No
4362-5470,Female,0,Yes,No,43,Yes,Yes,Fiber optic,No,Yes,No,No,Yes,No,Two year,Yes,Bank transfer (automatic),71.36,3054.83,No
4363-9707,Male,0,Yes,No,22,Yes,No,No,No internet service,No internet service,No internet service,No internet service,No internet service,No internet service,Month-to-month,Yes,Bank transfer (automatic),29.3,574.08,No
4364-6203,Male,0,Yes,Yes,23,Yes,Yes,No,No internet service,No internet service,No internet service,No internet service,No internet service,No internet service,Month-to-month,Yes,Mailed check,30.71,729.6,No
4365-8542,Male,0,No,Yes,35,Yes,Yes,No,No internet service,No internet service,No internet service,No internet service,No internet service,No internet service,Month-to-month,Yes,Credit card (automatic),31.63,1201.48,No
4366-2493,Male,0,No,Yes,9,Yes,Yes,Fiber optic,No,Yes,No,No,Yes,Yes,Month-to-month,No,Credit card (automatic),90.76,976.5,No
4367-2278,Female,0,No,Yes,39,No,No phone service,No,No internet service,No internet service,No internet service,No internet service,No internet service,No internet service,Two year,Yes,Credit card (automatic),18.25,676.63,No
4368-9338,Female,0,No,No,6,No,No phone service,DSL,No,No,No,No,No,No,Two year,Yes,Electronic check,29.84,196.43,No
4369-5737,Male,0,No,No,20,Yes,Yes,Fiber optic,Yes,No,No,No,No,Yes,Month-to-month,No,Bank transfer (automatic),85.25,1664.58,No
4370-6024,Male,0,No,No,46,Yes,Yes,DSL,No,No,No,No,No,Yes,One year,Yes,Mailed check,58.89,2619.57,No
4371-2529,Female,1,Yes,No,1,Yes,No,Fiber optic,No,No,No,No,Yes,No,Month-to-month,No,Bank transfer (automatic),86.05,94.75,Yes
4372-3040,Male,0,No,No,3,Yes,No,No,No internet service,No internet service,No internet service,No internet service,No internet service,No internet service,Two year,Yes,Mailed check,34.43,0.0,No
4373-8363,Male,0,No,No,15,Yes,Yes,Fiber optic,No,No,Yes,Yes,No,No,Two year,Yes,Credit card (automatic),78.38,1236.72,No
4374-3729,Female,0,Yes,No,55,No,No phone service,Fiber optic,No,No,No,No,No,No,One year,No,Mailed check,66.88,3638.41,No
4375-6256,Male,0,Yes,No,58,Yes,Yes,Fiber optic,No,No,Yes,Yes,Yes,No,Month-to-month,Yes,Electronic check,85.2,4903.49,No
4376-3848,Male,1,Yes,Yes,0,Yes,Yes,DSL,Yes,No,No,No,Yes,Yes,Month-to-month,Yes,Credit card (automatic),71.65,,Yes
4377-3370,Male,0,Yes,No,20,Yes,No,No,No internet service,No internet service,No internet service,No internet service,No internet service,No internet service,One year,Yes,Mailed check,25.49,424.18,No
4378-2494,Male,0,No,No,4,Yes,No,DSL,No,No,No,No,No,No,One year,No,Electronic check,51.05,259.1,No
4379-9365,Male,0,No,No,1,Yes,Yes,DSL,No,No,No,No,Yes,Yes,Two year,Yes,Mailed check,70.91,95.37,No
4380-9459,Male,0,Yes,No,68,Yes,No,DSL,No,No,Yes,No,No,No,Month-to-month,Yes,Credit card (automatic),53.85,3638.36,No
4381-2036,Female,0,Yes,No,31,Yes,Yes,No,No internet service,No internet service,No internet service,No internet service,No internet service,No internet service,Month-to-month,Yes,Mailed check,27.29,856.89,No
4382-4178,Male,0,No,No,58,Yes,Yes,Fiber optic,No,No,Yes,No,No,Yes,One year,No,Electronic check,85.68,4898.55,No
4383-6074,Male,0,Yes,No,49,Yes,No,Fiber optic,No,No,Yes,No,Yes,Yes,One year,Yes,Credit card (automatic),106.06,5036.86,Yes
4384-4449,Male,0,Yes,No,32,Yes,No,Fiber optic,No,No,No,No,No,Yes,One year,Yes,Credit card (automatic),87.67,2873.99,No
4385-7488,Male,0,No,Yes,54,Yes,Yes,DSL,No,No,Yes,No,No,Yes,One year,No,Electronic check,71.28,3919.84,No
4386-3341,Female,1,No,No,18,Yes,Yes,DSL,No,Yes,No,No,No,No,Month-to-month,Yes,Bank transfer (automatic),53.84,947.98,No
4387-1529,Female,0,No,No,30,Yes,Yes,DSL,No,Yes,No,No,Yes,No,Month-to-month,Yes,Credit card (automatic),57.38,1822.1,No
4388-4032,Female,0,No,No,27,Yes,Yes,Fiber optic,No,No,No,No,Yes,Yes,Month-to-month,No,Electronic check,111.74,2917.7,Yes
4389-6380,Male,0,Yes,Yes,41,Yes,No,DSL,No,Yes,No,No,Yes,No,Two year,Yes,Credit card (automatic),77.53,3248.33,No
4390-2625,Male,1,No,Yes,15,Yes,No,Fiber optic,No,Yes,No,No,Yes,Yes,One year,No,Electronic check,95.19,1369.75,No
4391-8342,Female,0,No,Yes,54,Yes,Yes,Fiber optic,No,No,No,No,No,No,One year,Yes,Electronic check,72.73,3889.39,No
4392-1110,Male,0,No,No,61,Yes,No,Fiber optic,Yes,Yes,Yes,No,Yes,No,Month-to-month,No,Mailed check,103.61,6226.19,No
4393-1607,Female,0,Yes,No,64,Yes,No,No,No internet service,No internet service,No internet service,No internet service,No internet service,No internet service,Month-to-month,No,Electronic check,33.67,2234.73,No
4394-5579,Female,0,No,No,65,Yes,Yes,DSL,No,Yes,Yes,No,No,Yes,Two year,No,Mailed check,85.51,5636.56,No
4395-5609,Male,0,Yes,Yes,46,Yes,No,Fiber optic,Yes,Yes,No,Yes,Yes,Yes,Two year,No,Electronic check,88.02,4027.07,No
4396-3653,Female,1,Yes,Yes,58,Yes,Yes,DSL,No,Yes,No,No,Yes,No,Month-to-month,Yes,Electronic check,68.61,3955.61,No
4397-3326,Male,0,No,No,50,Yes,No,No,No internet service,No internet service,No internet service,No internet service,No internet service,No internet service,Month-to-month,Yes,Mailed check,26.14,1413.3,No
4398-1628,Male,0,No,No,69,Yes,No,No,No internet service,No internet service,No internet service,No internet service,No internet service,No internet service,Month-to-month,Yes,Mailed check,29.42,2039.36,No
4399-6965,Female,0,Yes,Yes,7,No,No phone service,DSL,Yes,No,Yes,No,No,Yes,Month-to-month,Yes,Credit card (automatic),55.03,366.35,No
4400-4410,Female,0,No,Yes,14,Yes,No,DSL,No,No,No,No,Yes,No,Two year,No,Credit card (automatic),52.84,584.06,No
4401-2067,Female,0,Yes,Yes,30,Yes,No,DSL,No,Yes,No,No,No,No,One year,No,Credit card (automatic),46.64,1499.39,No
4402-4598,Female,0,No,Yes,45,Yes,No,DSL,No,No,No,No,Yes,Yes,Month-to-month,Yes,Electronic check,83.41,3665.73,Yes
4403-9432,Male,0,Yes,Yes,64,Yes,No,DSL,No,No,Yes,No,No,No,Month-to-month,Yes,Credit card (automatic),46.86,3033.24,No
4404-3350,Male,0,Yes,No,6,Yes,No,DSL,Yes,Yes,No,No,Yes,Yes,Two year,Yes,Bank transfer (automatic),82.75,394.72,No
4405-9051,Male,0,No,Yes,11,Yes,No,DSL,Yes,Yes,No,No,No,No,Two year,Yes,Credit card (automatic),50.41,589.54,No
4406-3328,Male,0,Yes,No,62,Yes,Yes,DSL,No,Yes,Yes,Yes,No,No,Two year,Yes,Electronic check,51.22,3139.83,No
4407-2673,Male,0,No,No,22,Yes,Yes,Fiber optic,Yes,No,No,No,Yes,No,Month-to-month,Yes,Bank transfer (automatic),110.24,2360.82,No
4408-3345,Male,1,Yes,No,1,Yes,No,DSL,Yes,No,No,Yes,No,No,One year,No,Bank transfer (automatic),59.64,0.0,No
4409-3909,Male,0,No,No,49,Yes,Yes,Fiber optic,No,No,No,No,No,No,Month-to-month,No,Mailed check,71.99,3494.49,No
4410-2085,Male,0,Yes,No,64,Yes,No,No,No internet service,No internet service,No internet service,No internet service,No internet service,No internet service,Month-to-month,No,Credit card (automatic),31.03,1839.29,No
4411-6288,Male,0,No,Yes,65,Yes,No,Fiber optic,No,Yes,No,No,Yes,Yes,Month-to-month,Yes,Electronic check,93.2,6070.45,No
4412-4000,Female,0,No,No,62,Yes,No,DSL,No,Yes,No,No,No,No,Month-to-month,No,Mailed check,48.68,3046.2,No
4413-7461,Female,0,No,Yes,4,Yes,No,No,No internet service,No internet service,No internet service,No internet service,No internet service,No internet service,Two year,Yes,Mailed check,31.43,144.28,No
4414-5418,Male,0,Yes,Yes,9,Yes,Yes,DSL,Yes,Yes,No,Yes,No,Yes,One year,Yes,Bank transfer (automatic),61.89,504.98,Yes
4415-4983,Female,1,No,Yes,63,Yes,No,DSL,Yes,No,No,No,Yes,No,Month-to-month,Yes,Electronic check,61.32,3786.08,No
4416-5238,Female,0,No,No,50,Yes,No,Fiber optic,Yes,Yes,Yes,No,No,No,Two year,Yes,Mailed check,89.32,4520.15,No
4417-2406,Female,0,Yes,No,16,Yes,Yes,DSL,No,No,Yes,No,No,No,One year,Yes,Electronic check,50.52,990.27,No
4418-7415,Female,0,No,No,28,Yes,No,Fiber optic,No,No,No,No,No,No,Month-to-month,No,Electronic check,104.94,2909.38,Yes
4419-1937,Male,0,No,Yes,62,Yes,No,Fiber optic,No,Yes,Yes,No,No,No,Month-to-month,Yes,Bank transfer (automatic),71.44,4481.16,No
4420-7493,Male,0,No,No,67,Yes,Yes,Fiber optic,No,No,No,No,Yes,Yes,Two year,No,Electronic check,102.41,6828.69,No
4421-9996,Female,1,Yes,Yes,64,Yes,Yes,No,No internet service,No internet service,No internet service,No internet service,No internet service,No internet service,Month-to-month,Yes,Electronic check,33.84,2157.47,No
4422-7875,Male,0,Yes,Yes,33,Yes,Yes,Fiber optic,No,No,No,No,Yes,No,Month-to-month,No,Bank transfer (automatic),90.82,2943.86,No
4423-5097,Male,0,No,No,56,Yes,No,DSL,Yes,No,Yes,No,Yes,No,Two year,Yes,Electronic check,59.42,3370.2,No
4424-3829,Male,0,No,Yes,3,Yes,Yes,Fiber optic,Yes,No,Yes,No,No,No,Two year,No,Mailed check,81.36,87.52,Yes
4425-8851,Male,0,No,No,67,No,No phone service,Fiber optic,No,No,No,No,No,No,Two year,No,Bank transfer (automatic),67.4,4307.68,No
4426-3314,Female,0,No,No,16,Yes,No,Fiber optic,No,Yes,No,No,No,Yes,One year,No,Credit card (automatic),88.28,1392.69,No
4427-5340,Female,0,Yes,No,70,Yes,Yes,Fiber optic,No,No,No,Yes,No,Yes,Two year,Yes,Bank transfer (automatic),99.89,7077.44,No
4428-7937,Male,0,Yes,No,1,Yes,No,DSL,Yes,Yes,No,Yes,Yes,Yes,One year,Yes,Bank transfer (automatic),69.25,125.57,No
4429-9300,Male,0,No,Yes,67,Yes,Yes,No,No internet service,No internet service,No internet service,No internet service,No internet service,No internet service,Two year,No,Electronic check,28.74,1975.33,No
4430-9287,Male,0,No,Yes,38,Yes,Yes,DSL,No,No,Yes,Yes,Yes,Yes,Month-to-month,Yes,Bank transfer (automatic),70.73,2840.82,No
4431-1789,Male,0,No,No,37,Yes,Yes,No,No internet service,No internet service,No internet service,No internet service,No internet service,No internet service,Month-to-month,No,Credit card (automatic),27.5,1134.08,No
4432-9083,Male,0,No,Yes,49,Yes,No,DSL,Yes,Yes,No,Yes,No,Yes,Two year,Yes,Electronic check,70.26,3423.14,No
4433-2026,Female,0,Yes,No,33,Yes,No,Fiber optic,Yes,No,No,Yes,No,Yes,One year,Yes,Mailed check,103.96,3393.64,No
4434-6259,Male,1,Yes,No,69,Yes,Yes,Fiber optic,Yes,No,No,No,No,Yes,Two year,No,Electronic check,89.53,6036.64,No
4435-9365,Female,0,Yes,No,7,Yes,Yes,Fiber optic,Yes,Yes,No,Yes,Yes,No,One year,Yes,Electronic check,94.9,666.13,Yes
4436-6892,Female,1,No,No,47,Yes,Yes,Fiber optic,Yes,Yes,No,No,No,No,Month-to-month,Yes,Electronic check,86.24,4188.67,Yes
4437-9526,Female,0,Yes,Yes,15,Yes,Yes,Fiber optic,No,Yes,Yes,No,Yes,Yes,Month-to-month,Yes,Bank transfer (automatic),113.14,1788.54,No
4438-4098,Male,0,No,Yes,2,Yes,Yes,Fiber optic,Yes,Yes,No,No,Yes,Yes,One year,No,Mailed check,79.6,263.0,Yes
4439-3832,Female,0,Yes,Yes,47,Yes,Yes,No,No internet service,No internet service,No internet service,No internet service,No internet service,No internet service,One year,Yes,Bank transfer (automatic),32.34,1523.39,No
4440-3935,Male,0,Yes,Yes,49,Yes,No,DSL,No,No,Yes,No,Yes,No,Month-to-month,Yes,Bank transfer (automatic),61.24,2966.09,No
4441-4196,Male,0,Yes,No,9,Yes,No,Fiber optic,No,No,No,Yes,No,Yes,One year,No,Electronic check,96.89,904.53,No
4442-7144,Male,0,No,Yes,53,Yes,Yes,Fiber optic,No,No,No,No,No,No,Month-to-month,Yes,Electronic check,71.12,3834.96,No
4443-5071,Female,1,Yes,Yes,68,Yes,No,DSL,Yes,Yes,No,No,No,Yes,Two year,Yes,Electronic check,49.3,3340.17,No
4444-7636,Male,1,No,No,50,Yes,Yes,DSL,Yes,No,No,No,Yes,Yes,Two year,No,Bank transfer (automatic),78.79,3997.0,No
4445-4745,Female,0,No,No,16,Yes,Yes,DSL,No,No,No,Yes,No,No,One year,Yes,Credit card (automatic),56.77,864.8,No
4446-3769,Male,0,Yes,Yes,6,Yes,Yes,DSL,No,Yes,No,No,Yes,Yes,Month-to-month,No,Mailed check,87.59,532.35,No
4447-2710,Male,0,No,No,6,Yes,Yes,Fiber optic,No,No,No,No,Yes,No,Two year,No,Credit card (automatic),87.67,481.18,No
4448-5958,Female,0,Yes,No,45,Yes,No,Fiber optic,No,No,Yes,No,No,No,Two year,No,Mailed check,87.53,3947.76,No
4449-9084,Female,0,Yes,No,17,Yes,Yes,DSL,Yes,Yes,No,Yes,Yes,No,Month-to-month,No,Mailed check,57.97,1006.68,No
4450-8729,Female,0,Yes,No,27,Yes,No,Fiber optic,No,No,No,No,No,Yes,Two year,No,Credit card (automatic),68.46,1848.06,No
4451-3279,Male,0,No,No,3,Yes,No,DSL,No,Yes,Yes,No,No,Yes,Month-to-month,Yes,Electronic check,50.52,87.91,No
4452-5298,Male,0,No,Yes,32,Yes,No,No,No internet service,No internet service,No internet service,No internet service,No internet service,No internet service,Month-to-month,Yes,Electronic check,27.09,754.74,No
4453-7346,Female,0,Yes,No,12,Yes,Yes,Fiber optic,No,Yes,No,No,No,No,Two year,Yes,Electronic check,83.23,1152.71,No
4454-6511,Male,1,No,Yes,31,Yes,Yes,DSL,No,Yes,No,Yes,No,Yes,Month-to-month,No,Bank transfer (automatic),57.75,1847.44,No
4455-1604,Female,0,No,No,42,Yes,No,DSL,No,No,No,No,No,No,Month-to-month,Yes,Electronic check,57.23,2388.18,No
4456-6318,Male,0,No,No,70,Yes,No,No,No internet service,No internet service,No internet service,No internet service,No internet service,No internet service,Month-to-month,No,Electronic check,32.73,2371.45,No
4457-1348,Female,0,No,Yes,21,Yes,No,Fiber optic,No,Yes,Yes,No,No,Yes,One year,Yes,Credit card (automatic),68.13,1434.05,No
4458-2048,Female,0,No,No,23,Yes,Yes,Fiber optic,No,Yes,Yes,Yes,No,Yes,One year,Yes,Electronic check,77.99,1906.32,Yes
4459-6882,Male,0,No,No,58,Yes,No,Fiber optic,No,No,Yes,No,No,Yes,Month-to-month,No,Bank transfer (automatic),89.3,5128.38,No
4460-1922,Female,0,Yes,Yes,69,Yes,No,Fiber optic,No,No,No,No,Yes,Yes,Two year,Yes,Bank transfer (automatic),100.38,6839.71,No
4461-4050,Female,1,No,No,29,Yes,Yes,No,No internet service,No internet service,No internet service,No internet service,No internet service,No internet service,Month-to-month,Yes,Bank transfer (automatic),32.92,859.24,No
4462-6295,Male,0,Yes,No,25,Yes,No,No,No internet service,No internet service,No internet service,No internet service,No internet service,No internet service,Two year,Yes,Credit card (automatic),32.59,787.16,No
4463-6898,Female,0,No,No,52,No,No phone service,DSL,Yes,Yes,Yes,No,Yes,No,Month-to-month,No,Credit card (automatic),64.44,3187.67,No
4464-5011,Male,0,No,No,54,Yes,Yes,Fiber optic,No,No,No,Yes,Yes,Yes,Month-to-month,No,Credit card (automatic),111.3,5999.16,Yes
4465-1846,Female,1,Yes,Yes,51,Yes,Yes,No,No internet service,No internet service,No internet service,No internet service,No internet service,No internet service,Month-to-month,Yes,Credit card (automatic),29.01,1413.76,No
4466-8191,Female,0,Yes,Yes,46,Yes,No,DSL,No,Yes,Yes,No,No,No,Two year,Yes,Bank transfer (automatic),60.75,2760.02,No
4467-9547,Female,0,No,No,9,No,No phone service,No,No internet service,No internet service,No internet service,No internet service,No internet service,No internet service,Month-to-month,No,Electronic check,18.25,206.34,No
4468-8997,Male,1,No,No,19,Yes,No,Fiber optic,No,Yes,No,No,Yes,Yes,One year,Yes,Electronic check,94.47,1838.91,Yes
4469-7735,Female,0,No,No,4,Yes,No,DSL,No,Yes,No,Yes,No,Yes,Month-to-month,Yes,Credit card (automatic),60.44,108.74,No
4470-4619,Female,0,No,No,28,No,No phone service,No,No internet service,No internet service,No internet service,No internet service,No internet service,No internet service,Month-to-month,Yes,Bank transfer (automatic),18.25,590.7,No
4471-8885,Male,0,Yes,No,61,Yes,Yes,Fiber optic,No,Yes,Yes,No,No,No,Month-to-month,Yes,Electronic check,77.17,4649.61,No
4472-5393,Female,0,Yes,Yes,16,Yes,No,DSL,Yes,No,No,No,No,No,Two year,No,Credit card (automatic),54.41,699.06,No
4473-2228,Female,1,No,No,51,Yes,No,Fiber optic,No,Yes,No,Yes,No,No,One year,No,Bank transfer (automatic),83.12,4063.6,No
4474-8654,Female,0,Yes,No,30,Yes,No,Fiber optic,No,Yes,Yes,No,No,Yes,Month-to-month,Yes,Electronic check,76.27,2368.23,Yes
4475-3881,Female,0,No,No,12,Yes,No,Fiber optic,No,No,Yes,No,No,Yes,Month-to-month,Yes,Bank transfer (automatic),78.51,971.2,Yes
4476-9447,Female,0,Yes,No,16,Yes,No,DSL,Yes,No,Yes,No,Yes,No,Two year,Yes,Electronic check,62.62,1085.46,No
4477-4314,Male,0,Yes,No,49,Yes,No,Fiber optic,No,Yes,No,No,Yes,No,One year,Yes,Mailed check,100.22,5083.97,No
4478-8823,Female,0,No,No,57,Yes,No,No,No internet service,No internet service,No internet service,No internet service,No internet service,No internet service,One year,No,Mailed check,27.92,1561.21,No
4479-5834,Female,1,No,No,24,Yes,No,No,No internet service,No internet service,No internet service,No internet service,No internet service,No internet service,Two year,Yes,Mailed check,32.37,881.11,No
4480-5206,Male,0,No,No,66,Yes,No,DSL,No,No,No,No,No,No,Two year,No,Credit card (automatic),59.84,3890.74,No
4481-3671,Female,1,Yes,No,4,Yes,No,No,No internet service,No internet service,No internet service,No internet service,No internet service,No internet service,Month-to-month,Yes,Electronic check,28.55,67.41,No
4482-8520,Male,0,No,No,41,Yes,No,DSL,Yes,No,No,No,No,Yes,Two year,Yes,Mailed check,70.02,2940.3,No
4483-1545,Female,0,No,No,16,Yes,Yes,Fiber optic,Yes,Yes,No,No,No,Yes,Two year,No,Electronic check,83.76,1231.68,Yes
4484-5219,Male,0,No,No,65,Yes,No,DSL,Yes,No,No,No,No,Yes,Two year,Yes,Electronic check,51.3,3194.99,No
4485-4319,Male,0,No,No,55,Yes,No,No,No internet service,No internet service,No internet service,No internet service,No internet service,No internet service,One year,Yes,Credit card (automatic),27.89,1428.36,No
4486-5889,Female,0,Yes,No,4,Yes,No,No,No internet service,No internet service,No internet service,No internet service,No internet service,No internet service,Month-to-month,No,Mailed check,31.44,49.93,No
4487-3290,Male,0,No,No,28,Yes,Yes,No,No internet service,No internet service,No internet service,No internet service,No internet service,No internet service,One year,Yes,Electronic check,30.21,756.3,No
4488-6980,Female,0,No,No,54,Yes,Yes,DSL,No,Yes,No,No,Yes,No,One year,Yes,Bank transfer (automatic),65.3,3468.18,No
4489-4472,Male,0,No,No,39,Yes,No,No,No internet service,No internet service,No internet service,No internet service,No internet service,No internet service,Month-to-month,No,Credit card (automatic),32.63,1347.88,No
4490-2692,Female,0,No,Yes,35,Yes,Yes,DSL,No,No,Yes,No,Yes,Yes,Two year,Yes,Bank transfer (automatic),74.96,2655.25,No
4491-2772,Male,0,Yes,Yes,9,Yes,Yes,Fiber optic,No,No,No,No,No,Yes,One year,No,Electronic check,87.18,751.14,Yes
4492-7267,Male,0,No,No,41,No,No phone service,No,No internet service,No internet service,No internet service,No internet service,No internet service,No internet service,Month-to-month,Yes,Mailed check,18.25,787.57,No
4493-3356,Male,0,Yes,Yes,6,Yes,Yes,Fiber optic,Yes,No,No,No,Yes,No,Month-to-month,Yes,Bank transfer (automatic),110.01,792.79,Yes
4494-3764,Female,0,Yes,Yes,23,Yes,No,Fiber optic,Yes,Yes,Yes,Yes,Yes,Yes,One year,Yes,Bank transfer (automatic),109.58,2558.13,No
4495-6641,Male,0,No,No,17,Yes,No,DSL,No,Yes,Yes,No,No,No,Month-to-month,Yes,Credit card (automatic),62.98,1147.83,No
4496-3967,Male,0,Yes,Yes,47,Yes,Yes,Fiber optic,No,Yes,Yes,No,No,Yes,One year,No,Electronic check,81.26,3797.49,No
4497-4492,Male,1,No,No,34,Yes,No,DSL,No,Yes,No,No,No,No,Month-to-month,No,Bank transfer (automatic),50.04,1758.74,No
4498-3200,Male,0,Yes,No,31,Yes,Yes,DSL,Yes,No,No,No,Yes,Yes,One year,Yes,Bank transfer (automatic),87.17,2774.38,No
4499-4108,Female,0,Yes,Yes,61,Yes,No,No,No internet service,No internet service,No internet service,No internet service,No internet service,No internet service,Two year,Yes,Electronic check,31.79,1764.56,No
4500-7234,Male,1,Yes,No,28,Yes,No,Fiber optic,No,Yes,Yes,Yes,Yes,No,Two year,No,Electronic check,97.34,2918.97,No
4501-5804,Male,0,Yes,Yes,55,Yes,No,DSL,No,Yes,No,Yes,No,No,One year,No,Credit card (automatic),43.27,2342.36,No
4502-9976,Female,0,Yes,No,64,No,No phone service,Fiber optic,Yes,No,No,No,Yes,Yes,Two year,Yes,Electronic check,76.1,4824.66,No
4503-7945,Male,0,Yes,No,11,Yes,No,DSL,Yes,No,No,No,No,Yes,Month-to-month,Yes,Bank transfer (automatic),65.5,713.24,No
4504-1151,Male,0,Yes,No,54,Yes,Yes,DSL,No,Yes,No,Yes,No,No,Two year,Yes,Mailed check,50.19,2859.17,No
4505-4409,Female,0,Yes,No,5,Yes,Yes,No,No internet service,No internet service,No internet service,No internet service,No internet service,No internet service,Month-to-month,Yes,Credit card (automatic),30.71,10.19,No
4506-3608,Female,0,Yes,No,46,No,No phone service,DSL,No,No,Yes,No,Yes,Yes,Two year,Yes,Mailed check,46.65,2203.94,No
4507-6287,Female,0,Yes,No,16,Yes,Yes,DSL,Yes,No,No,No,No,Yes,One year,No,Credit card (automatic),69.11,1081.26,No
4508-3390,Female,1,Yes,No,18,Yes,Yes,DSL,Yes,Yes,No,Yes,No,No,Two year,Yes,Electronic check,63.61,1195.49,No
4509-9694,Male,0,Yes,Yes,62,Yes,No,Fiber optic,No,Yes,No,No,No,No,One year,Yes,Electronic check,95.26,5854.49,No
4510-3694,Male,0,Yes,No,13,Yes,Yes,DSL,No,No,Yes,No,No,No,Two year,No,Bank transfer (automatic),54.03,691.19,No
4511-5697,Male,0,Yes,No,37,Yes,No,DSL,No,Yes,Yes,No,Yes,No,Two year,No,Credit card (automatic),61.68,2227.07,No
4512-2106,Male,0,Yes,No,57,Yes,Yes,No,No internet service,No internet service,No internet service,No internet service,No internet service,No internet service,Month-to-month,No,Mailed check,28.96,1661.6,No
4513-9187,Female,0,Yes,Yes,58,Yes,Yes,Fiber optic,No,Yes,No,No,Yes,Yes,Month-to-month,No,Credit card (automatic),89.05,5105.04,Yes
4514-9205,Male,1,No,No,14,Yes,No,DSL,No,Yes,No,No,No,Yes,Month-to-month,Yes,Electronic check,50.92,720.05,No
4515-8142,Male,0,Yes,No,26,Yes,No,No,No internet service,No internet service,No internet service,No internet service,No internet service,No internet service,Month-to-month,Yes,Mailed check,29.64,804.47,No
4516-4164,Female,0,Yes,No,41,Yes,No,Fiber optic,Yes,Yes,No,Yes,No,No,Month-to-month,Yes,Electronic check,81.05,3495.37,No
4517-1528,Female,1,No,No,43,No,No phone service,No,No internet service,No internet service,No internet service,No internet service,No internet service,No internet service,Two year,No,Electronic check,18.25,799.57,No
4518-7397,Male,0,No,No,11,Yes,No,DSL,No,No,Yes,No,No,No,Two year,Yes,Bank transfer (automatic),61.6,636.11,No
4519-4861,Male,0,Yes,No,43,Yes,Yes,DSL,No,No,No,Yes,Yes,No,Month-to-month,No,Bank transfer (automatic),65.08,2743.27,No
4520-9912,Male,0,No,No,0,Yes,No,DSL,Yes,Yes,Yes,No,Yes,Yes,Month-to-month,No,Credit card (automatic),73.04,,Yes
4521-7284,Female,0,No,No,45,Yes,Yes,Fiber optic,No,No,No,Yes,No,Yes,Month-to-month,Yes,Mailed check,79.19,3521.26,No
4522-5847,Female,0,No,No,53,Yes,Yes,Fiber optic,No,Yes,Yes,No,No,No,Month-to-month,Yes,Bank transfer (automatic),79.2,4140.27,No
4523-9879,Female,0,No,Yes,34,Yes,No,Fiber optic,No,No,No,No,No,No,Two year,Yes,Credit card (automatic),73.81,2607.75,No
4524-8203,Male,0,No,Yes,17,Yes,No,Fiber optic,No,Yes,No,No,Yes,No,Month-to-month,Yes,Electronic check,95.89,1630.82,Yes
4525-5124,Male,0,No,No,17,Yes,No,Fiber optic,Yes,No,Yes,No,Yes,Yes,One year,Yes,Credit card (automatic),102.25,1715.6,Yes
4526-1169,Female,0,Yes,No,50,Yes,Yes,Fiber optic,No,Yes,Yes,No,No,No,Two year,Yes,Bank transfer (automatic),74.69,3747.88,No
4527-1834,Female,0,No,Yes,31,Yes,No,DSL,No,Yes,No,Yes,No,No,One year,Yes,Credit card (automatic),60.42,1958.94,No
4528-4993,Male,1,No,No,67,Yes,No,Fiber optic,No,No,No,No,No,No,Two year,Yes,Credit card (automatic),81.83,5411.31,No
4529-6057,Male,0,Yes,No,71,No,No phone service,No,No internet service,No internet service,No internet service,No internet service,No internet service,No internet service,Month-to-month,Yes,Bank transfer (automatic),18.25,1284.86,No
4530-1271,Male,1,Yes,No,31,Yes,No,No,No internet service,No internet service,No internet service,No internet service,No internet service,No internet service,Two year,Yes,Credit card (automatic),31.27,1110.28,No
4531-2138,Male,0,No,Yes,19,Yes,No,DSL,Yes,Yes,Yes,No,No,No,Two year,No,Mailed check,58.34,1011.3,No
4532-7337,Male,0,No,No,59,Yes,Yes,Fiber optic,No,No,Yes,No,Yes,Yes,Month-to-month,No,Electronic check,101.33,5911.98,No
4533-7762,Male,0,No,No,52,Yes,Yes,DSL,No,No,No,Yes,No,No,Two year,Yes,Electronic check,56.19,2974.13,Yes
4534-1268,Male,0,Yes,No,12,Yes,Yes,Fiber optic,Yes,No,Yes,Yes,No,No,Two year,No,Mailed check,94.63,1094.22,No
4535-5568,Male,0,No,No,68,Yes,No,Fiber optic,Yes,Yes,Yes,No,Yes,Yes,Two year,No,Mailed check,93.46,6317.58,No
4536-1728,Female,0,Yes,No,14,Yes,No,No,No internet service,No internet service,No internet service,No internet service,No internet service,No internet service,One year,Yes,Credit card (automatic),31.49,458.89,No
4537-7510,Male,0,No,No,41,No,No phone service,No,No internet service,No internet service,No internet service,No internet service,No internet service,No internet service,Two year,Yes,Credit card (automatic),18.25,675.59,No
4538-8505,Male,0,Yes,No,13,Yes,Yes,DSL,No,No,Yes,Yes,Yes,No,Month-to-month,Yes,Mailed check,43.17,606.94,No
4539-8823,Female,0,Yes,No,35,Yes,Yes,Fiber optic,No,Yes,No,No,Yes,Yes,One year,Yes,Electronic check,120.0,4376.51,No
4540-6382,Male,0,Yes,No,45,Yes,Yes,Fiber optic,No,Yes,Yes,No,Yes,No,Two year,No,Bank transfer (automatic),79.98,3486.13,No
4541-6659,Female,1,Yes,Yes,8,Yes,No,Fiber optic,No,No,No,No,Yes,No,Two year,No,Bank transfer (automatic),78.74,544.43,No
4542-9338,Female,1,Yes,No,18,Yes,No,Fiber optic,No,No,No,Yes,No,No,Two year,Yes,Bank transfer (automatic),81.8,1628.99,No
4543-6511,Female,0,No,Yes,54,Yes,No,DSL,No,Yes,No,No,Yes,No,Month-to-month,Yes,Electronic check,67.54,3594.3,No
4544-5016,Female,0,Yes,No,69,Yes,No,DSL,No,No,No,Yes,No,No,Two year,Yes,Bank transfer (automatic),58.43,4016.71,No
4545-7790,Male,0,No,Yes,66,Yes,No,Fiber optic,Yes,Yes,No,No,Yes,Yes,Two year,Yes,Credit card (automatic),82.16,5304.66,No
4546-6316,Male,0,No,No,54,Yes,No,Fiber optic,Yes,No,No,Yes,Yes,Yes,Two year,No,Mailed check,104.91,5786.51,No
4547-8581,Female,0,Yes,No,71,Yes,No,Fiber optic,No,Yes,No,No,No,No,One year,Yes,Bank transfer (automatic),93.36,6688.73,No
4548-5721,Male,0,No,No,12,Yes,No,DSL,Yes,No,No,No,Yes,No,Month-to-month,Yes,Electronic check,58.91,726.77,No
4549-8820,Male,1,No,No,14,Yes,Yes,DSL,Yes,No,No,No,Yes,Yes,Two year,Yes,Mailed check,72.14,1007.89,No
4550-1403,Male,0,No,No,29,Yes,Yes,DSL,Yes,No,Yes,Yes,No,No,Month-to-month,Yes,Mailed check,70.04,1984.83,No
4551-1327,Male,0,No,Yes,67,Yes,Yes,No,No internet service,No internet service,No internet service,No internet service,No internet service,No internet service,Month-to-month,Yes,Electronic check,31.49,2093.1,No
4552-1891,Male,0,No,Yes,58,No,No phone service,Fiber optic,No,Yes,No,No,No,No,Month-to-month,Yes,Credit card (automatic),76.25,4468.94,No
4553-6005,Male,0,No,No,27,Yes,No,DSL,No,No,No,No,No,Yes,Month-to-month,Yes,Electronic check,63.28,1623.06,No
4554-7380,Male,0,Yes,No,1,Yes,No,DSL,No,No,No,Yes,Yes,Yes,Month-to-month,No,Bank transfer (automatic),70.43,194.41,Yes
4555-2946,Male,0,Yes,Yes,45,Yes,Yes,No,No internet service,No internet service,No internet service,No internet service,No internet service,No internet service,Month-to-month,No,Bank transfer (automatic),28.27,1391.89,No
4556-2401,Female,0,No,No,22,No,No phone service,Fiber optic,No,Yes,Yes,No,No,No,Month-to-month,Yes,Bank transfer (automatic),59.95,1386.16,No
4557-8742,Male,1,Yes,No,16,Yes,Yes,No,No internet service,No internet service,No internet service,No internet service,No internet service,No internet service,Month-to-month,No,Electronic check,30.67,527.6,No
4558-7754,Female,0,No,No,15,Yes,No,No,No internet service,No internet service,No internet service,No internet service,No internet service,No internet service,Month-to-month,Yes,Mailed check,30.2,525.37,No
4559-6834,Male,0,Yes,No,18,Yes,Yes,DSL,No,No,Yes,No,Yes,No,One year,Yes,Bank transfer (automatic),65.92,1333.75,No
4560-5394,Male,1,Yes,No,23,Yes,Yes,No,No internet service,No internet service,No internet service,No internet service,No internet service,No internet service,Month-to-month,No,Credit card (automatic),33.05,708.83,No
4561-4781,Male,0,No,No,45,Yes,No,Fiber optic,No,No,No,Yes,Yes,No,Month-to-month,Yes,Bank transfer (automatic),92.44,4238.63,No
4562-1184,Male,0,Yes,No,11,Yes,No,Fiber optic,Yes,No,No,No,No,No,Month-to-month,Yes,Electronic check,82.83,797.43,Yes
4563-2692,Male,0,Yes,No,35,No,No phone service,Fiber optic,No,No,Yes,No,Yes,No,One year,No,Credit card (automatic),83.46,2942.44,No
4564-9072,Male,0,No,No,67,Yes,No,Fiber optic,No,No,Yes,No,No,Yes,Two year,No,Bank transfer (automatic),87.15,5861.67,No
4565-4050,Male,0,No,Yes,70,Yes,No,Fiber optic,Yes,No,Yes,Yes,Yes,No,Two year,No,Credit card (automatic),107.83,7600.8,No
4566-7340,Male,0,No,Yes,60,Yes,No,DSL,No,No,Yes,No,No,No,Month-to-month,Yes,Bank transfer (automatic),54.2,3152.53,No
4567-7333,Female,0,Yes,No,19,Yes,No,Fiber optic,Yes,No,Yes,No,No,No,One year,Yes,Credit card (automatic),99.62,1870.9,No
4568-3784,Male,0,No,No,10,Yes,Yes,DSL,Yes,No,Yes,Yes,No,No,One year,Yes,Electronic check,58.4,618.74,No
4569-2839,Male,0,No,No,64,Yes,Yes,DSL,Yes,Yes,No,Yes,No,No,Month-to-month,Yes,Mailed check,60.46,3905.06,No
4570-7224,Male,0,No,No,29,Yes,No,Fiber optic,Yes,No,Yes,No,Yes,Yes,Month-to-month,Yes,Electronic check,114.15,3311.08,Yes
4571-1842,Male,1,Yes,No,33,Yes,Yes,Fiber optic,Yes,Yes,No,No,No,No,Month-to-month,No,Electronic check,99.92,3322.03,No
4572-5452,Male,0,Yes,Yes,31,Yes,Yes,DSL,No,Yes,No,No,No,Yes,Two year,Yes,Credit card (automatic),71.47,2223.07,No
4573-8991,Female,0,No,No,9,Yes,Yes,DSL,Yes,Yes,No,No,Yes,No,Month-to-month,Yes,Credit card (automatic),76.68,632.6,No
4574-7401,Female,0,No,Yes,52,Yes,No,No,No internet service,No internet service,No internet service,No internet service,No internet service,No internet service,Month-to-month,No,Electronic check,29.69,1530.38,No
4575-7877,Female,0,Yes,Yes,17,No,No phone service,Fiber optic,No,No,No,No,Yes,Yes,Month-to-month,No,Bank transfer (automatic),84.26,1321.45,No
4576-1749,Male,0,No,No,17,Yes,No,Fiber optic,No,No,No,No,Yes,No,One year,Yes,Mailed check,86.57,1452.06,No
4577-2797,Male,0,No,Yes,55,Yes,No,DSL,No,No,No,No,Yes,No,Month-to-month,No,Electronic check,54.48,2965.26,No
4578-3475,Male,0,Yes,Yes,52,No,No phone service,Fiber optic,No,No,Yes,No,Yes,No,Two year,Yes,Bank transfer (automatic),68.95,3513.61,No
4579-3630,Male,0,No,No,60,Yes,No,Fiber optic,No,No,No,No,Yes,No,Month-to-month,Yes,Mailed check,81.27,4868.24,No
4580-2746,Female,0,Yes,No,51,Yes,Yes,DSL,No,Yes,No,Yes,Yes,No,Two year,No,Electronic check,60.42,3048.84,No
4581-9747,Male,0,No,No,2,No,No phone service,Fiber optic,No,Yes,No,No,No,No,One year,Yes,Mailed check,74.53,235.59,No
4582-2484,Male,0,No,Yes,30,Yes,Yes,DSL,No,Yes,Yes,No,No,No,Month-to-month,No,Mailed check,64.9,2042.25,No
4583-7372,Male,0,No,No,29,Yes,Yes,DSL,No,No,No,No,Yes,Yes,One year,No,Bank transfer (automatic),80.08,2135.79,No
4584-6280,Male,1,No,No,23,Yes,No,Fiber optic,No,No,No,Yes,No,Yes,One year,No,Electronic check,81.0,1838.66,No
4585-6494,Female,0,No,No,36,Yes,Yes,Fiber optic,Yes,Yes,Yes,No,No,No,One year,Yes,Bank transfer (automatic),93.17,3345.06,No
4586-2931,Male,0,Yes,Yes,36,Yes,Yes,Fiber optic,No,No,No,No,Yes,No,Two year,Yes,Electronic check,80.5,2904.22,No
4587-3768,Male,0,No,No,44,Yes,No,Fiber optic,No,No,Yes,Yes,No,Yes,Two year,No,Credit card (automatic),86.68,3800.88,No
4588-6457,Male,0,No,No,70,Yes,Yes,Fiber optic,Yes,No,Yes,Yes,No,Yes,One year,No,Electronic check,93.06,6463.04,No
4589-3691,Female,0,Yes,Yes,47,Yes,No,Fiber optic,No,Yes,No,No,Yes,No,Month-to-month,No,Bank transfer (automatic),89.04,4252.51,No
4590-7246,Female,0,No,No,68,Yes,No,DSL,No,No,Yes,No,No,Yes,Two year,Yes,Mailed check,84.22,5769.75,No
4591-1355,Female,0,Yes,Yes,60,Yes,Yes,DSL,Yes,No,No,Yes,No,No,Two year,Yes,Mailed check,52.71,3269.15,Yes
4592-1655,Female,0,No,No,53,Yes,Yes,DSL,No,Yes,No,No,No,No,Month-to-month,Yes,Credit card (automatic),51.12,2662.77,No
4593-7555,Female,0,No,No,19,Yes,No,No,No internet service,No internet service,No internet service,No internet service,No internet service,No internet service,One year,Yes,Mailed check,30.46,471.8,No
4594-6550,Female,0,No,No,42,Yes,No,DSL,No,No,No,No,Yes,Yes,One year,Yes,Bank transfer (automatic),65.09,2820.05,No
4595-1388,Female,1,No,No,8,Yes,No,Fiber optic,Yes,No,Yes,No,Yes,No,Two year,No,Credit card (automatic),86.94,715.23,No
4596-9090,Female,1,Yes,Yes,67,Yes,Yes,Fiber optic,No,Yes,Yes,No,No,Yes,One year,Yes,Bank transfer (automatic),85.45,5673.97,No
4597-1043,Male,0,No,Yes,13,Yes,No,Fiber optic,Yes,Yes,No,No,No,No,Month-to-month,Yes,Electronic check,87.24,1083.99,Yes
4598-9599,Male,0,No,No,17,No,No phone service,Fiber optic,No,Yes,No,No,No,Yes,One year,No,Mailed check,82.26,1283.53,Yes
4599-7564,Female,0,Yes,No,68,Yes,Yes,Fiber optic,Yes,Yes,No,No,No,Yes,Month-to-month,No,Credit card (automatic),104.64,7098.72,No
4600-9892,Male,0,Yes,No,8,Yes,Yes,DSL,No,No,Yes,Yes,No,Yes,Two year,Yes,Bank transfer (automatic),57.01,429.17,No
4601-9538,Female,0,No,No,39,No,No phone service,DSL,Yes,No,Yes,Yes,Yes,No,Two year,No,Electronic check,61.06,2233.99,No
4602-3817,Male,0,No,No,41,Yes,No,No,No internet service,No internet service,No internet service,No internet service,No internet service,No internet service,Month-to-month,Yes,Mailed check,28.35,1045.58,No
4603-7807,Female,0,Yes,Yes,15,Yes,No,No,No internet service,No internet service,No internet service,No internet service,No internet service,No internet service,Month-to-month,Yes,Electronic check,33.92,490.58,No
4604-2898,Female,0,Yes,Yes,28,Yes,Yes,No,No internet service,No internet service,No internet service,No internet service,No internet service,No internet service,Month-to-month,Yes,Electronic check,35.44,1045.42,No
4605-5244,Female,0,Yes,Yes,57,Yes,No,No,No internet service,No internet service,No internet service,No internet service,No internet service,No internet service,One year,No,Mailed check,25.67,1312.74,No
4606-3160,Female,0,No,No,51,Yes,Yes,Fiber optic,No,No,No,No,No,Yes,One year,No,Electronic check,76.92,3871.14,No
4607-5373,Female,0,Yes,No,42,Yes,No,DSL,No,Yes,Yes,No,Yes,Yes,Two year,No,Bank transfer (automatic),70.57,3001.21,No
4608-8850,Female,0,No,No,39,Yes,No,Fiber optic,No,No,Yes,No,Yes,Yes,One year,No,Mailed check,110.78,4457.31,No
4609-4924,Female,0,No,No,26,Yes,Yes,Fiber optic,No,No,No,Yes,No,Yes,One year,Yes,Electronic check,94.54,2457.26,Yes
4610-1831,Male,0,Yes,Yes,45,Yes,No,DSL,No,No,No,No,Yes,No,One year,Yes,Electronic check,51.7,2299.85,No
4611-3921,Male,0,No,Yes,1,Yes,No,Fiber optic,No,Yes,No,Yes,Yes,Yes,Two year,No,Credit card (automatic),96.56,151.59,Yes
4612-8077,Female,0,Yes,Yes,5,Yes,Yes,No,No internet service,No internet service,No internet service,No internet service,No internet service,No internet service,Month-to-month,No,Credit card (automatic),29.06,116.17,No
4613-5694,Female,0,Yes,Yes,57,Yes,Yes,DSL,No,No,No,No,Yes,Yes,Month-to-month,Yes,Mailed check,68.99,3805.84,No
4614-6041,Male,0,No,No,12,Yes,No,Fiber optic,No,No,No,No,No,No,Two year,Yes,Credit card (automatic),88.56,1037.97,No
4615-4879,Male,0,No,Yes,52,Yes,No,Fiber optic,No,Yes,No,No,No,No,Month-to-month,Yes,Electronic check,97.49,5134.74,No
4616-3634,Male,1,No,No,1,Yes,No,DSL,Yes,Yes,Yes,No,No,Yes,Month-to-month,Yes,Mailed check,69.03,145.42,No
4617-6382,Female,0,Yes,No,19,Yes,Yes,No,No internet service,No internet service,No internet service,No internet service,No internet service,No internet service,Two year,No,Mailed check,30.92,520.54,No
4618-6697,Male,0,Yes,No,68,Yes,Yes,Fiber optic,Yes,Yes,No,Yes,No,No,One year,Yes,Electronic check,85.9,5661.54,No
4619-9082,Male,0,Yes,Yes,19,Yes,Yes,DSL,Yes,No,No,No,No,No,Two year,No,Credit card (automatic),54.98,1023.23,No
4620-6559,Female,0,No,No,71,Yes,No,No,No internet service,No internet service,No internet service,No internet service,No internet service,No internet service,Two year,No,Mailed check,30.93,2223.56,No
4621-9954,Male,0,Yes,Yes,19,Yes,Yes,Fiber optic,Yes,No,Yes,Yes,Yes,Yes,Month-to-month,No,Electronic check,86.96,1733.69,No
4622-8438,Female,0,No,Yes,46,Yes,Yes,Fiber optic,No,Yes,No,No,No,Yes,Two year,No,Electronic check,76.22,3645.36,No
4623-1708,Female,0,No,No,48,Yes,No,Fiber optic,Yes,Yes,Yes,No,No,Yes,One year,Yes,Mailed check,113.98,5606.7,No
4624-4529,Male,1,No,No,46,Yes,No,No,No internet service,No internet service,No internet service,No internet service,No internet service,No internet service,Month-to-month,No,Bank transfer (automatic),26.73,1232.32,No
4625-4461,Male,0,Yes,No,21,Yes,Yes,DSL,Yes,No,Yes,Yes,No,Yes,Month-to-month,Yes,Bank transfer (automatic),80.46,1716.82,Yes
4626-1027,Male,0,Yes,No,55,Yes,Yes,Fiber optic,No,Yes,No,No,Yes,No,Month-to-month,Yes,Mailed check,102.63,5540.32,No
4627-2626,Female,0,No,Yes,22,Yes,No,Fiber optic,No,No,No,No,No,Yes,Two year,No,Bank transfer (automatic),90.03,2072.72,No
4628-7858,Female,0,No,No,59,Yes,Yes,No,No internet service,No internet service,No internet service,No internet service,No internet service,No internet service,Month-to-month,Yes,Electronic check,30.79,1920.71,No
4629-4168,Male,0,No,Yes,27,Yes,Yes,Fiber optic,No,No,No,Yes,No,Yes,Month-to-month,No,Bank transfer (automatic),102.67,2622.09,Yes
4630-2330,Male,0,No,No,61,Yes,Yes,No,No internet service,No internet service,No internet service,No internet service,No internet service,No internet service,Month-to-month,Yes,Mailed check,29.47,1829.19,No
4631-3586,Male,0,Yes,No,71,Yes,Yes,DSL,Yes,No,No,No,Yes,No,Month-to-month,Yes,Bank transfer (automatic),59.6,4255.82,No
4632-3472,Male,0,Yes,Yes,55,Yes,No,Fiber optic,No,No,Yes,No,No,No,Two year,No,Credit card (automatic),63.52,3605.45,No
4633-2570,Male,0,Yes,No,33,Yes,Yes,DSL,No,No,No,No,No,Yes,Two year,Yes,Bank transfer (automatic),68.01,2264.04,No
4634-1910,Female,1,No,Yes,30,Yes,No,Fiber optic,No,No,No,No,Yes,Yes,Two year,Yes,Bank transfer (automatic),97.37,2938.75,No
4635-7875,Female,0,No,No,27,Yes,Yes,No,No internet service,No internet service,No internet service,No internet service,No internet service,No internet service,One year,No,Electronic check,30.33,862.26,No
4636-8419,Female,0,No,Yes,25,Yes,No,Fiber optic,No,Yes,Yes,No,No,Yes,Two year,Yes,Bank transfer (automatic),75.98,1861.69,No
4637-5466,Female,0,No,No,34,No,No phone service,DSL,No,No,No,Yes,No,No,Two year,Yes,Mailed check,47.78,1539.3,No
4638-6538,Female,0,Yes,No,35,Yes,No,Fiber optic,No,No,No,No,No,Yes,One year,Yes,Electronic check,84.0,2921.07,No
4639-9272,Male,1,No,No,52,Yes,Yes,DSL,Yes,No,No,No,Yes,No,Month-to-month,No,Electronic check,60.19,3090.23,No
4640-8583,Female,1,No,Yes,64,Yes,No,DSL,Yes,Yes,No,Yes,No,No,Month-to-month,No,Mailed check,42.09,2694.67,No
4641-1293,Male,1,Yes,No,64,Yes,No,Fiber optic,No,Yes,Yes,No,Yes,Yes,Month-to-month,Yes,Mailed check,92.77,6168.92,No
4642-9575,Female,1,No,No,44,Yes,Yes,No,No internet service,No internet service,No internet service,No internet service,No internet service,No internet service,One year,No,Credit card (automatic),28.77,1315.2,No
4643-1602,Male,0,No,Yes,72,Yes,Yes,DSL,Yes,No,Yes,No,No,No,Two year,No,Electronic check,62.25,4420.37,No
4644-1239,Male,0,No,Yes,65,Yes,Yes,Fiber optic,No,Yes,No,No,No,Yes,Month-to-month,Yes,Electronic check,98.15,6329.03,No
4645-4629,Female,0,Yes,No,35,Yes,No,Fiber optic,No,No,No,No,Yes,No,Month-to-month,Yes,Bank transfer (automatic),82.38,2991.81,No
4646-7711,Female,0,No,No,30,Yes,Yes,DSL,No,No,No,Yes,Yes,No,Month-to-month,No,Bank transfer (automatic),72.38,2166.59,No
4647-1722,Female,0,No,No,33,Yes,Yes,Fiber optic,Yes,No,No,No,Yes,No,Two year,No,Bank transfer (automatic),106.36,3588.22,No
4648-3636,Male,0,No,Yes,1,Yes,No,DSL,No,No,No,No,No,Yes,Month-to-month,No,Bank transfer (automatic),55.11,0.0,No
4649-3364,Male,0,Yes,No,24,Yes,Yes,No,No internet service,No internet service,No internet service,No internet service,No internet service,No internet service,Two year,No,Bank transfer (automatic),26.68,618.55,No
4650-4576,Male,0,Yes,No,27,Yes,Yes,Fiber optic,Yes,No,No,No,Yes,Yes,One year,No,Mailed check,80.1,2138.73,No
4651-9873,Male,0,No,No,56,Yes,No,DSL,Yes,No,No,No,Yes,No,Month-to-month,Yes,Electronic check,60.27,3450.44,No
4652-3982,Female,1,Yes,Yes,19,Yes,Yes,DSL,No,No,No,Yes,No,No,One year,No,Credit card (automatic),48.48,939.3,No
4653-2880,Male,0,Yes,Yes,47,Yes,No,DSL,No,No,Yes,No,Yes,No,Month-to-month,Yes,Bank transfer (automatic),61.5,2925.31,No
4654-2100,Female,0,No,No,23,Yes,Yes,No,No internet service,No internet service,No internet service,No internet service,No internet service,No internet service,Month-to-month,Yes,Credit card (automatic),29.58,735.22,No
4655-2782,Male,0,Yes,No,26,Yes,No,No,No internet service,No internet service,No internet service,No internet service,No internet service,No internet service,Month-to-month,Yes,Credit card (automatic),29.56,762.16,No
4656-2198,Male,0,Yes,No,5,Yes,No,No,No internet service,No internet service,No internet service,No internet service,No internet service,No internet service,Month-to-month,Yes,Credit card (automatic),34.43,221.17,No
4657-6162,Male,0,No,No,37,Yes,Yes,Fiber optic,No,Yes,No,No,No,No,Two year,No,Electronic check,92.77,3426.42,No
4658-4784,Male,0,Yes,Yes,7,Yes,No,No,No internet service,No internet service,No internet service,No internet service,No internet service,No internet service,Month-to-month,Yes,Credit card (automatic),32.43,344.49,No
4659-5481,Male,0,No,No,15,Yes,No,Fiber optic,Yes,Yes,Yes,No,Yes,No,One year,No,Bank transfer (automatic),99.52,1439.16,No
4660-8488,Male,0,Yes,No,36,Yes,Yes,DSL,Yes,Yes,No,No,No,Yes,Month-to-month,Yes,Credit card (automatic),60.31,2118.3,No
4661-6223,Female,0,Yes,No,50,Yes,No,Fiber optic,No,No,No,No,Yes,Yes,Two year,No,Credit card (automatic),108.66,5407.97,No
4662-2396,Female,0,Yes,No,29,Yes,No,Fiber optic,Yes,No,No,Yes,Yes,No,One year,No,Mailed check,84.37,2365.74,Yes
4663-4390,Male,0,Yes,No,18,Yes,Yes,Fiber optic,No,No,Yes,No,No,Yes,Two year,No,Mailed check,85.9,1443.73,No
4664-3812,Female,0,Yes,Yes,65,Yes,No,DSL,No,No,Yes,Yes,Yes,No,Two year,No,Electronic check,66.25,4291.81,No
4665-8440,Female,0,No,No,25,Yes,No,Fiber optic,No,No,No,No,No,No,Month-to-month,Yes,Electronic check,95.33,2516.23,No
4666-3762,Female,0,No,No,23,Yes,No,Fiber optic,No,No,No,Yes,No,Yes,Month-to-month,Yes,Credit card (automatic),90.6,2111.07,No
4667-2247,Male,0,Yes,No,4,No,No phone service,DSL,No,No,No,No,No,No,Month-to-month,Yes,Credit card (automatic),44.64,195.18,No
4668-7623,Male,0,Yes,No,25,No,No phone service,DSL,Yes,No,Yes,No,No,No,Month-to-month,Yes,Electronic check,56.87,1396.19,No
4669-4855,Male,0,No,No,16,Yes,No,Fiber optic,Yes,No,No,No,No,No,One year,Yes,Electronic check,66.03,1164.92,No
4670-1862,Male,0,No,No,25,Yes,Yes,Fiber optic,No,Yes,No,Yes,No,Yes,Month-to-month,No,Electronic check,96.4,2308.08,No
4671-7207,Male,1,Yes,No,14,Yes,No,Fiber optic,Yes,Yes,No,Yes,No,No,Two year,No,Electronic check,94.31,1226.26,No
4672-2894,Male,1,Yes,No,14,Yes,No,No,No internet service,No internet service,No internet service,No internet service,No internet service,No internet service,Two year,Yes,Credit card (automatic),25.97,360.17,No
4673-8813,Female,0,Yes,No,53,Yes,Yes,Fiber optic,Yes,Yes,No,No,Yes,Yes,Month-to-month,Yes,Mailed check,120.0,6394.85,No
4674-8491,Male,0,No,No,34,No,No phone service,DSL,No,Yes,No,Yes,Yes,No,Month-to-month,Yes,Bank transfer (automatic),47.79,1546.49,No
4675-4325,Male,0,Yes,No,50,Yes,No,DSL,No,No,No,No,No,No,Month-to-month,No,Electronic check,51.71,2546.53,No
4676-5999,Female,1,No,Yes,42,Yes,No,DSL,No,No,Yes,No,Yes,Yes,Month-to-month,Yes,Electronic check,73.94,3105.74,No
4677-6109,Female,0,Yes,No,39,Yes,No,DSL,No,No,Yes,No,No,No,One year,Yes,Mailed check,64.73,2648.37,No
4678-6880,Male,0,Yes,No,34,Yes,No,No,No internet service,No internet service,No internet service,No internet service,No internet service,No internet service,Month-to-month,No,Mailed check,33.43,1002.82,No
4679-1622,Male,0,No,No,28,Yes,Yes,No,No internet service,No internet service,No internet service,No internet service,No internet service,No internet service,Month-to-month,Yes,Mailed check,28.84,853.63,No
4680-3923,Female,0,Yes,No,19,Yes,Yes,Fiber optic,Yes,No,Yes,Yes,No,Yes,Month-to-month,No,Electronic check,85.18,1690.87,Yes
4681-2532,Female,0,No,Yes,64,Yes,Yes,DSL,Yes,No,No,No,Yes,Yes,One year,Yes,Mailed check,98.61,6464.29,No
4682-7276,Male,0,No,Yes,29,Yes,No,DSL,No,No,No,No,No,No,One year,Yes,Electronic check,54.67,1479.29,No
4683-1622,Male,0,No,No,64,No,No phone service,Fiber optic,No,No,Yes,No,No,No,Two year,Yes,Credit card (automatic),85.07,5354.68,Yes
4684-5652,Male,0,Yes,No,56,Yes,Yes,No,No internet service,No internet service,No internet service,No internet service,No internet service,No internet service,Two year,No,Mailed check,28.6,1541.19,No
4685-7550,Male,0,Yes,No,44,Yes,Yes,Fiber optic,Yes,No,No,Yes,Yes,No,One year,Yes,Credit card (automatic),85.81,3664.72,No
4686-9534,Male,0,Yes,Yes,61,Yes,Yes,No,No internet service,No internet service,No internet service,No internet service,No internet service,No internet service,Two year,Yes,Credit card (automatic),33.76,2151.37,No
4687-3592,Male,1,No,No,48,Yes,No,DSL,Yes,Yes,No,No,Yes,Yes,Month-to-month,No,Bank transfer (automatic),90.27,4365.78,No
4688-1071,Female,0,No,No,59,Yes,Yes,Fiber optic,No,No,No,Yes,Yes,No,Two year,No,Mailed check,85.0,5021.98,No
4689-7512,Female,1,Yes,Yes,58,Yes,No,DSL,No,No,No,No,Yes,No,One year,No,Electronic check,53.91,3164.19,No
4690-1013,Male,0,Yes,No,47,Yes,No,Fiber optic,No,No,No,Yes,Yes,Yes,Two year,Yes,Mailed check,83.73,4029.25,No
4691-1597,Female,0,Yes,No,52,Yes,No,Fiber optic,No,Yes,No,Yes,Yes,Yes,Month-to-month,No,Bank transfer (automatic),87.53,4350.94,No
4692-9913,Male,1,Yes,No,59,Yes,No,Fiber optic,No,No,No,No,Yes,Yes,One year,No,Mailed check,106.13,6296.91,No
4693-8762,Female,0,Yes,No,16,Yes,Yes,Fiber optic,No,Yes,No,Yes,No,No,Month-to-month,Yes,Bank transfer (automatic),97.1,1581.54,Yes
4694-7367,Female,0,No,No,63,No,No phone service,DSL,No,No,No,No,No,No,One year,Yes,Credit card (automatic),36.31,2336.36,No
4695-8518,Female,0,No,Yes,36,Yes,Yes,DSL,No,No,No,No,Yes,Yes,Month-to-month,Yes,Credit card (automatic),85.93,2969.44,No
4696-1678,Female,0,Yes,Yes,8,Yes,No,Fiber optic,No,Yes,Yes,No,Yes,No,Two year,Yes,Mailed check,97.97,773.85,No
4697-1800,Male,0,Yes,Yes,11,Yes,Yes,Fiber optic,No,No,Yes,Yes,No,Yes,Two year,Yes,Credit card (automatic),90.88,920.67,No
4698-3707,Male,0,Yes,No,54,Yes,Yes,No,No internet service,No internet service,No internet service,No internet service,No internet service,No internet service,Month-to-month,Yes,Mailed check,31.42,1799.51,No
4699-1213,Male,1,Yes,No,59,Yes,Yes,No,No internet service,No internet service,No internet service,No internet service,No internet service,No internet service,Two year,Yes,Mailed check,27.57,1636.95,No
4700-8993,Female,0,No,No,47,Yes,No,Fiber optic,No,No,No,No,No,No,Month-to-month,Yes,Credit card (automatic),69.97,3273.9,No
4701-1506,Male,0,Yes,No,47,Yes,Yes,Fiber optic,Yes,Yes,Yes,Yes,No,No,One year,No,Bank transfer (automatic),61.61,2922.47,No
4702-5895,Female,1,No,No,63,Yes,Yes,Fiber optic,Yes,No,No,Yes,No,Yes,Two year,No,Mailed check,80.81,4993.79,No
4703-8681,Female,0,No,Yes,71,Yes,Yes,DSL,No,No,Yes,Yes,Yes,Yes,Two year,No,Electronic check,63.9,4644.28,No
4704-7614,Female,0,No,Yes,60,Yes,No,Fiber optic,Yes,No,Yes,No,No,No,Month-to-month,No,Electronic check,78.93,4843.24,No
4705-3112,Female,0,No,No,9,Yes,Yes,DSL,No,No,No,No,Yes,No,Month-to-month,No,Electronic check,74.71,565.06,No
4706-5232,Female,0,No,No,58,Yes,No,DSL,No,No,No,No,Yes,Yes,Month-to-month,Yes,Electronic check,79.16,4687.44,No
4707-5933,Female,1,No,No,37,Yes,No,No,No internet service,No internet service,No internet service,No internet service,No internet service,No internet service,Month-to-month,No,Mailed check,31.92,1316.34,No
4708-7910,Female,0,Yes,No,58,Yes,No,Fiber optic,Yes,No,Yes,No,No,Yes,Month-to-month,No,Mailed check,88.55,5075.68,No
4709-4835,Male,0,No,No,52,Yes,Yes,No,No internet service,No internet service,No internet service,No internet service,No internet service,No internet service,One year,Yes,Mailed check,30.42,1508.42,No
4710-3565,Male,0,Yes,No,49,Yes,No,No,No internet service,No internet service,No internet service,No internet service,No internet service,No internet service,Month-to-month,No,Bank transfer (automatic),32.24,1506.91,No
4711-8158,Female,0,Yes,No,63,Yes,Yes,No,No internet service,No internet service,No internet service,No internet service,No internet service,No internet service,Month-to-month,No,Bank transfer (automatic),25.24,1652.51,No
4712-8977,Female,0,No,No,11,Yes,Yes,Fiber optic,No,No,Yes,No,No,No,Month-to-month,Yes,Mailed check,80.08,1025.53,No
4713-5399,Female,1,Yes,No,62,Yes,Yes,DSL,No,Yes,Yes,No,Yes,Yes,Month-to-month,No,Credit card (automatic),79.38,4877.61,No
4714-1252,Male,0,Yes,No,25,No,No phone service,DSL,Yes,No,No,Yes,Yes,Yes,One year,No,Electronic check,72.6,1857.44,No
4715-5505,Male,0,Yes,No,14,Yes,Yes,Fiber optic,No,Yes,Yes,Yes,No,Yes,Month-to-month,No,Electronic check,85.09,1238.74,Yes
4716-9002,Female,0,Yes,No,52,Yes,No,DSL,No,No,No,Yes,No,Yes,One year,No,Electronic check,61.53,3153.75,No
4717-9900,Female,0,Yes,No,71,No,No phone service,Fiber optic,No,Yes,No,No,No,Yes,Month-to-month,No,Electronic check,88.2,6218.21,No
4718-4608,Female,0,Yes,No,6,Yes,No,No,No internet service,No internet service,No internet service,No internet service,No internet service,No internet service,Two year,Yes,Bank transfer (automatic),29.17,175.41,No
4719-2351,Female,0,No,No,71,Yes,Yes,Fiber optic,Yes,Yes,No,Yes,No,No,Two year,No,Mailed check,73.74,5247.79,No
4720-6148,Female,0,No,No,25,Yes,No,DSL,No,No,Yes,No,Yes,Yes,Month-to-month,No,Mailed check,54.95,1312.03,No
4721-8475,Female,1,Yes,Yes,70,Yes,Yes,Fiber optic,Yes,No,No,No,No,No,Month-to-month,Yes,Electronic check,71.11,4953.07,No
4722-9504,Male,0,No,Yes,3,Yes,Yes,No,No internet service,No internet service,No internet service,No internet service,No internet service,No internet service,One year,Yes,Electronic check,27.67,110.17,No
4723-1465,Male,0,No,No,44,Yes,No,No,No internet service,No internet service,No internet service,No internet service,No internet service,No internet service,Two year,Yes,Electronic check,32.62,1445.94,No
4724-3614,Male,0,No,No,39,No,No phone service,Fiber optic,No,No,No,No,Yes,No,Month-to-month,Yes,Mailed check,65.69,2741.28,No
4725-5298,Female,0,No,No,60,No,No phone service,DSL,No,No,No,No,Yes,No,Month-to-month,No,Mailed check,45.49,2661.85,No
4726-1884,Female,0,No,Yes,34,Yes,No,Fiber optic,Yes,No,No,No,No,No,Month-to-month,Yes,Mailed check,87.22,3099.24,No
4727-8976,Female,0,Yes,No,5,No,No phone service,Fiber optic,No,No,No,No,No,Yes,One year,No,Electronic check,77.38,426.41,Yes
4728-2009,Female,0,No,Yes,13,Yes,Yes,Fiber optic,Yes,No,Yes,No,Yes,No,Two year,Yes,Electronic check,95.6,1235.04,No
4729-6986,Female,0,No,Yes,18,No,No phone service,Fiber optic,No,No,Yes,Yes,No,No,Month-to-month,No,Electronic check,55.28,1210.58,No
4730-9266,Female,0,No,No,63,Yes,Yes,Fiber optic,Yes,Yes,Yes,No,No,No,Month-to-month,Yes,Mailed check,80.52,5098.57,No
4731-7166,Female,0,Yes,Yes,6,Yes,No,No,No internet service,No internet service,No internet service,No internet service,No internet service,No internet service,Month-to-month,No,Credit card (automatic),32.31,98.89,Yes
4732-7868,Female,0,No,No,61,Yes,No,No,No internet service,No internet service,No internet service,No internet service,No internet service,No internet service,One year,Yes,Credit card (automatic),30.8,1897.34,No
4733-3369,Male,0,No,No,36,Yes,No,DSL,Yes,No,Yes,No,Yes,Yes,Two year,Yes,Credit card (automatic),90.66,3366.39,No
4734-8446,Male,0,Yes,No,41,Yes,Yes,Fiber optic,No,No,Yes,Yes,No,Yes,One year,Yes,Credit card (automatic),79.96,3321.52,Yes
4735-4766,Male,0,No,No,70,Yes,Yes,DSL,Yes,Yes,Yes,Yes,Yes,Yes,Two year,No,Bank transfer (automatic),83.7,5915.09,No
4736-1551,Female,1,No,No,55,Yes,No,DSL,No,No,No,Yes,Yes,No,Month-to-month,No,Mailed check,72.95,3989.75,No
4737-4298,Female,0,No,No,47,Yes,No,DSL,No,Yes,Yes,No,No,Yes,Month-to-month,No,Electronic check,70.26,3298.0,No
4738-4148,Male,0,Yes,No,60,Yes,No,Fiber optic,No,No,No,No,No,Yes,Month-to-month,No,Bank transfer (automatic),107.87,6409.57,No
4739-5692,Male,0,No,No,33,Yes,Yes,DSL,No,Yes,No,No,No,No,Month-to-month,Yes,Bank transfer (automatic),63.54,2034.19,No
4740-3383,Male,0,No,No,67,No,No phone service,No,No internet service,No internet service,No internet service,No internet service,No internet service,No internet service,Month-to-month,Yes,Mailed check,18.25,1259.83,No
4741-5159,Female,0,Yes,No,57,Yes,No,DSL,No,Yes,No,No,Yes,Yes,Two year,No,Credit card (automatic),57.58,3350.03,No
4742-4851,Male,0,No,Yes,71,Yes,Yes,DSL,No,No,Yes,Yes,No,Yes,Month-to-month,Yes,Electronic check,73.86,5193.85,No
4743-3941,Male,0,Yes,Yes,40,Yes,No,DSL,Yes,No,Yes,No,No,No,Month-to-month,Yes,Bank transfer (automatic),61.11,2408.49,No
4744-7265,Male,0,No,No,46,Yes,No,Fiber optic,No,No,No,No,No,Yes,Month-to-month,No,Electronic check,84.66,4015.28,No
4745-3749,Male,0,No,No,33,Yes,No,DSL,No,No,No,No,No,No,Two year,Yes,Credit card (automatic),58.54,1853.72,No
4746-7891,Female,0,No,Yes,67,Yes,Yes,No,No internet service,No internet service,No internet service,No internet service,No internet service,No internet service,Month-to-month,No,Bank transfer (automatic),30.27,1970.66,No
4747-3257,Male,0,No,No,45,Yes,Yes,Fiber optic,Yes,Yes,No,No,No,Yes,One year,No,Bank transfer (automatic),120.0,5265.77,No
4748-8783,Male,0,Yes,Yes,11,Yes,No,No,No internet service,No internet service,No internet service,No internet service,No internet service,No internet service,Two year,Yes,Electronic check,33.35,323.63,No
4749-4285,Female,0,No,No,37,Yes,No,DSL,No,No,No,Yes,No,No,One year,Yes,Bank transfer (automatic),59.14,2182.95,No
4750-1366,Female,0,Yes,No,9,Yes,Yes,DSL,No,Yes,No,No,No,No,One year,Yes,Bank transfer (automatic),66.31,668.13,No
4751-2349,Female,0,No,No,46,Yes,No,No,No internet service,No internet service,No internet service,No internet service,No internet service,No internet service,Month-to-month,Yes,Bank transfer (automatic),29.29,1334.68,No
4752-8255,Male,0,Yes,No,51,Yes,Yes,Fiber optic,No,No,Yes,No,No,No,One year,No,Bank transfer (automatic),75.98,3931.73,No
4753-8848,Female,0,No,Yes,58,Yes,No,DSL,No,Yes,Yes,Yes,No,No,One year,No,Electronic check,58.98,3332.04,No
4754-2907,Male,0,No,No,11,Yes,Yes,DSL,No,Yes,No,Yes,Yes,Yes,One year,No,Bank transfer (automatic),67.76,662.18,No
4755-6418,Male,0,Yes,No,33,Yes,No,No,No internet service,No internet service,No internet service,No internet service,No internet service,No internet service,One year,Yes,Credit card (automatic),30.9,900.74,No
4756-6168,Female,0,Yes,Yes,25,Yes,No,DSL,No,Yes,No,No,No,Yes,Two year,No,Credit card (automatic),60.76,1573.16,No
4757-2203,Female,0,Yes,No,30,Yes,Yes,Fiber optic,No,Yes,Yes,No,Yes,No,Two year,Yes,Mailed check,81.46,2400.34,No
4758-5067,Male,0,Yes,No,68,Yes,Yes,No,No internet service,No internet service,No internet service,No internet service,No internet service,No internet service,Month-to-month,No,Mailed check,35.94,2618.44,No
4759-7244,Male,0,Yes,Yes,40,Yes,No,Fiber optic,No,Yes,Yes,No,Yes,No,Two year,No,Electronic check,92.74,3873.85,No
4760-9703,Female,0,No,No,32,Yes,Yes,Fiber optic,No,Yes,No,No,Yes,No,Month-to-month,Yes,Bank transfer (automatic),101.38,3298.45,Yes
4761-8628,Male,0,No,No,66,Yes,No,Fiber optic,Yes,Yes,Yes,No,Yes,No,Month-to-month,No,Mailed check,96.84,6253.68,No
4762-1880,Female,0,No,No,38,Yes,No,Fiber optic,No,Yes,No,No,Yes,Yes,Month-to-month,Yes,Electronic check,112.34,4260.01,No
4763-3137,Male,0,Yes,No,30,Yes,Yes,Fiber optic,Yes,No,No,No,Yes,No,Month-to-month,Yes,Bank transfer (automatic),103.74,3124.46,No
4764-4929,Male,0,Yes,No,39,Yes,No,DSL,No,No,Yes,No,No,Yes,Month-to-month,Yes,Credit card (automatic),59.63,2339.06,No
4765-2355,Male,0,Yes,No,61,Yes,No,Fiber optic,No,Yes,Yes,No,No,Yes,Two year,Yes,Bank transfer (automatic),88.69,5237.74,No
4766-6135,Female,1,No,No,33,No,No phone service,No,No internet service,No internet service,No internet service,No internet service,No internet service,No internet service,Month-to-month,No,Electronic check,18.25,522.04,No
4767-1077,Female,1,No,No,45,Yes,Yes,Fiber optic,Yes,No,Yes,No,Yes,Yes,Month-to-month,No,Electronic check,100.82,4447.56,No
4768-2021,Male,0,No,No,13,Yes,No,Fiber optic,Yes,No,No,No,No,Yes,One year,No,Electronic check,75.23,963.7,No
4769-1425,Male,1,No,Yes,0,Yes,No,Fiber optic,No,No,No,No,No,No,Month-to-month,Yes,Mailed check,67.76,,Yes
4770-3659,Male,1,No,No,4,Yes,No,Fiber optic,No,No,Yes,No,No,No,Two year,Yes,Credit card (automatic),68.89,309.52,No
4771-7859,Female,0,No,No,34,Yes,Yes,Fiber optic,No,No,Yes,No,Yes,No,Month-to-month,Yes,Bank transfer (automatic),89.48,2984.16,No
4772-2595,Male,0,Yes,Yes,52,Yes,Yes,Fiber optic,No,Yes,Yes,No,Yes,No,Two year,No,Mailed check,97.02,5060.33,No
4773-9883,Male,0,No,No,15,Yes,No,DSL,Yes,No,No,No,Yes,No,Month-to-month,Yes,Bank transfer (automatic),76.31,1156.7,No
4774-3425,Female,0,No,No,68,Yes,Yes,DSL,No,No,No,No,No,No,Month-to-month,Yes,Credit card (automatic),59.4,3993.42,No
4775-1403,Male,0,Yes,No,10,No,No phone service,DSL,No,Yes,No,No,No,No,Month-to-month,Yes,Bank transfer (automatic),56.67,611.5,No
4776-4019,Female,0,No,No,50,Yes,No,Fiber optic,No,No,Yes,Yes,Yes,No,Two year,Yes,Bank transfer (automatic),71.77,3682.61,No
4777-7731,Male,0,No,Yes,17,Yes,Yes,Fiber optic,Yes,No,Yes,No,Yes,Yes,Month-to-month,No,Electronic check,106.45,1736.14,Yes
4778-1959,Male,0,No,Yes,4,Yes,Yes,Fiber optic,No,No,No,No,No,No,Month-to-month,Yes,Bank transfer (automatic),88.56,294.47,Yes
4779-1646,Male,0,Yes,Yes,52,No,No phone service,Fiber optic,No,Yes,Yes,Yes,No,No,Month-to-month,No,Credit card (automatic),70.05,3637.03,No
4780-8643,Female,0,Yes,No,37,Yes,Yes,Fiber optic,No,Yes,No,No,Yes,No,Month-to-month,Yes,Electronic check,95.85,3629.08,No
4781-6328,Male,0,No,No,45,Yes,Yes,Fiber optic,Yes,Yes,Yes,Yes,No,No,Month-to-month,Yes,Electronic check,93.94,4190.6,No
4782-4088,Male,0,Yes,No,68,Yes,Yes,Fiber optic,No,No,Yes,Yes,No,No,Month-to-month,Yes,Credit card (automatic),80.06,5572.72,No
4783-7803,Male,0,Yes,No,39,Yes,No,Fiber optic,Yes,Yes,No,No,No,No,Two year,No,Mailed check,92.16,3703.49,No
4784-8598,Female,0,Yes,No,61,Yes,Yes,DSL,Yes,No,No,No,Yes,Yes,Two year,Yes,Mailed check,72.04,4262.19,No
4785-4232,Male,0,Yes,Yes,36,Yes,Yes,Fiber optic,Yes,No,No,No,No,No,Month-to-month,Yes,Bank transfer (automatic),91.14,3304.91,Yes
4786-6050,Female,0,No,Yes,25,Yes,No,DSL,No,Yes,Yes,No,No,Yes,Two year,Yes,Mailed check,65.73,1644.94,No
4787-1098,Male,0,No,No,28,Yes,No,DSL,No,No,Yes,No,No,No,Month-to-month,Yes,Credit card (automatic),46.27,1231.04,No
4788-3754,Male,0,Yes,Yes,25,Yes,Yes,Fiber optic,No,No,No,No,Yes,No,Month-to-month,No,Electronic check,93.39,2326.06,Yes
4789-6356,Male,0,No,No,64,Yes,No,DSL,No,No,Yes,No,No,Yes,Month-to-month,Yes,Bank transfer (automatic),61.69,3994.31,No
4790-2773,Male,0,Yes,Yes,37,Yes,No,DSL,No,Yes,Yes,Yes,No,Yes,Month-to-month,No,Mailed check,54.91,2008.28,No
4791-9920,Male,0,Yes,No,68,No,No phone service,DSL,Yes,Yes,Yes,No,Yes,Yes,Month-to-month,Yes,Mailed check,56.38,3928.37,No
4792-9739,Male,1,No,No,18,Yes,No,Fiber optic,No,No,No,No,No,No,Two year,No,Mailed check,68.44,1154.12,No
4793-3318,Male,0,No,No,55,Yes,No,DSL,Yes,No,Yes,Yes,No,No,One year,Yes,Credit card (automatic),61.0,3358.08,No
4794-4566,Male,1,Yes,No,8,Yes,No,No,No internet service,No internet service,No internet service,No internet service,No internet service,No internet service,Month-to-month,Yes,Mailed check,28.11,224.49,Yes
4795-2705,Female,0,No,No,21,No,No phone service,Fiber optic,No,Yes,Yes,No,No,No,Month-to-month,No,Electronic check,65.76,1302.94,Yes
4796-5535,Female,0,Yes,Yes,2,Yes,No,DSL,Yes,No,No,No,No,Yes,Month-to-month,No,Electronic check,59.87,0.0,Yes
4797-2115,Male,1,No,No,66,Yes,Yes,Fiber optic,Yes,No,Yes,No,Yes,Yes,Month-to-month,Yes,Credit card (automatic),99.59,6601.34,No
4798-4518,Female,1,Yes,Yes,21,Yes,No,Fiber optic,No,Yes,No,Yes,Yes,No,Month-to-month,Yes,Mailed check,69.71,1413.24,No
4799-5996,Male,0,No,Yes,59,Yes,No,Fiber optic,Yes,Yes,No,Yes,No,No,Month-to-month,Yes,Bank transfer (automatic),69.78,3995.39,No
4800-6505,Female,0,No,No,31,Yes,Yes,DSL,Yes,No,Yes,No,No,Yes,Month-to-month,Yes,Bank transfer (automatic),52.35,1619.71,No
4801-6367,Female,0,Yes,Yes,9,Yes,Yes,Fiber optic,No,No,No,No,No,Yes,Month-to-month,Yes,Electronic check,83.9,718.25,No
4802-2992,Male,0,No,Yes,25,Yes,No,Fiber optic,Yes,No,No,No,No,Yes,Two year,Yes,Electronic check,112.78,2820.76,Yes
4803-8129,Male,0,No,No,24,Yes,No,No,No internet service,No internet service,No internet service,No internet service,No internet service,No internet service,One year,Yes,Bank transfer (automatic),34.73,914.05,No
4804-7225,Female,0,Yes,No,37,Yes,No,Fiber optic,No,Yes,No,No,No,Yes,Month-to-month,Yes,Mailed check,110.52,4066.89,Yes
4805-7776,Female,0,No,No,23,Yes,No,DSL,No,No,No,No,No,No,Month-to-month,Yes,Bank transfer (automatic),45.05,1142.88,No
4806-5210,Male,0,No,Yes,49,Yes,Yes,Fiber optic,Yes,Yes,No,Yes,No,Yes,Two year,Yes,Bank transfer (automatic),93.28,4598.02,No
4807-9031,Female,0,Yes,No,53,Yes,No,DSL,Yes,Yes,Yes,Yes,No,Yes,Month-to-month,No,Mailed check,79.17,4220.29,No
4808-4508,Female,0,No,No,11,Yes,No,Fiber optic,No,Yes,No,No,Yes,Yes,Month-to-month,Yes,Credit card (automatic),112.0,1073.24,Yes
4809-8251,Male,0,Yes,No,38,Yes,Yes,Fiber optic,Yes,No,Yes,Yes,No,No,Month-to-month,No,Credit card (automatic),75.05,2812.9,No
4810-2831,Male,1,No,No,42,Yes,Yes,DSL,Yes,No,Yes,No,No,No,Two year,Yes,Mailed check,51.39,2199.81,No
4811-3225,Male,0,No,No,19,No,No phone service,DSL,Yes,No,No,Yes,No,Yes,Month-to-month,Yes,Mailed check,56.44,1071.87,No
4812-5740,Male,0,No,No,56,Yes,No,DSL,No,No,Yes,No,No,Yes,One year,No,Mailed check,49.9,2706.15,No
4813-6002,Male,0,No,No,16,Yes,No,DSL,No,Yes,Yes,Yes,Yes,No,Month-to-month,No,Electronic check,59.7,906.7,Yes
4814-7715,Male,0,No,Yes,63,Yes,No,Fiber optic,Yes,No,No,No,Yes,Yes,Month-to-month,No,Bank transfer (automatic),105.15,6724.59,No
4815-3676,Female,0,Yes,No,33,Yes,No,Fiber optic,Yes,Yes,No,Yes,No,No,Month-to-month,No,Credit card (automatic),98.67,3263.83,No
4816-8852,Female,0,Yes,Yes,26,Yes,Yes,DSL,No,Yes,Yes,No,No,No,One year,Yes,Electronic check,50.72,1362.99,No
4817-3967,Female,1,No,No,48,Yes,Yes,DSL,Yes,No,Yes,No,Yes,No,One year,No,Bank transfer (automatic),72.8,3574.68,No
4818-5807,Male,1,Yes,No,45,Yes,No,No,No internet service,No internet service,No internet service,No internet service,No internet service,No internet service,One year,Yes,Bank transfer (automatic),27.59,1267.78,No
4819-9386,Male,0,No,Yes,37,Yes,No,DSL,No,No,Yes,No,Yes,Yes,Month-to-month,Yes,Electronic check,77.54,2893.15,Yes
4820-5854,Female,0,Yes,Yes,50,Yes,No,No,No internet service,No internet service,No internet service,No internet service,No internet service,No internet service,One year,No,Mailed check,29.69,1437.22,No
4821-7136,Male,0,Yes,No,19,Yes,Yes,DSL,Yes,Yes,No,Yes,Yes,Yes,Month-to-month,Yes,Credit card (automatic),74.71,1505.82,No
4822-9176,Female,0,Yes,No,59,Yes,No,No,No internet service,No internet service,No internet service,No internet service,No internet service,No internet service,Month-to-month,Yes,Electronic check,25.2,1442.56,No
4823-9770,Male,0,No,No,45,Yes,No,Fiber optic,Yes,No,No,No,No,No,Two year,Yes,Credit card (automatic),88.88,4057.41,No
4824-5494,Female,0,Yes,No,15,Yes,No,DSL,No,Yes,No,No,No,Yes,Month-to-month,Yes,Mailed check,58.1,948.77,Yes
4825-4751,Female,0,Yes,No,72,Yes,No,DSL,No,No,Yes,No,No,No,One year,Yes,Credit card (automatic),58.9,4296.21,No
4826-2772,Female,0,No,No,63,No,No phone service,DSL,No,Yes,No,Yes,No,No,Month-to-month,Yes,Credit card (automatic),42.94,2729.63,No
4827-5836,Female,0,No,No,12,Yes,Yes,DSL,No,No,Yes,No,No,Yes,Month-to-month,No,Mailed check,53.64,549.48,No
4828-9264,Male,0,No,No,57,Yes,No,Fiber optic,No,No,No,No,Yes,Yes,Two year,No,Bank transfer (automatic),96.02,5591.84,No
4829-5383,Female,0,Yes,Yes,38,Yes,No,Fiber optic,Yes,No,Yes,No,No,Yes,Month-to-month,Yes,Bank transfer (automatic),95.72,3688.01,No
4830-4135,Female,0,Yes,Yes,56,Yes,Yes,Fiber optic,No,Yes,No,No,No,Yes,Month-to-month,No,Mailed check,94.76,5213.54,No
4831-1965,Male,0,No,Yes,27,Yes,No,DSL,No,Yes,No,No,Yes,Yes,Two year,No,Electronic check,74.66,1993.97,No
4832-4507,Female,0,Yes,No,17,No,No phone service,Fiber optic,No,No,No,Yes,Yes,Yes,Two year,No,Bank transfer (automatic),95.54,1624.79,Yes
4833-3130,Male,0,Yes,No,15,Yes,Yes,DSL,No,Yes,Yes,No,Yes,Yes,Month-to-month,Yes,Electronic check,85.96,1356.47,Yes
4834-9789,Male,0,No,Yes,4,Yes,Yes,DSL,No,No,Yes,Yes,Yes,Yes,Month-to-month,Yes,Bank transfer (automatic),77.74,167.69,No
4835-5748,Male,0,Yes,No,63,Yes,No,DSL,Yes,No,Yes,No,Yes,Yes,Month-to-month,No,Credit card (automatic),68.52,4328.33,No
4836-2232,Male,0,No,No,22,Yes,Yes,Fiber optic,No,No,Yes,Yes,No,No,One year,Yes,Electronic check,70.11,1554.06,No
4837-1606,Female,0,Yes,No,69,Yes,No,DSL,No,Yes,No,No,Yes,No,One year,No,Mailed check,68.14,4630.98,No
4838-8655,Male,0,Yes,No,16,Yes,Yes,DSL,Yes,No,No,No,No,No,One year,Yes,Electronic check,72.82,1221.82,No
4839-9382,Male,0,Yes,Yes,25,Yes,No,Fiber optic,No,No,No,No,No,No,Month-to-month,No,Mailed check,76.24,1907.25,No
4840-7866,Male,1,No,No,64,Yes,No,No,No internet service,No internet service,No internet service,No internet service,No internet service,No internet service,Month-to-month,No,Mailed check,32.75,2145.34,No
4841-2114,Male,0,No,Yes,25,Yes,Yes,Fiber optic,No,No,No,No,No,No,Month-to-month,No,Credit card (automatic),62.73,1503.91,No
4842-1884,Female,0,No,Yes,55,Yes,Yes,No,No internet service,No internet service,No internet service,No internet service,No internet service,No internet service,Two year,No,Electronic check,30.46,1712.29,No
4843-2781,Female,1,Yes,Yes,6,Yes,Yes,DSL,No,No,No,No,No,Yes,Month-to-month,No,Bank transfer (automatic),61.7,418.5,No
4844-7759,Male,0,No,No,69,Yes,Yes,No,No internet service,No internet service,No internet service,No internet service,No internet service,No internet service,Month-to-month,No,Bank transfer (automatic),28.95,1949.46,No
4845-7887,Male,0,No,Yes,45,Yes,No,DSL,No,No,Yes,Yes,Yes,No,One year,Yes,Electronic check,55.5,2454.8,No
4846-8539,Female,0,No,No,54,Yes,No,DSL,Yes,Yes,Yes,No,No,No,Two year,Yes,Mailed check,51.62,2699.07,No
4847-1872,Female,0,No,No,1,Yes,Yes,DSL,No,Yes,No,Yes,No,Yes,Month-to-month,No,Electronic check,62.36,0.0,No
4848-2378,Female,0,No,No,70,No,No phone service,Fiber optic,Yes,No,No,No,No,No,Month-to-month,Yes,Electronic check,75.98,5273.01,No
4849-9101,Female,0,No,No,36,Yes,No,DSL,No,No,No,No,No,No,One year,No,Mailed check,53.02,1909.39,No
4850-9357,Female,0,Yes,No,15,Yes,No,Fiber optic,No,No,Yes,Yes,Yes,Yes,Two year,Yes,Electronic check,84.2,1306.83,No
4851-7530,Male,0,No,No,11,Yes,No,Fiber optic,No,Yes,Yes,Yes,No,Yes,Month-to-month,Yes,Bank transfer (automatic),85.08,965.2,Yes
4852-1954,Male,0,Yes,No,6,Yes,No,DSL,No,No,Yes,No,No,No,Two year,Yes,Electronic check,58.13,418.94,No
4853-1617,Male,0,No,No,49,Yes,No,No,No internet service,No internet service,No internet service,No internet service,No internet service,No internet service,Two year,Yes,Bank transfer (automatic),30.19,1437.76,No
4854-1500,Female,0,Yes,No,15,Yes,No,DSL,Yes,No,No,No,No,Yes,Month-to-month,No,Electronic check,65.41,878.84,No
4855-7225,Male,0,Yes,Yes,67,Yes,Yes,DSL,No,Yes,No,Yes,Yes,No,Month-to-month,Yes,Mailed check,66.97,4399.53,No
4856-8612,Male,1,Yes,No,16,Yes,No,DSL,No,No,Yes,No,Yes,No,Month-to-month,No,Electronic check,71.39,1229.93,No
4857-6684,Male,0,No,No,6,No,No phone service,DSL,No,Yes,Yes,Yes,No,Yes,Month-to-month,Yes,Bank transfer (automatic),56.48,176.26,No
4858-3358,Female,0,Yes,No,62,Yes,No,DSL,No,Yes,No,No,No,Yes,Month-to-month,No,Credit card (automatic),63.92,4046.04,No
4859-7815,Female,0,No,No,56,Yes,No,DSL,No,No,Yes,Yes,No,Yes,Month-to-month,No,Electronic check,57.98,3146.14,No
4860-1532,Female,0,No,No,37,Yes,No,DSL,No,No,Yes,No,Yes,Yes,One year,No,Bank transfer (automatic),70.12,2612.78,No
4861-8452,Male,0,Yes,No,60,Yes,Yes,No,No internet service,No internet service,No internet service,No internet service,No internet service,No internet service,Month-to-month,Yes,Mailed check,33.89,2142.36,No
4862-9026,Female,0,No,No,52,Yes,No,No,No internet service,No internet service,No internet service,No internet service,No internet service,No internet service,Two year,Yes,Bank transfer (automatic),31.66,1658.03,No
4863-7464,Male,0,No,No,12,Yes,No,No,No internet service,No internet service,No internet service,No internet service,No internet service,No internet service,One year,No,Mailed check,26.76,338.56,No
4864-8912,Female,0,No,No,30,Yes,Yes,DSL,No,No,Yes,No,No,No,Month-to-month,Yes,Mailed check,53.61,1539.66,No
4865-6275,Male,0,Yes,No,67,Yes,Yes,DSL,Yes,No,Yes,No,Yes,Yes,Month-to-month,Yes,Credit card (automatic),75.81,5104.69,No
4866-5214,Female,0,No,Yes,49,Yes,No,Fiber optic,No,No,No,Yes,No,No,Month-to-month,Yes,Credit card (automatic),80.31,3985.2,No
4867-3901,Female,1,Yes,No,45,Yes,Yes,Fiber optic,No,Yes,Yes,Yes,No,Yes,Month-to-month,No,Credit card (automatic),94.39,4410.74,Yes
4868-9294,Male,1,No,Yes,12,Yes,Yes,DSL,No,No,No,No,Yes,No,Two year,Yes,Electronic check,60.0,710.34,No
4869-7274,Male,1,No,No,39,Yes,No,No,No internet service,No internet service,No internet service,No internet service,No internet service,No internet service,Month-to-month,Yes,Credit card (automatic),31.26,1438.64,No
4870-2714,Male,0,Yes,Yes,12,Yes,No,No,No internet service,No internet service,No internet service,No internet service,No internet service,No internet service,Month-to-month,No,Bank transfer (automatic),28.34,251.5,No
4871-9611,Female,1,Yes,Yes,49,Yes,Yes,DSL,Yes,No,No,No,No,No,One year,No,Credit card (automatic),69.63,3444.48,No
4872-1532,Female,0,No,No,16,Yes,No,No,No internet service,No internet service,No internet service,No internet service,No internet service,No internet service,Month-to-month,Yes,Bank transfer (automatic),28.49,429.04,No
4873-6287,Female,0,Yes,Yes,21,Yes,No,DSL,Yes,Yes,Yes,Yes,No,No,Month-to-month,No,Electronic check,56.32,1168.11,No
4874-2714,Male,0,Yes,No,41,Yes,No,Fiber optic,Yes,Yes,No,Yes,No,No,Month-to-month,Yes,Bank transfer (automatic),102.76,4113.73,No
4875-6978,Female,1,Yes,No,1,Yes,No,DSL,Yes,Yes,Yes,No,No,Yes,Month-to-month,No,Electronic check,68.81,138.75,No
4876-4713,Female,0,No,Yes,51,Yes,No,Fiber optic,No,No,No,No,No,No,Month-to-month,Yes,Mailed check,68.64,3604.26,No
4877-4933,Male,0,Yes,No,32,Yes,No,DSL,No,No,Yes,No,No,Yes,Two year,Yes,Electronic check,67.26,2181.61,No
4878-7043,Female,0,No,Yes,37,Yes,Yes,Fiber optic,Yes,Yes,No,No,No,Yes,Month-to-month,Yes,Bank transfer (automatic),98.51,3703.64,Yes
4879-7804,Female,0,No,No,54,Yes,Yes,DSL,No,Yes,Yes,Yes,Yes,Yes,Month-to-month,No,Mailed check,70.59,3741.24,No
4880-4420,Female,0,No,No,56,Yes,No,Fiber optic,No,No,No,No,No,Yes,Month-to-month,Yes,Credit card (automatic),91.64,5044.99,No
4881-9978,Male,0,No,No,67,Yes,Yes,Fiber optic,No,No,Yes,No,No,Yes,Two year,Yes,Bank transfer (automatic),85.77,5811.58,No
4882-5485,Female,0,No,No,13,Yes,Yes,DSL,No,No,Yes,No,Yes,No,Month-to-month,No,Credit card (automatic),75.3,1002.85,Yes
4883-2443,Female,0,Yes,No,31,Yes,No,Fiber optic,No,Yes,No,No,Yes,No,Month-to-month,No,Credit card (automatic),87.52,2822.92,Yes
4884-1057,Female,0,Yes,No,6,Yes,Yes,No,No internet service,No internet service,No internet service,No internet service,No internet service,No internet service,Two year,Yes,Credit card (automatic),34.57,246.44,No
4885-2821,Male,0,Yes,No,19,Yes,Yes,No,No internet service,No internet service,No internet service,No internet service,No internet service,No internet service,Month-to-month,Yes,Bank transfer (automatic),32.27,459.22,No
4886-7219,Male,0,Yes,No,40,Yes,No,No,No internet service,No internet service,No internet service,No internet service,No internet service,No internet service,One year,Yes,Bank transfer (automatic),34.69,1356.81,No
4887-5854,Female,0,Yes,No,9,Yes,Yes,DSL,Yes,No,Yes,No,No,Yes,Month-to-month,Yes,Mailed check,61.65,646.54,No
4888-4040,Female,0,No,No,32,Yes,No,Fiber optic,No,No,Yes,No,No,No,Month-to-month,Yes,Electronic check,86.41,2708.79,No
4889-5331,Female,0,Yes,No,68,Yes,No,No,No internet service,No internet service,No internet service,No internet service,No internet service,No internet service,Two year,Yes,Bank transfer (automatic),32.39,2209.41,No
4890-8542,Male,0,Yes,Yes,5,Yes,No,No,No internet service,No internet service,No internet service,No internet service,No internet service,No internet service,Month-to-month,Yes,Electronic check,32.61,89.47,No
4891-6143,Female,1,No,No,16,Yes,Yes,DSL,Yes,No,No,Yes,No,No,One year,Yes,Electronic check,56.49,988.19,No
4892-1522,Female,0,Yes,Yes,20,Yes,Yes,No,No internet service,No internet service,No internet service,No internet service,No internet service,No internet service,Month-to-month,Yes,Bank transfer (automatic),31.62,624.94,No
4893-1441,Female,1,No,Yes,66,Yes,No,Fiber optic,Yes,No,Yes,No,No,Yes,One year,Yes,Mailed check,103.01,6812.68,No
4894-5337,Male,1,Yes,No,53,Yes,No,Fiber optic,Yes,Yes,No,No,No,No,Month-to-month,Yes,Credit card (automatic),89.46,4757.65,No
4895-4638,Male,0,No,Yes,13,Yes,No,Fiber optic,Yes,No,No,Yes,No,No,Two year,Yes,Mailed check,90.14,1201.54,No
4896-8653,Male,0,Yes,No,51,Yes,Yes,DSL,No,Yes,Yes,No,No,No,Month-to-month,No,Bank transfer (automatic),53.68,2667.33,No
4897-6246,Female,0,Yes,No,1,Yes,Yes,DSL,Yes,Yes,No,Yes,Yes,Yes,Two year,Yes,Electronic check,93.61,180.24,Yes
4898-7811,Female,0,No,Yes,58,Yes,Yes,DSL,No,No,Yes,No,Yes,No,Month-to-month,Yes,Bank transfer (automatic),64.19,3763.93,No
4899-6266,Female,0,Yes,Yes,16,Yes,No,Fiber optic,No,No,Yes,No,No,Yes,Month-to-month,Yes,Mailed check,82.33,1350.45,No
4900-4107,Female,0,Yes,Yes,51,Yes,Yes,Fiber optic,No,Yes,No,No,No,Yes,Month-to-month,No,Electronic check,111.46,5735.24,Yes
4901-6915,Male,0,Yes,No,35,Yes,Yes,Fiber optic,Yes,Yes,No,Yes,No,Yes,Month-to-month,Yes,Bank transfer (automatic),95.32,3345.01,No
4902-6592,Male,0,No,Yes,53,Yes,No,Fiber optic,No,Yes,Yes,No,Yes,No,One year,Yes,Electronic check,79.02,4232.09,No
4903-7481,Female,0,Yes,No,25,No,No phone service,Fiber optic,Yes,Yes,No,No,No,No,Month-to-month,Yes,Electronic check,67.33,1648.25,Yes
4904-2702,Male,0,No,No,38,Yes,Yes,DSL,No,Yes,No,No,No,No,Two year,Yes,Bank transfer (automatic),63.24,2511.66,No
4905-6773,Female,0,No,No,66,No,No phone service,DSL,Yes,No,Yes,No,No,Yes,Two year,Yes,Electronic check,46.9,2904.0,No
4906-3568,Male,0,No,Yes,58,Yes,No,Fiber optic,Yes,Yes,No,No,Yes,Yes,Month-to-month,No,Electronic check,75.18,4395.24,No
4907-8111,Male,1,No,No,39,Yes,No,Fiber optic,Yes,No,Yes,No,No,Yes,Two year,Yes,Electronic check,82.2,3177.77,No
4908-8185,Female,0,Yes,No,67,Yes,No,No,No internet service,No internet service,No internet service,No internet service,No internet service,No internet service,Two year,Yes,Electronic check,28.98,2113.0,No
4909-6622,Male,0,No,No,8,Yes,No,No,No internet service,No internet service,No internet service,No internet service,No internet service,No internet service,Month-to-month,No,Electronic check,29.22,241.44,No
4910-9519,Male,1,Yes,No,51,Yes,No,Fiber optic,Yes,No,No,Yes,No,No,Two year,Yes,Electronic check,94.15,4865.38,No
4911-5837,Female,1,Yes,Yes,45,Yes,Yes,DSL,Yes,No,Yes,No,No,Yes,Two year,No,Credit card (automatic),72.14,3116.77,No
4912-1226,Female,0,No,Yes,18,Yes,Yes,No,No internet service,No internet service,No internet service,No internet service,No internet service,No internet service,Month-to-month,No,Mailed check,28.56,441.66,No
4913-6455,Male,0,No,No,28,Yes,No,DSL,No,No,Yes,No,Yes,No,One year,No,Electronic check,51.61,1449.1,No
4914-7998,Female,0,Yes,No,29,No,No phone service,Fiber optic,No,Yes,No,Yes,No,Yes,Month-to-month,Yes,Credit card (automatic),82.6,2465.73,No
4915-1910,Female,0,No,No,49,No,No phone service,No,No internet service,No internet service,No internet service,No internet service,No internet service,No internet service,One year,Yes,Mailed check,18.25,876.18,No
4916-1941,Male,0,No,No,45,Yes,No,No,No internet service,No internet service,No internet service,No internet service,No internet service,No internet service,One year,Yes,Bank transfer (automatic),31.05,1502.58,No
4917-3458,Male,0,Yes,Yes,57,Yes,No,No,No internet service,No internet service,No internet service,No internet service,No internet service,No internet service,Month-to-month,No,Electronic check,28.76,1651.74,No
4918-8597,Male,0,No,No,47,Yes,No,DSL,No,Yes,Yes,No,No,Yes,Two year,Yes,Mailed check,78.72,3887.79,No
4919-5746,Female,0,No,No,71,Yes,Yes,Fiber optic,No,Yes,No,Yes,Yes,No,Two year,Yes,Bank transfer (automatic),88.45,6246.81,No
4920-9786,Male,0,No,No,60,No,No phone service,Fiber optic,No,Yes,No,No,No,No,Two year,No,Mailed check,58.43,3611.71,No
4921-8856,Female,0,No,No,42,Yes,No,DSL,No,Yes,No,Yes,No,No,Month-to-month,Yes,Credit card (automatic),46.22,1983.1,No
4922-5992,Male,0,Yes,No,1,Yes,Yes,Fiber optic,No,No,No,Yes,No,No,Month-to-month,Yes,Credit card (automatic),75.07,94.29,Yes
4923-7110,Male,0,No,No,26,Yes,Yes,Fiber optic,No,Yes,No,Yes,No,No,One year,Yes,Bank transfer (automatic),71.52,1821.27,No
4924-3978,Female,0,Yes,Yes,9,Yes,Yes,No,No internet service,No internet service,No internet service,No internet service,No internet service,No internet service,One year,Yes,Electronic check,29.85,301.18,No
4925-1813,Male,0,No,No,31,No,No phone service,Fiber optic,No,No,Yes,Yes,No,Yes,Two year,No,Mailed check,69.62,2092.17,No
4926-4588,Male,0,No,Yes,72,No,No phone service,DSL,Yes,No,Yes,No,No,No,Two year,Yes,Electronic check,41.03,2954.81,No
4927-6329,Male,0,No,No,29,Yes,Yes,No,No internet service,No internet service,No internet service,No internet service,No internet service,No internet service,Month-to-month,Yes,Mailed check,32.59,844.27,No
4928-2639,Female,0,Yes,Yes,59,Yes,No,Fiber optic,Yes,No,No,No,No,No,One year,Yes,Mailed check,80.75,4839.31,No
4929-2995,Male,1,No,No,32,No,No phone service,Fiber optic,No,No,No,No,No,No,Month-to-month,Yes,Electronic check,78.0,2472.44,No
4930-1134,Female,0,No,No,42,Yes,Yes,No,No internet service,No internet service,No internet service,No internet service,No internet service,No internet service,Two year,Yes,Bank transfer (automatic),27.84,1248.33,No
4931-7605,Female,0,Yes,No,2,Yes,Yes,Fiber optic,No,No,No,No,No,No,Month-to-month,No,Electronic check,67.2,204.38,No
4932-9093,Female,0,Yes,No,50,Yes,No,Fiber optic,No,Yes,Yes,No,Yes,No,Month-to-month,Yes,Credit card (automatic),87.34,4453.0,Yes
4933-8446,Male,0,Yes,No,18,Yes,No,Fiber optic,No,Yes,No,Yes,Yes,No,Month-to-month,Yes,Electronic check,91.68,1603.65,Yes
4934-4419,Male,0,No,No,33,Yes,Yes,No,No internet service,No internet service,No internet service,No internet service,No internet service,No internet service,Month-to-month,Yes,Electronic check,26.96,1012.57,No
4935-6340,Male,0,Yes,No,72,No,No phone service,Fiber optic,No,Yes,Yes,Yes,No,Yes,Month-to-month,No,Electronic check,61.98,4519.81,No
4936-9646,Female,1,No,Yes,16,No,No phone service,Fiber optic,No,Yes,No,No,No,No,Two year,Yes,Bank transfer (automatic),48.87,688.29,No
4937-6321,Male,0,No,No,67,Yes,Yes,No,No internet service,No internet service,No internet service,No internet service,No internet service,No internet service,One year,Yes,Bank transfer (automatic),28.17,1879.22,No
4938-3662,Female,0,No,No,60,No,No phone service,DSL,No,Yes,No,No,Yes,No,Month-to-month,Yes,Electronic check,52.03,3139.64,No
4939-4046,Female,0,No,Yes,3,Yes,No,No,No internet service,No internet service,No internet service,No internet service,No internet service,No internet service,Month-to-month,Yes,Electronic check,36.98,132.62,No
4940-7543,Male,0,Yes,No,26,Yes,No,No,No internet service,No internet service,No internet service,No internet service,No internet service,No internet service,Month-to-month,Yes,Electronic check,25.47,834.79,No
4941-5015,Male,0,Yes,No,71,Yes,No,DSL,No,Yes,No,Yes,Yes,No,Two year,Yes,Electronic check,73.16,5131.76,No
4942-8534,Male,0,Yes,No,33,Yes,No,Fiber optic,No,No,No,No,No,No,One year,Yes,Electronic check,69.02,2274.51,No
4943-8776,Female,0,No,Yes,57,No,No phone service,No,No internet service,No internet service,No internet service,No internet service,No internet service,No internet service,Month-to-month,No,Credit card (automatic),18.25,1016.72,No
4944-1322,Male,0,No,No,67,Yes,Yes,Fiber optic,No,Yes,No,Yes,No,Yes,Month-to-month,No,Electronic check,95.14,6356.11,No
4945-7509,Male,1,No,No,0,No,No phone service,DSL,Yes,No,Yes,Yes,Yes,Yes,Two year,Yes,Electronic check,58.23,,No
4946-4329,Male,0,No,No,53,Yes,No,DSL,Yes,Yes,Yes,Yes,No,Yes,Two year,Yes,Electronic check,70.56,3754.73,No
4947-5677,Female,1,No,Yes,66,Yes,No,DSL,No,No,Yes,No,No,No,Two year,No,Bank transfer (automatic),55.85,3754.76,No
4948-3382,Female,0,No,No,42,Yes,Yes,Fiber optic,Yes,No,Yes,No,No,Yes,Month-to-month,No,Credit card (automatic),94.8,4041.27,No
4949-4313,Male,1,No,No,70,Yes,No,Fiber optic,No,Yes,No,No,No,No,Month-to-month,No,Electronic check,74.0,5212.98,No
4950-3973,Male,0,Yes,Yes,51,Yes,Yes,Fiber optic,No,No,No,Yes,Yes,Yes,Month-to-month,Yes,Mailed check,97.83,5075.3,No
4951-1453,Male,0,Yes,Yes,45,Yes,Yes,Fiber optic,Yes,Yes,Yes,Yes,Yes,No,Two year,Yes,Electronic check,89.56,4088.13,No
4952-8044,Male,0,No,No,9,Yes,Yes,Fiber optic,No,No,No,Yes,Yes,No,Month-to-month,Yes,Electronic check,73.8,685.08,No
4953-2286,Female,0,No,No,57,Yes,No,Fiber optic,No,No,No,No,No,No,Two year,Yes,Mailed check,95.21,5405.99,No
4954-4381,Male,0,No,Yes,62,Yes,Yes,No,No internet service,No internet service,No internet service,No internet service,No internet service,No internet service,Month-to-month,No,Credit card (automatic),30.53,1910.42,No
4955-2737,Female,0,Yes,No,24,Yes,Yes,No,No internet service,No internet service,No internet service,No internet service,No internet service,No internet service,Month-to-month,Yes,Credit card (automatic),34.09,866.61,No
4956-2445,Male,0,No,Yes,11,Yes,Yes,Fiber optic,No,Yes,Yes,Yes,No,Yes,Month-to-month,No,Bank transfer (automatic),95.0,1002.52,No
4957-4360,Male,0,Yes,Yes,41,No,No phone service,DSL,Yes,No,No,Yes,Yes,Yes,Two year,Yes,Mailed check,73.61,3031.68,No
4958-9267,Female,0,Yes,Yes,68,Yes,Yes,No,No internet service,No internet service,No internet service,No internet service,No internet service,No internet service,Two year,Yes,Bank transfer (automatic),33.55,2254.49,No
4959-9496,Female,0,No,Yes,53,Yes,No,No,No internet service,No internet service,No internet service,No internet service,No internet service,No internet service,Month-to-month,No,Mailed check,24.51,1279.61,No
4960-4434,Female,1,No,No,59,Yes,No,No,No internet service,No internet service,No internet service,No internet service,No internet service,No internet service,Month-to-month,No,Mailed check,28.3,1685.09,No
4961-5545,Male,0,Yes,Yes,40,Yes,No,Fiber optic,No,No,No,No,No,No,Month-to-month,Yes,Mailed check,80.07,3311.49,No
4962-9870,Male,0,Yes,No,30,Yes,Yes,DSL,Yes,Yes,Yes,No,No,Yes,Month-to-month,Yes,Electronic check,69.25,2102.79,No
4963-3113,Male,0,No,No,22,Yes,Yes,Fiber optic,No,No,No,No,Yes,No,Month-to-month,Yes,Credit card (automatic),88.39,2021.25,No
4964-9501,Female,1,Yes,No,58,Yes,Yes,DSL,No,No,Yes,Yes,No,Yes,Month-to-month,Yes,Bank transfer (automatic),54.94,3258.35,No
4965-1951,Male,0,Yes,No,47,Yes,No,Fiber optic,No,No,No,No,No,Yes,One year,No,Mailed check,60.28,2952.05,No
4966-3032,Female,0,No,No,54,Yes,No,Fiber optic,No,No,No,No,No,No,Month-to-month,Yes,Mailed check,72.66,3884.16,No
4967-4044,Female,1,No,No,61,Yes,Yes,No,No internet service,No internet service,No internet service,No internet service,No internet service,No internet service,Two year,No,Credit card (automatic),28.61,1728.14,No
4968-1333,Female,0,Yes,Yes,71,Yes,Yes,Fiber optic,No,No,No,Yes,Yes,Yes,Month-to-month,No,Electronic check,89.96,6446.33,No
4969-8340,Male,1,No,No,61,Yes,Yes,Fiber optic,No,No,No,No,No,Yes,One year,Yes,Mailed check,86.02,5311.84,No
4970-8697,Male,0,No,Yes,32,Yes,No,Fiber optic,Yes,No,Yes,No,No,No,Month-to-month,Yes,Electronic check,71.19,2345.62,No
4971-4449,Male,0,Yes,Yes,9,Yes,Yes,DSL,Yes,Yes,No,No,Yes,No,Two year,Yes,Electronic check,60.64,552.21,No
4972-8526,Male,0,Yes,No,40,Yes,No,DSL,Yes,No,Yes,No,No,No,Two year,Yes,Credit card (automatic),66.08,2820.02,No
4973-7951,Female,1,Yes,Yes,32,Yes,Yes,Fiber optic,No,No,Yes,No,No,Yes,Two year,No,Bank transfer (automatic),87.8,2883.31,No
4974-8211,Male,1,Yes,No,68,Yes,Yes,DSL,No,Yes,No,No,No,Yes,Month-to-month,Yes,Bank transfer (automatic),60.83,4207.12,No
4975-8223,Female,0,No,Yes,2,Yes,No,DSL,No,No,Yes,Yes,Yes,No,Two year,No,Electronic check,53.62,12.09,No
4976-6160,Male,0,Yes,No,62,Yes,No,Fiber optic,No,No,No,No,Yes,No,Month-to-month,No,Bank transfer (automatic),90.11,5540.89,No
4977-1997,Female,0,No,No,46,Yes,Yes,DSL,No,No,No,Yes,No,Yes,Month-to-month,Yes,Electronic check,65.86,2903.64,No
4978-9310,Male,0,Yes,Yes,5,Yes,No,DSL,No,Yes,No,No,No,No,Month-to-month,Yes,Bank transfer (automatic),51.17,200.25,No
4979-6477,Male,0,No,No,17,Yes,Yes,Fiber optic,Yes,No,No,Yes,Yes,No,Two year,No,Mailed check,86.19,1550.95,No
4980-9110,Male,0,No,Yes,4,Yes,No,No,No internet service,No internet service,No internet service,No internet service,No internet service,No internet service,Two year,No,Electronic check,29.1,49.05,No
4981-9630,Male,0,No,Yes,67,Yes,No,DSL,No,No,Yes,No,Yes,No,Two year,Yes,Mailed check,62.22,4196.94,No
4982-2684,Female,0,No,No,47,Yes,No,Fiber optic,Yes,No,Yes,No,No,Yes,One year,Yes,Mailed check,88.07,4091.35,No
4983-4618,Female,1,No,No,45,Yes,No,Fiber optic,No,No,No,No,No,No,One year,No,Mailed check,74.13,3367.03,No
4984-2732,Male,0,No,No,37,Yes,Yes,Fiber optic,No,No,Yes,No,No,No,Two year,Yes,Credit card (automatic),73.75,2681.26,No
4985-1458,Male,0,No,Yes,29,Yes,No,Fiber optic,Yes,No,No,No,No,Yes,Month-to-month,Yes,Mailed check,69.22,2042.15,No
4986-9696,Female,0,No,No,12,Yes,Yes,Fiber optic,Yes,No,Yes,No,No,Yes,Month-to-month,Yes,Credit card (automatic),92.8,1041.08,Yes
4987-9308,Male,0,No,No,53,Yes,Yes,No,No internet service,No internet service,No internet service,No internet service,No internet service,No internet service,Two year,No,Mailed check,27.02,1396.45,No
4988-9384,Female,0,Yes,Yes,9,Yes,Yes,DSL,No,No,Yes,No,No,Yes,Month-to-month,Yes,Credit card (automatic),58.16,421.18,No
4989-8952,Male,0,Yes,No,15,Yes,No,No,No internet service,No internet service,No internet service,No internet service,No internet service,No internet service,One year,No,Mailed check,29.53,351.96,No
4990-6838,Female,0,Yes,No,71,Yes,No,DSL,No,No,No,No,Yes,No,Month-to-month,No,Bank transfer (automatic),59.99,4255.4,No
4991-5698,Female,0,No,No,6,No,No phone service,No,No internet service,No internet service,No internet service,No internet service,No internet service,No internet service,One year,Yes,Electronic check,18.25,73.86,No
4992-9922,Male,1,Yes,No,69,Yes,No,Fiber optic,No,No,Yes,No,No,No,Two year,No,Credit card (automatic),89.56,6094.4,No
4993-5969,Male,0,Yes,No,6,Yes,Yes,Fiber optic,No,No,Yes,Yes,No,No,Two year,No,Mailed check,62.52,337.19,No
4994-6781,Male,0,No,No,35,Yes,No,Fiber optic,Yes,No,Yes,No,Yes,No,Month-to-month,Yes,Electronic check,69.67,2287.68,No
4995-2905,Male,0,Yes,No,42,Yes,Yes,Fiber optic,Yes,No,Yes,No,Yes,Yes,One year,Yes,Bank transfer (automatic),92.01,3810.28,No
4996-7719,Male,0,No,Yes,8,Yes,Yes,DSL,No,No,Yes,No,No,No,One year,Yes,Bank transfer (automatic),56.68,458.71,No
4997-8374,Female,0,Yes,No,64,No,No phone service,Fiber optic,Yes,Yes,No,No,No,No,Month-to-month,No,Bank transfer (automatic),67.35,4268.31,No
4998-7106,Male,0,No,No,69,Yes,No,Fiber optic,No,No,No,No,Yes,No,Month-to-month,No,Electronic check,101.52,6946.48,No
4999-5486,Male,1,Yes,Yes,16,No,No phone service,Fiber optic,Yes,No,No,No,Yes,No,Month-to-month,No,Electronic check,91.54,1405.4,No
5000-2780,Male,0,No,No,16,Yes,No,Fiber optic,Yes,Yes,Yes,Yes,No,No,Month-to-month,No,Electronic check,77.86,1309.29,No
5001-1304,Male,0,No,Yes,55,Yes,No,Fiber optic,No,Yes,No,No,Yes,No,Month-to-month,Yes,Mailed check,82.57,4433.63,No
5002-6645,Female,0,Yes,No,27,Yes,Yes,No,No internet service,No internet service,No internet service,No internet service,No internet service,No internet service,One year,No,Mailed check,37.62,942.84,No
5003-7146,Male,0,Yes,No,2,Yes,No,Fiber optic,Yes,No,Yes,Yes,Yes,No,Month-to-month,Yes,Credit card (automatic),98.63,132.55,No
5004-7952,Male,0,No,No,54,No,No phone service,Fiber optic,No,No,Yes,No,No,Yes,Month-to-month,Yes,Credit card (automatic),61.25,3392.96,No
5005-9553,Female,0,No,No,25,Yes,No,No,No internet service,No internet service,No internet service,No internet service,No internet service,No internet service,Month-to-month,Yes,Electronic check,30.88,902.73,No
5006-5475,Male,0,Yes,Yes,29,No,No phone service,DSL,No,No,Yes,No,Yes,No,Month-to-month,No,Electronic check,45.96,1410.69,No
5007-8461,Female,0,No,No,47,Yes,Yes,DSL,No,No,Yes,No,Yes,No,One year,Yes,Credit card (automatic),61.88,2874.67,No
5008-7445,Male,0,Yes,Yes,42,No,No phone service,No,No internet service,No internet service,No internet service,No internet service,No internet service,No internet service,One year,No,Bank transfer (automatic),18.25,813.92,No
5009-3494,Male,0,No,No,60,Yes,Yes,Fiber optic,Yes,No,No,No,Yes,Yes,Month-to-month,Yes,Bank transfer (automatic),94.86,5701.96,No
5010-8605,Female,0,Yes,No,58,Yes,No,Fiber optic,Yes,No,No,Yes,No,Yes,Month-to-month,Yes,Credit card (automatic),106.14,6132.6,No
5011-1479,Male,1,No,Yes,68,Yes,No,DSL,No,No,No,No,Yes,Yes,Two year,No,Credit card (automatic),73.25,5055.26,No
5012-6389,Female,0,Yes,Yes,67,Yes,Yes,Fiber optic,No,Yes,No,No,Yes,No,One year,No,Mailed check,85.71,5613.97,No
5013-9462,Male,0,Yes,Yes,46,Yes,No,No,No internet service,No internet service,No internet service,No internet service,No internet service,No internet service,One year,No,Electronic check,30.2,1451.75,No
5014-6930,Male,1,Yes,No,40,No,No phone service,Fiber optic,No,No,No,No,No,No,Two year,No,Credit card (automatic),64.16,2619.21,No
5015-9432,Female,0,Yes,Yes,33,No,No phone service,No,No internet service,No internet service,No internet service,No internet service,No internet service,No internet service,Two year,Yes,Credit card (automatic),18.25,537.99,No
5016-1505,Female,0,No,No,48,Yes,No,DSL,No,No,No,Yes,Yes,Yes,Two year,Yes,Electronic check,80.36,3803.06,No
5017-5791,Female,0,No,Yes,4,Yes,Yes,Fiber optic,No,No,No,Yes,No,Yes,Two year,Yes,Mailed check,71.25,234.94,No
5018-8024,Female,0,Yes,Yes,29,Yes,No,DSL,No,No,Yes,No,Yes,Yes,One year,Yes,Electronic check,72.59,2183.17,No
5019-6780,Female,0,Yes,No,20,Yes,Yes,Fiber optic,No,No,No,Yes,No,Yes,One year,No,Electronic check,85.28,1725.84,Yes
5020-8923,Female,0,No,No,40,Yes,No,No,No internet service,No internet service,No internet service,No internet service,No internet service,No internet service,Two year,No,Bank transfer (automatic),32.61,1226.4,No
5021-5162,Female,0,No,Yes,67,Yes,No,DSL,Yes,Yes,No,No,No,Yes,Month-to-month,Yes,Electronic check,74.8,5059.78,No
5022-7142,Female,0,No,Yes,35,Yes,Yes,Fiber optic,No,No,No,No,No,Yes,Month-to-month,No,Electronic check,91.83,3171.89,No
5023-4777,Female,0,Yes,Yes,42,No,No phone service,DSL,No,Yes,No,No,Yes,No,Two year,No,Electronic check,63.26,2570.55,No
5024-8848,Female,1,Yes,No,29,Yes,Yes,Fiber optic,No,Yes,No,Yes,Yes,Yes,Two year,Yes,Electronic check,91.29,2715.91,No
5025-2074,Male,0,Yes,No,25,Yes,No,DSL,No,No,No,Yes,Yes,No,Two year,No,Electronic check,53.68,1372.79,No
5026-3286,Male,0,No,No,49,Yes,No,Fiber optic,Yes,No,No,No,No,No,One year,No,Bank transfer (automatic),82.81,4054.99,No
5027-1870,Female,0,No,No,18,No,No phone service,No,No internet service,No internet service,No internet service,No internet service,No internet service,No internet service,One year,Yes,Electronic check,18.25,466.71,No
5028-7318,Male,0,Yes,No,64,Yes,No,DSL,No,No,Yes,No,Yes,No,Month-to-month,Yes,Credit card (automatic),58.71,3738.4,No
5029-3094,Female,0,Yes,Yes,8,Yes,No,DSL,Yes,No,No,No,Yes,Yes,Month-to-month,Yes,Electronic check,67.14,448.03,No
5030-3853,Male,0,No,Yes,16,Yes,Yes,DSL,No,No,Yes,Yes,No,Yes,Month-to-month,No,Credit card (automatic),68.7,1138.93,Yes
5031-8528,Female,0,Yes,No,54,Yes,No,Fiber optic,Yes,No,No,No,Yes,No,Month-to-month,No,Credit card (automatic),96.72,5317.03,No
5032-4241,Female,1,No,No,6,Yes,Yes,DSL,No,No,No,No,No,No,Month-to-month,Yes,Mailed check,57.4,411.59,No
5033-2312,Male,0,Yes,Yes,30,Yes,No,No,No internet service,No internet service,No internet service,No internet service,No internet service,No internet service,Month-to-month,Yes,Mailed check,29.72,936.37,No
5034-1188,Female,1,Yes,No,27,Yes,No,Fiber optic,No,Yes,Yes,No,No,Yes,Two year,No,Mailed check,91.28,2398.27,No
5035-3040,Male,0,Yes,No,68,Yes,No,Fiber optic,No,No,No,No,No,No,Month-to-month,Yes,Mailed check,86.36,5762.1,No
5036-9231,Female,0,No,No,11,Yes,No,DSL,No,No,Yes,Yes,Yes,No,One year,No,Electronic check,65.79,723.08,No
5037-5936,Female,1,Yes,No,33,Yes,No,Fiber optic,Yes,Yes,Yes,Yes,Yes,Yes,Month-to-month,Yes,Bank transfer (automatic),91.26,2931.83,Yes
5038-9952,Female,1,Yes,No,33,Yes,Yes,No,No internet service,No internet service,No internet service,No internet service,No internet service,No internet service,Month-to-month,Yes,Credit card (automatic),29.11,920.76,No
5039-2935,Male,0,No,No,59,Yes,No,Fiber optic,No,No,No,No,Yes,Yes,Month-to-month,No,Electronic check,89.18,5244.7,No
5040-4162,Female,0,Yes,No,39,Yes,No,Fiber optic,No,Yes,Yes,No,No,Yes,Month-to-month,No,Mailed check,79.83,3197.42,Yes
5041-2468,Male,1,Yes,No,9,Yes,No,Fiber optic,No,Yes,Yes,No,No,No,Month-to-month,Yes,Credit card (automatic),75.63,756.83,Yes
5042-4585,Male,0,Yes,No,63,Yes,No,No,No internet service,No internet service,No internet service,No internet service,No internet service,No internet service,Month-to-month,Yes,Mailed check,29.75,1744.98,No
5043-6069,Male,0,No,No,11,Yes,Yes,Fiber optic,Yes,No,No,No,No,Yes,Month-to-month,Yes,Mailed check,82.1,981.77,Yes
5044-8272,Male,0,Yes,No,50,Yes,Yes,No,No internet service,No internet service,No internet service,No internet service,No internet service,No internet service,One year,No,Bank transfer (automatic),32.85,1632.9,No
5045-4312,Male,0,No,No,19,No,No phone service,DSL,Yes,Yes,Yes,Yes,No,Yes,Two year,Yes,Mailed check,65.31,1194.6,No
5046-7943,Male,0,No,Yes,8,Yes,No,Fiber optic,No,No,No,No,Yes,Yes,Two year,Yes,Bank transfer (automatic),97.82,792.04,No
5047-6634,Female,0,No,No,13,Yes,No,Fiber optic,No,No,Yes,No,No,No,Month-to-month,Yes,Credit card (automatic),84.88,1070.48,Yes
5048-3626,Female,0,Yes,No,68,Yes,Yes,Fiber optic,No,No,Yes,No,No,No,Month-to-month,No,Electronic check,90.21,6076.47,No
5049-9208,Male,0,No,No,71,Yes,Yes,DSL,Yes,No,No,Yes,No,Yes,Month-to-month,Yes,Credit card (automatic),68.5,4892.49,No
5050-4907,Female,0,No,No,43,Yes,No,Fiber optic,No,No,Yes,No,Yes,Yes,Month-to-month,No,Electronic check,81.55,3553.81,No
5051-2358,Male,0,No,No,58,Yes,Yes,DSL,Yes,No,No,No,No,Yes,One year,Yes,Mailed check,76.8,4521.29,No
5052-9663,Female,0,Yes,Yes,65,Yes,Yes,Fiber optic,No,Yes,No,No,Yes,No,Month-to-month,Yes,Credit card (automatic),83.06,5389.7,No
5053-9219,Female,0,No,No,25,Yes,Yes,DSL,Yes,Yes,No,No,Yes,No,Month-to-month,Yes,Credit card (automatic),58.55,1636.06,No
5054-1445,Female,0,No,Yes,55,Yes,Yes,Fiber optic,Yes,No,Yes,No,Yes,No,Month-to-month,No,Bank transfer (automatic),71.5,3975.87,No
5055-9121,Female,1,No,Yes,37,Yes,Yes,Fiber optic,Yes,Yes,No,Yes,Yes,Yes,One year,No,Electronic check,86.96,3198.67,No
5056-9525,Male,0,Yes,Yes,12,Yes,No,DSL,Yes,No,No,Yes,No,No,Two year,No,Bank transfer (automatic),60.66,818.24,No
5057-8460,Male,0,No,No,38,Yes,No,Fiber optic,Yes,Yes,No,Yes,No,No,Two year,Yes,Bank transfer (automatic),76.55,2827.1,No
5058-3294,Female,0,No,Yes,3,Yes,No,DSL,No,Yes,No,No,Yes,No,Month-to-month,Yes,Credit card (automatic),69.16,119.99,No
5059-6680,Female,0,No,No,44,Yes,No,Fiber optic,No,No,No,No,Yes,Yes,Two year,Yes,Electronic check,91.53,4044.33,No
5060-5843,Male,0,No,No,18,Yes,No,No,No internet service,No internet service,No internet service,No internet service,No internet service,No internet service,Month-to-month,Yes,Mailed check,34.76,460.08,No
5061-6580,Female,0,No,No,7,Yes,No,No,No internet service,No internet service,No internet service,No internet service,No internet service,No internet service,One year,Yes,Mailed check,30.64,183.41,No
5062-6547,Male,0,Yes,No,51,Yes,Yes,Fiber optic,No,No,No,No,No,No,Month-to-month,Yes,Bank transfer (automatic),75.93,3906.81,No
5063-6752,Male,0,Yes,No,25,Yes,Yes,Fiber optic,No,No,No,No,No,No,Month-to-month,Yes,Electronic check,84.39,2209.92,Yes
5064-5625,Female,0,Yes,Yes,32,Yes,Yes,Fiber optic,Yes,Yes,No,No,No,Yes,One year,No,Credit card (automatic),82.4,2628.85,No
5065-7213,Female,0,No,No,6,Yes,No,Fiber optic,No,No,No,No,Yes,Yes,Two year,Yes,Mailed check,84.84,611.51,No
5066-5738,Female,0,Yes,No,5,Yes,No,DSL,Yes,Yes,Yes,Yes,Yes,No,Two year,No,Electronic check,76.46,277.5,No
5067-1148,Female,0,No,No,67,Yes,No,DSL,No,No,Yes,No,No,No,Two year,Yes,Electronic check,55.01,3703.75,No
5068-1317,Female,0,No,Yes,43,Yes,No,No,No internet service,No internet service,No internet service,No internet service,No internet service,No internet service,Two year,No,Bank transfer (automatic),31.94,1453.09,No
5069-9621,Male,0,No,No,29,Yes,Yes,DSL,Yes,No,No,No,No,Yes,Month-to-month,No,Electronic check,72.51,2219.96,No
5070-9182,Female,0,No,No,48,Yes,No,Fiber optic,Yes,No,No,Yes,No,No,Two year,Yes,Electronic check,88.09,4188.34,No
5071-6269,Male,0,No,No,53,Yes,Yes,DSL,No,No,No,No,Yes,Yes,One year,Yes,Credit card (automatic),80.58,4351.43,No
5072-2571,Male,0,Yes,Yes,8,Yes,No,DSL,No,No,Yes,No,No,No,Month-to-month,No,Electronic check,74.45,730.68,No
5073-8032,Female,0,No,No,67,Yes,Yes,DSL,No,No,No,No,No,Yes,Month-to-month,Yes,Electronic check,68.79,4550.69,No
5074-2289,Male,0,No,Yes,47,Yes,No,Fiber optic,No,No,Yes,No,No,No,One year,No,Electronic check,63.01,3023.12,No
5075-4395,Female,0,No,No,22,Yes,No,Fiber optic,No,No,Yes,No,Yes,No,Month-to-month,Yes,Credit card (automatic),81.79,1750.85,Yes
5076-3968,Male,0,Yes,Yes,19,Yes,No,No,No internet service,No internet service,No internet service,No internet service,No internet service,No internet service,Two year,No,Bank transfer (automatic),33.26,623.26,No
5077-1111,Male,0,Yes,No,6,Yes,Yes,Fiber optic,No,No,Yes,No,No,No,Two year,No,Credit card (automatic),70.39,538.61,No
5078-8262,Male,0,No,No,18,Yes,No,No,No internet service,No internet service,No internet service,No internet service,No internet service,No internet service,Two year,No,Credit card (automatic),31.29,478.58,No
5079-5587,Male,0,No,No,24,Yes,Yes,Fiber optic,No,Yes,Yes,Yes,No,No,Month-to-month,No,Bank transfer (automatic),79.33,1929.62,No
5080-3845,Female,1,No,No,15,Yes,Yes,DSL,Yes,No,No,Yes,Yes,No,Two year,Yes,Mailed check,66.87,934.38,No
5081-5564,Female,1,No,No,48,Yes,No,No,No internet service,No internet service,No internet service,No internet service,No internet service,No internet service,One year,No,Mailed check,33.31,1793.48,No
5082-1000,Female,0,No,Yes,18,No,No phone service,Fiber optic,No,Yes,No,No,Yes,No,Month-to-month,Yes,Electronic check,71.7,1266.35,No
5083-4932,Male,0,No,No,36,No,No phone service,Fiber optic,No,No,No,No,No,No,Month-to-month,Yes,Bank transfer (automatic),80.85,2920.88,No
5084-5675,Female,0,No,No,40,Yes,Yes,DSL,No,Yes,Yes,No,Yes,Yes,Month-to-month,No,Electronic check,70.47,2889.62,No
5085-4057,Male,0,No,No,5,Yes,No,Fiber optic,No,Yes,Yes,No,Yes,Yes,Month-to-month,No,Credit card (automatic),107.2,501.41,No
5086-8472,Female,1,Yes,Yes,12,Yes,No,DSL,No,No,No,Yes,No,Yes,Two year,No,Credit card (automatic),67.19,765.33,No
5087-3248,Male,0,Yes,No,5,Yes,Yes,DSL,No,No,Yes,Yes,Yes,No,Month-to-month,Yes,Bank transfer (automatic),63.16,360.02,No
5088-2240,Male,0,No,No,50,Yes,Yes,Fiber optic,Yes,Yes,No,No,Yes,No,Two year,No,Bank transfer (automatic),82.76,4218.99,No
5089-5747,Female,0,Yes,No,51,Yes,No,No,No internet service,No internet service,No internet service,No internet service,No internet service,No internet service,Month-to-month,No,Electronic check,28.15,1386.14,No
5090-8984,Female,0,No,No,9,Yes,No,No,No internet service,No internet service,No internet service,No internet service,No internet service,No internet service,Two year,Yes,Mailed check,32.44,282.98,No
5091-4377,Male,1,Yes,No,53,Yes,Yes,No,No internet service,No internet service,No internet service,No internet service,No internet service,No internet service,Month-to-month,Yes,Mailed check,32.9,1765.25,No
5092-1419,Female,0,No,Yes,59,Yes,Yes,No,No internet service,No internet service,No internet service,No internet service,No internet service,No internet service,Month-to-month,No,Electronic check,34.71,2115.23,No
5093-9728,Female,0,Yes,No,7,Yes,No,No,No internet service,No internet service,No internet service,No internet service,No internet service,No internet service,Month-to-month,No,Bank transfer (automatic),31.92,214.42,No
5094-4998,Female,0,No,Yes,8,Yes,Yes,Fiber optic,Yes,No,Yes,No,No,No,Month-to-month,Yes,Electronic check,90.32,654.74,Yes
5095-2556,Male,0,No,No,58,Yes,Yes,Fiber optic,No,Yes,Yes,No,No,Yes,Month-to-month,Yes,Electronic check,84.25,4778.96,No
5096-6539,Female,0,Yes,Yes,22,Yes,Yes,DSL,No,Yes,Yes,No,Yes,Yes,Two year,No,Mailed check,71.43,1512.25,No
5097-3876,Female,0,No,No,25,Yes,No,No,No internet service,No internet service,No internet service,No internet service,No internet service,No internet service,Month-to-month,No,Credit card (automatic),32.6,860.48,No
5098-9439,Male,0,No,Yes,42,Yes,No,Fiber optic,Yes,No,No,No,No,Yes,Month-to-month,Yes,Credit card (automatic),83.74,3522.28,No
5099-3645,Female,1,No,Yes,4,Yes,Yes,DSL,Yes,Yes,No,Yes,No,No,Two year,No,Bank transfer (automatic),60.37,234.89,No
5100-5950,Female,0,No,No,31,Yes,Yes,Fiber optic,Yes,No,Yes,No,No,Yes,One year,Yes,Bank transfer (automatic),84.14,2603.58,No
5101-5889,Female,0,No,Yes,24,No,No phone service,No,No internet service,No internet service,No internet service,No internet service,No internet service,No internet service,One year,No,Electronic check,18.25,460.38,No
5102-3181,Female,0,No,Yes,60,Yes,Yes,Fiber optic,No,No,No,No,No,No,Month-to-month,No,Electronic check,79.42,4815.76,No
5103-5493,Female,0,No,No,53,No,No phone service,DSL,No,Yes,Yes,No,No,Yes,Two year,Yes,Mailed check,50.25,2583.58,No
5104-1981,Female,0,No,No,20,Yes,No,Fiber optic,No,Yes,Yes,No,Yes,Yes,One year,No,Credit card (automatic),114.33,2117.84,Yes
5105-6793,Female,0,No,Yes,47,No,No phone service,Fiber optic,No,Yes,No,No,Yes,Yes,Month-to-month,Yes,Electronic check,82.41,3842.23,No
5106-7824,Male,0,Yes,No,29,No,No phone service,Fiber optic,No,No,Yes,No,Yes,Yes,Two year,Yes,Credit card (automatic),69.89,1954.51,No
5107-9549,Female,0,No,Yes,35,Yes,Yes,DSL,Yes,No,No,No,No,No,One year,No,Bank transfer (automatic),50.26,1654.5,No
5108-3931,Male,1,No,No,53,Yes,Yes,Fiber optic,Yes,No,Yes,No,Yes,Yes,Month-to-month,No,Electronic check,101.65,5375.1,No
5109-3566,Male,0,Yes,No,20,Yes,Yes,Fiber optic,No,Yes,No,No,No,No,Two year,Yes,Bank transfer (automatic),91.48,1733.63,Yes
5110-5938,Male,0,Yes,No,42,Yes,No,DSL,Yes,No,No,Yes,Yes,Yes,Two year,No,Mailed check,78.98,3466.75,No
5111-7234,Male,0,No,No,30,Yes,Yes,DSL,No,No,No,Yes,No,Yes,One year,Yes,Electronic check,75.42,2230.51,No
5112-9931,Female,0,No,No,47,Yes,No,Fiber optic,No,No,Yes,Yes,Yes,No,Two year,Yes,Credit card (automatic),86.41,4027.49,No
5113-1225,Male,1,Yes,No,27,Yes,Yes,Fiber optic,Yes,No,Yes,No,Yes,No,Two year,Yes,Credit card (automatic),110.2,3142.05,No
5114-3144,Female,0,No,No,68,Yes,Yes,No,No internet service,No internet service,No internet service,No internet service,No internet service,No internet service,Two year,Yes,Credit card (automatic),29.84,2107.54,No
5115-3361,Female,0,No,No,28,No,No phone service,No,No internet service,No internet service,No internet service,No internet service,No internet service,No internet service,Month-to-month,Yes,Bank transfer (automatic),18.25,514.63,No
5116-3298,Male,1,Yes,No,7,Yes,Yes,Fiber optic,No,No,Yes,No,No,No,Month-to-month,Yes,Bank transfer (automatic),80.99,515.32,Yes
5117-5173,Female,0,No,No,35,Yes,No,Fiber optic,No,No,Yes,No,No,No,Month-to-month,Yes,Bank transfer (automatic),78.63,2733.99,No
5118-8855,Female,0,Yes,No,17,Yes,No,DSL,Yes,No,No,No,Yes,Yes,One year,Yes,Bank transfer (automatic),82.38,1500.74,No
5119-1278,Female,0,No,Yes,33,Yes,No,Fiber optic,No,No,Yes,No,No,No,One year,Yes,Mailed check,81.35,2659.51,No
5120-8341,Female,0,Yes,Yes,67,Yes,No,Fiber optic,No,Yes,Yes,Yes,No,No,Month-to-month,Yes,Bank transfer (automatic),96.13,6476.44,No
5121-6558,Female,0,No,No,7,Yes,Yes,Fiber optic,No,No,Yes,Yes,No,No,Two year,Yes,Electronic check,81.46,604.99,No
5122-6536,Male,0,Yes,Yes,3,No,No phone service,No,No internet service,No internet service,No internet service,No internet service,No internet service,No internet service,Two year,Yes,Electronic check,18.25,126.39,No
5123-7104,Male,0,No,Yes,21,Yes,Yes,DSL,No,No,No,Yes,No,Yes,Month-to-month,No,Bank transfer (automatic),54.8,1118.01,No
5124-2038,Female,1,No,No,31,Yes,No,Fiber optic,No,No,Yes,Yes,Yes,No,Month-to-month,Yes,Bank transfer (automatic),86.72,2814.95,Yes
5125-7719,Male,0,Yes,No,9,Yes,No,Fiber optic,Yes,Yes,Yes,Yes,No,No,Month-to-month,Yes,Mailed check,106.26,913.05,Yes
5126-3232,Female,0,No,Yes,50,Yes,Yes,Fiber optic,No,Yes,No,No,Yes,Yes,One year,Yes,Credit card (automatic),90.54,4638.16,Yes
5127-5648,Male,0,No,No,43,Yes,No,DSL,No,Yes,No,Yes,No,Yes,Two year,Yes,Bank transfer (automatic),61.45,2664.67,No
5128-7091,Male,1,No,Yes,51,Yes,Yes,Fiber optic,No,Yes,Yes,No,Yes,Yes,One year,No,Electronic check,83.01,4241.7,No
5129-6434,Male,0,No,No,30,Yes,No,DSL,No,Yes,No,No,No,No,Month-to-month,Yes,Electronic check,56.89,1726.72,No
5130-3907,Female,0,No,No,67,Yes,Yes,Fiber optic,No,Yes,No,No,No,No,Two year,No,Mailed check,100.26,6761.41,No
5131-4564,Female,1,No,No,49,Yes,No,No,No internet service,No internet service,No internet service,No internet service,No internet service,No internet service,Two year,No,Mailed check,31.83,1631.01,No
5132-5288,Female,0,No,No,67,Yes,No,Fiber optic,Yes,No,No,No,Yes,Yes,Two year,No,Electronic check,120.0,8211.22,No
5133-1371,Male,0,Yes,No,6,Yes,Yes,DSL,Yes,Yes,No,No,No,Yes,One year,No,Electronic check,68.78,311.58,No
5134-7533,Female,1,Yes,No,48,No,No phone service,No,No internet service,No internet service,No internet service,No internet service,No internet service,No internet service,Month-to-month,No,Credit card (automatic),18.25,868.51,No
5135-1899,Female,0,Yes,No,25,Yes,Yes,DSL,Yes,No,Yes,No,No,Yes,One year,Yes,Electronic check,77.62,1949.52,No
5136-5126,Male,0,Yes,No,14,Yes,No,DSL,No,Yes,No,Yes,No,Yes,One year,Yes,Credit card (automatic),65.62,1024.64,No
5137-6894,Male,0,No,No,13,Yes,No,No,No internet service,No internet service,No internet service,No internet service,No internet service,No internet service,Two year,No,Electronic check,24.2,270.64,No
5138-1723,Female,0,Yes,No,14,No,No phone service,Fiber optic,No,No,Yes,Yes,Yes,No,Two year,Yes,Bank transfer (automatic),82.24,1147.94,Yes
5139-9959,Female,1,No,No,6,Yes,No,DSL,No,No,Yes,Yes,Yes,No,Month-to-month,Yes,Bank transfer (automatic),74.27,585.28,Yes
5140-4394,Female,0,Yes,Yes,33,No,No phone service,Fiber optic,No,Yes,Yes,No,Yes,No,One year,Yes,Electronic check,87.64,2870.36,No
5141-1142,Female,0,Yes,No,56,Yes,Yes,Fiber optic,No,Yes,Yes,No,Yes,Yes,Month-to-month,Yes,Bank transfer (automatic),91.56,5044.76,No
5142-6927,Male,0,No,No,33,Yes,No,No,No internet service,No internet service,No internet service,No internet service,No internet service,No internet service,Month-to-month,No,Mailed check,34.66,1308.03,No
5143-6017,Female,0,Yes,No,9,Yes,Yes,Fiber optic,No,No,No,Yes,No,No,Two year,No,Credit card (automatic),78.4,540.71,No
5144-6762,Male,0,No,No,51,Yes,Yes,Fiber optic,Yes,No,No,Yes,Yes,No,Month-to-month,Yes,Mailed check,71.07,3583.51,No
5145-7758,Female,0,No,No,12,Yes,No,DSL,Yes,No,No,No,No,Yes,Month-to-month,No,Mailed check,77.26,993.66,No
5146-5280,Male,0,No,No,63,Yes,No,DSL,Yes,No,Yes,No,Yes,No,Month-to-month,Yes,Electronic check,82.72,5241.42,Yes
5147-8440,Male,0,No,No,26,Yes,No,DSL,Yes,No,Yes,No,No,Yes,Month-to-month,Yes,Electronic check,65.92,1699.51,Yes
5148-4330,Female,0,No,No,0,Yes,Yes,Fiber optic,No,No,No,No,Yes,Yes,Two year,Yes,Mailed check,94.01,,Yes
5149-5906,Female,0,Yes,No,21,Yes,Yes,Fiber optic,No,Yes,No,Yes,No,No,One year,Yes,Mailed check,76.02,1607.57,No
5150-2426,Female,0,No,Yes,60,Yes,Yes,DSL,No,Yes,Yes,No,No,No,One year,Yes,Bank transfer (automatic),43.07,2508.13,No
5151-6578,Female,0,Yes,No,67,Yes,No,DSL,No,No,Yes,Yes,Yes,Yes,One year,No,Mailed check,52.36,3498.2,No
5152-3354,Male,0,Yes,Yes,30,Yes,No,Fiber optic,No,Yes,Yes,Yes,Yes,No,Month-to-month,Yes,Electronic check,85.26,2508.18,Yes
5153-7269,Female,0,No,No,72,Yes,No,DSL,No,Yes,No,Yes,No,No,Month-to-month,Yes,Mailed check,54.97,3930.66,No
5154-8208,Male,0,No,No,16,No,No phone service,No,No internet service,No internet service,No internet service,No internet service,No internet service,No internet service,One year,Yes,Mailed check,18.25,258.26,No
5155-8729,Female,0,No,Yes,30,Yes,No,No,No internet service,No internet service,No internet service,No internet service,No internet service,No internet service,Two year,No,Mailed check,26.19,900.09,No
5156-9360,Female,0,No,Yes,33,Yes,Yes,Fiber optic,No,No,No,No,No,No,Month-to-month,Yes,Electronic check,86.71,3059.89,Yes
5157-2100,Male,1,No,No,14,Yes,No,No,No internet service,No internet service,No internet service,No internet service,No internet service,No internet service,Month-to-month,No,Mailed check,28.39,360.79,No
5158-2241,Male,0,No,Yes,27,Yes,Yes,Fiber optic,Yes,No,No,No,No,Yes,Month-to-month,No,Electronic check,88.2,2499.25,No
5159-9334,Male,0,Yes,No,36,Yes,No,Fiber optic,No,Yes,Yes,No,No,No,Two year,Yes,Bank transfer (automatic),75.07,2609.84,Yes
5160-4427,Female,1,Yes,Yes,51,Yes,Yes,Fiber optic,Yes,No,No,Yes,Yes,Yes,Month-to-month,Yes,Bank transfer (automatic),120.0,6205.31,Yes
5161-1234,Male,0,No,No,36,Yes,Yes,DSL,Yes,No,No,No,Yes,Yes,Two year,No,Bank transfer (automatic),67.22,2451.47,No
5162-3582,Male,0,No,Yes,7,Yes,No,DSL,Yes,Yes,Yes,Yes,Yes,Yes,Two year,Yes,Electronic check,78.24,420.49,No
5163-8524,Female,0,Yes,Yes,34,Yes,No,Fiber optic,Yes,No,Yes,No,Yes,No,Two year,No,Electronic check,91.9,3064.65,Yes
5164-4194,Male,0,Yes,Yes,61,Yes,Yes,DSL,Yes,No,Yes,No,No,No,Two year,No,Electronic check,65.21,3942.1,No
5165-1690,Male,0,Yes,No,1,Yes,No,No,No internet service,No internet service,No internet service,No internet service,No internet service,No internet service,Month-to-month,Yes,Mailed check,33.88,57.67,No
5166-7498,Female,0,No,No,72,Yes,Yes,DSL,No,No,Yes,No,No,Yes,Month-to-month,No,Electronic check,61.19,4424.91,No
5167-2751,Male,0,Yes,No,9,Yes,Yes,Fiber optic,No,Yes,No,No,Yes,No,One year,Yes,Bank transfer (automatic),70.19,592.92,Yes
5168-4174,Male,0,Yes,No,0,Yes,Yes,Fiber optic,Yes,Yes,No,No,No,Yes,Month-to-month,Yes,Electronic check,98.23,,Yes
5169-1035,Female,0,Yes,Yes,10,Yes,No,DSL,Yes,No,Yes,No,Yes,No,One year,Yes,Credit card (automatic),58.89,432.58,No
5170-6417,Male,1,Yes,Yes,18,No,No phone service,DSL,No,No,Yes,No,No,Yes,Month-to-month,Yes,Electronic check,51.65,890.36,No
5171-5006,Female,0,No,No,25,Yes,No,Fiber optic,No,Yes,Yes,No,Yes,Yes,Two year,Yes,Electronic check,110.52,2750.35,No
5172-8802,Female,0,No,Yes,60,Yes,No,DSL,No,No,No,Yes,Yes,No,Month-to-month,Yes,Electronic check,59.18,3682.08,No
5173-4008,Female,0,Yes,Yes,42,Yes,No,DSL,No,No,No,No,No,No,One year,No,Bank transfer (automatic),56.71,2390.1,No
5174-2841,Female,0,No,No,46,Yes,Yes,DSL,Yes,Yes,No,No,No,No,One year,Yes,Electronic check,55.06,2481.02,No
5175-2493,Male,1,No,Yes,64,Yes,Yes,Fiber optic,Yes,Yes,Yes,No,No,No,Two year,Yes,Credit card (automatic),79.3,5189.23,No
5176-2801,Male,0,No,No,9,Yes,Yes,No,No internet service,No internet service,No internet service,No internet service,No internet service,No internet service,Two year,No,Mailed check,34.21,348.62,No
5177-5059,Male,0,Yes,No,16,Yes,No,No,No internet service,No internet service,No internet service,No internet service,No internet service,No internet service,Two year,Yes,Mailed check,32.57,508.93,No
5178-1784,Female,0,Yes,No,70,Yes,No,Fiber optic,No,No,Yes,Yes,No,Yes,Month-to-month,No,Electronic check,81.92,5592.48,No
5179-4620,Male,0,No,No,56,Yes,Yes,Fiber optic,Yes,Yes,No,No,No,No,Month-to-month,No,Credit card (automatic),65.16,3585.09,No
5180-8691,Female,0,No,No,4,Yes,Yes,No,No internet service,No internet service,No internet service,No internet service,No internet service,No internet service,Month-to-month,Yes,Credit card (automatic),32.18,131.05,No
5181-7908,Female,0,Yes,No,16,Yes,No,Fiber optic,No,No,Yes,No,No,No,Month-to-month,Yes,Electronic check,68.89,1070.93,No
5182-6734,Female,0,No,Yes,27,Yes,Yes,No,No internet service,No internet service,No internet service,No internet service,No internet service,No internet service,Two year,No,Mailed check,27.58,787.34,No
5183-9037,Female,0,Yes,No,2,Yes,No,Fiber optic,Yes,Yes,Yes,Yes,No,Yes,Month-to-month,Yes,Electronic check,90.92,203.78,Yes
5184-8021,Male,0,Yes,Yes,42,Yes,No,DSL,Yes,Yes,Yes,No,No,Yes,One year,No,Bank transfer (automatic),68.76,2700.84,No
5185-6872,Male,1,Yes,No,47,Yes,No,Fiber optic,No,No,No,Yes,Yes,No,Month-to-month,Yes,Electronic check,96.52,4518.64,Yes
5186-8766,Female,0,No,No,24,Yes,Yes,No,No internet service,No internet service,No internet service,No internet service,No internet service,No internet service,Two year,Yes,Electronic check,28.6,713.67,No
5187-2119,Female,0,Yes,No,15,No,No phone service,DSL,No,No,No,No,No,No,Two year,No,Mailed check,44.89,788.94,No
5188-8363,Male,1,Yes,Yes,31,Yes,Yes,DSL,Yes,No,Yes,Yes,No,No,One year,Yes,Electronic check,54.57,1566.61,No
5189-3658,Female,0,Yes,Yes,67,Yes,Yes,DSL,Yes,Yes,No,No,No,Yes,Two year,Yes,Mailed check,70.0,4620.66,No
5190-7596,Female,0,Yes,Yes,52,Yes,Yes,DSL,No,Yes,Yes,No,Yes,No,Two year,Yes,Mailed check,62.16,3258.03,No
5191-9218,Male,1,Yes,No,68,No,No phone service,DSL,No,Yes,No,No,No,No,Month-to-month,Yes,Mailed check,49.91,3311.74,No
5192-5463,Female,1,No,No,40,Yes,No,Fiber optic,No,No,Yes,No,No,No,Two year,No,Credit card (automatic),75.11,3047.16,No
5193-1798,Male,0,No,No,7,Yes,No,Fiber optic,No,No,No,No,No,No,Month-to-month,Yes,Electronic check,92.61,660.73,Yes
5194-4331,Male,0,Yes,Yes,4,Yes,No,DSL,Yes,No,No,No,No,Yes,Month-to-month,Yes,Bank transfer (automatic),62.8,307.06,Yes
5195-4661,Female,1,Yes,No,14,Yes,No,No,No internet service,No internet service,No internet service,No internet service,No internet service,No internet service,Two year,No,Electronic check,29.23,601.39,No
5196-9429,Female,0,No,No,38,Yes,Yes,No,No internet service,No internet service,No internet service,No internet service,No internet service,No internet service,Month-to-month,No,Mailed check,26.34,975.06,No
5197-9481,Female,0,Yes,Yes,15,Yes,Yes,Fiber optic,Yes,No,Yes,Yes,No,Yes,One year,No,Mailed check,78.64,1145.11,No
5198-6115,Female,0,Yes,No,23,Yes,Yes,No,No internet service,No internet service,No internet service,No internet service,No internet service,No internet service,Two year,Yes,Mailed check,26.63,694.43,No
5199-9555,Male,0,No,No,66,Yes,No,Fiber optic,Yes,Yes,Yes,Yes,No,No,Two year,No,Mailed check,76.34,5190.74,No
5200-4926,Female,0,No,No,3,Yes,No,DSL,No,No,Yes,Yes,No,No,Two year,Yes,Credit card (automatic),65.85,260.84,No
5201-4700,Female,1,Yes,No,5,Yes,No,DSL,No,Yes,No,No,Yes,No,Two year,No,Mailed check,65.86,423.06,No
5202-8527,Male,0,Yes,No,28,Yes,No,Fiber optic,Yes,Yes,No,No,No,No,Month-to-month,No,Mailed check,83.09,2314.94,No
5203-7005,Female,0,Yes,No,54,Yes,No,No,No internet service,No internet service,No internet service,No internet service,No internet service,No internet service,Two year,No,Bank transfer (automatic),31.02,1712.91,No
5204-5700,Female,0,Yes,No,60,Yes,No,DSL,Yes,No,No,No,No,No,Month-to-month,No,Bank transfer (automatic),53.13,3165.99,No
5205-5110,Male,0,No,No,21,No,No phone service,Fiber optic,No,Yes,No,No,No,Yes,Month-to-month,No,Credit card (automatic),72.09,1400.8,Yes
5206-7349,Female,0,No,No,21,Yes,No,No,No internet service,No internet service,No internet service,No internet service,No internet service,No internet service,Month-to-month,Yes,Credit card (automatic),24.46,510.51,No
5207-7780,Female,0,Yes,No,42,Yes,No,No,No internet service,No internet service,No internet service,No internet service,No internet service,No internet service,One year,No,Credit card (automatic),28.15,1194.94,No
5208-5414,Female,0,Yes,No,63,Yes,No,No,No internet service,No internet service,No internet service,No internet service,No internet service,No internet service,Month-to-month,Yes,Credit card (automatic),27.76,1732.21,No
5209-1284,Male,0,Yes,No,12,Yes,No,DSL,No,No,Yes,No,Yes,No,Month-to-month,Yes,Electronic check,55.66,757.0,No
5210-1916,Female,0,Yes,No,65,Yes,No,DSL,No,No,Yes,No,No,Yes,Month-to-month,No,Electronic check,74.28,4883.11,No
5211-2297,Male,0,No,No,58,Yes,No,DSL,No,No,Yes,No,Yes,No,Month-to-month,No,Electronic check,57.59,3379.31,No
5212-5158,Female,1,Yes,No,19,Yes,Yes,DSL,Yes,No,No,Yes,Yes,Yes,Month-to-month,No,Bank transfer (automatic),87.67,1614.92,Yes
5213-6527,Male,0,No,No,48,Yes,No,No,No internet service,No internet service,No internet service,No internet service,No internet service,No internet service,Month-to-month,Yes,Credit card (automatic),33.42,1606.52,No
5214-8233,Male,0,No,No,45,Yes,Yes,Fiber optic,No,Yes,Yes,No,No,Yes,Month-to-month,No,Mailed check,77.85,3464.48,Yes
5215-3092,Female,0,No,No,1,Yes,Yes,No,No internet service,No internet service,No internet service,No internet service,No internet service,No internet service,Month-to-month,No,Mailed check,33.46,10.34,No
5216-8078,Female,0,No,No,29,Yes,Yes,Fiber optic,No,Yes,Yes,Yes,No,Yes,Month-to-month,Yes,Electronic check,78.99,2271.62,No
5217-6993,Female,0,No,No,17,Yes,No,Fiber optic,No,Yes,Yes,Yes,Yes,No,Month-to-month,Yes,Mailed check,90.88,1568.25,Yes
5218-1464,Female,0,No,Yes,4,Yes,Yes,DSL,No,No,No,Yes,No,Yes,Two year,Yes,Electronic check,61.14,251.65,Yes
5219-4160,Female,0,Yes,Yes,34,Yes,Yes,Fiber optic,No,Yes,Yes,Yes,No,No,Month-to-month,Yes,Mailed check,101.45,3377.64,No
5220-3723,Male,0,Yes,Yes,51,Yes,No,No,No internet service,No internet service,No internet service,No internet service,No internet service,No internet service,Month-to-month,No,Credit card (automatic),27.07,1384.08,No
5221-8978,Female,0,Yes,Yes,38,Yes,No,Fiber optic,No,No,Yes,No,Yes,Yes,Month-to-month,No,Mailed check,78.82,3043.15,No
5222-9289,Male,0,No,No,6,Yes,Yes,No,No internet service,No internet service,No internet service,No internet service,No internet service,No internet service,Month-to-month,Yes,Mailed check,30.29,235.15,No
5223-8372,Female,0,No,Yes,60,Yes,No,No,No internet service,No internet service,No internet service,No internet service,No internet service,No internet service,Month-to-month,Yes,Bank transfer (automatic),30.08,1717.22,No
5224-5751,Female,0,Yes,No,5,Yes,No,DSL,Yes,No,No,No,Yes,Yes,Two year,Yes,Credit card (automatic),67.95,338.54,No
5225-5435,Female,0,No,No,28,Yes,No,DSL,No,Yes,Yes,No,No,No,Month-to-month,Yes,Credit card (automatic),53.64,1377.9,No
5226-3803,Female,0,No,No,41,Yes,No,Fiber optic,Yes,Yes,Yes,No,Yes,No,Two year,No,Electronic check,82.25,3325.2,No
5227-7955,Male,1,No,No,67,Yes,No,Fiber optic,Yes,No,Yes,No,No,Yes,One year,No,Electronic check,100.23,6712.61,No
5228-1776,Female,0,Yes,No,55,Yes,No,DSL,No,No,No,No,Yes,Yes,Month-to-month,Yes,Bank transfer (automatic),70.04,3906.01,No
5229-3439,Female,0,Yes,No,14,Yes,Yes,DSL,No,No,Yes,No,Yes,No,Two year,Yes,Mailed check,64.61,974.28,No
5230-2216,Male,0,No,No,31,Yes,Yes,No,No internet service,No internet service,No internet service,No internet service,No internet service,No internet service,Month-to-month,No,Electronic check,33.2,966.2,No
5231-5447,Male,0,Yes,No,62,Yes,Yes,No,No internet service,No internet service,No internet service,No internet service,No internet service,No internet service,Two year,No,Credit card (automatic),27.9,1760.21,No
5232-3697,Female,0,No,No,18,Yes,No,DSL,No,No,No,Yes,Yes,No,Month-to-month,No,Bank transfer (automatic),61.61,1078.65,No
5233-2777,Male,1,Yes,No,66,Yes,No,Fiber optic,Yes,Yes,Yes,No,No,Yes,Two year,Yes,Electronic check,91.37,6048.37,No
5234-4387,Female,0,Yes,No,38,Yes,Yes,DSL,Yes,No,No,No,Yes,No,Two year,Yes,Bank transfer (automatic),54.69,2041.47,No
5235-8747,Female,0,Yes,No,45,Yes,No,DSL,No,No,Yes,No,Yes,No,Month-to-month,Yes,Bank transfer (automatic),45.6,1981.26,No
5236-6021,Female,0,No,No,48,Yes,Yes,DSL,No,No,No,Yes,No,No,Month-to-month,Yes,Electronic check,67.39,3324.96,No
5237-8406,Male,0,Yes,No,70,Yes,No,DSL,No,Yes,No,No,No,No,Two year,Yes,Mailed check,58.17,4117.54,No
5238-9224,Female,1,No,No,50,Yes,No,No,No internet service,No internet service,No internet service,No internet service,No internet service,No internet service,One year,Yes,Mailed check,28.17,1470.87,No
5239-9118,Male,1,Yes,Yes,29,Yes,No,DSL,No,Yes,No,No,Yes,No,Month-to-month,Yes,Electronic check,62.97,1895.37,No
5240-4158,Female,0,No,Yes,43,No,No phone service,Fiber optic,Yes,Yes,Yes,No,No,Yes,Two year,Yes,Mailed check,93.88,4005.42,No
5241-8896,Male,0,Yes,No,51,Yes,No,No,No internet service,No internet service,No internet service,No internet service,No internet service,No internet service,One year,No,Bank transfer (automatic),32.58,1666.63,No
5242-9183,Female,0,Yes,Yes,43,Yes,No,DSL,No,Yes,No,No,No,Yes,Two year,No,Mailed check,59.11,2491.6,No
5243-9635,Female,0,No,No,0,No,No phone service,Fiber optic,Yes,No,No,Yes,No,No,Month-to-month,No,Mailed check,60.92,,No
5244-4158,Male,0,No,No,65,Yes,No,Fiber optic,No,No,No,No,No,Yes,Month-to-month,Yes,Bank transfer (automatic),76.75,5118.72,No
5245-3054,Female,1,No,No,20,Yes,No,DSL,No,No,No,No,No,No,Month-to-month,No,Credit card (automatic),57.6,1231.67,Yes
5246-6257,Male,0,No,No,47,Yes,Yes,DSL,No,Yes,Yes,No,Yes,No,One year,No,Electronic check,58.95,2796.15,No
5247-9385,Male,0,Yes,No,41,Yes,Yes,No,No internet service,No internet service,No internet service,No internet service,No internet service,No internet service,Two year,No,Mailed check,30.43,1167.41,No
5248-9104,Male,0,No,No,8,Yes,Yes,Fiber optic,Yes,No,No,Yes,Yes,Yes,Two year,Yes,Mailed check,101.88,779.41,Yes
5249-6140,Female,0,Yes,No,63,Yes,No,DSL,No,Yes,No,No,Yes,No,Month-to-month,No,Bank transfer (automatic),59.23,3757.86,No
5250-2343,Male,0,No,No,6,Yes,Yes,Fiber optic,No,No,No,Yes,No,No,Two year,Yes,Credit card (automatic),63.52,487.3,No
5251-4802,Male,0,No,No,69,Yes,No,No,No internet service,No internet service,No internet service,No internet service,No internet service,No internet service,Month-to-month,Yes,Mailed check,30.62,2138.83,No
5252-7426,Female,0,No,Yes,67,Yes,No,Fiber optic,Yes,Yes,No,No,Yes,Yes,One year,Yes,Electronic check,100.27,6719.83,No
5253-6042,Male,1,No,No,42,Yes,No,No,No internet service,No internet service,No internet service,No internet service,No internet service,No internet service,Month-to-month,Yes,Mailed check,23.4,920.34,No
5254-4108,Male,0,No,No,69,Yes,No,Fiber optic,No,No,No,No,No,No,One year,Yes,Bank transfer (automatic),89.1,6149.21,No
5255-4083,Male,0,No,No,62,Yes,No,DSL,No,No,No,No,Yes,Yes,One year,Yes,Bank transfer (automatic),69.42,4347.78,No
5256-1537,Male,0,Yes,No,65,Yes,Yes,DSL,No,No,No,Yes,Yes,No,Two year,Yes,Mailed check,49.38,3265.47,No
5257-3596,Male,0,No,No,58,Yes,No,Fiber optic,No,No,No,No,No,Yes,Month-to-month,Yes,Bank transfer (automatic),105.42,6122.11,Yes
5258-7023,Male,0,No,No,67,Yes,No,Fiber optic,No,Yes,No,No,No,Yes,Month-to-month,No,Mailed check,88.56,5854.1,No
5259-3171,Female,1,Yes,No,56,Yes,Yes,Fiber optic,Yes,No,No,Yes,Yes,Yes,Month-to-month,No,Bank transfer (automatic),111.3,6338.82,Yes
5260-9939,Male,0,No,No,64,Yes,Yes,Fiber optic,No,No,No,No,No,Yes,Two year,No,Electronic check,71.04,4605.17,No
5261-1741,Female,0,Yes,No,8,Yes,No,DSL,No,No,Yes,Yes,No,Yes,Two year,No,Electronic check,53.07,383.28,No
5262-6298,Female,0,No,No,31,Yes,Yes,No,No internet service,No internet service,No internet service,No internet service,No internet service,No internet service,Two year,No,Mailed check,33.46,1151.47,No
5263-5468,Male,0,No,No,34,Yes,Yes,Fiber optic,No,No,No,Yes,No,No,Month-to-month,Yes,Credit card (automatic),71.68,2537.96,No
5264-8498,Female,0,Yes,No,66,Yes,No,Fiber optic,No,Yes,Yes,No,No,Yes,Month-to-month,Yes,Credit card (automatic),111.36,7373.73,No
5265-8988,Male,0,Yes,No,35,Yes,No,Fiber optic,No,No,No,Yes,Yes,No,Month-to-month,Yes,Bank transfer (automatic),94.66,3280.91,No
5266-5890,Female,0,No,No,32,Yes,Yes,Fiber optic,No,No,No,No,Yes,No,Two year,Yes,Bank transfer (automatic),80.98,2559.72,No
5267-6670,Female,1,Yes,No,57,Yes,No,No,No internet service,No internet service,No internet service,No internet service,No internet service,No internet service,Month-to-month,No,Mailed check,28.16,1603.88,No
5268-7289,Female,0,No,No,47,Yes,No,DSL,No,Yes,No,No,Yes,Yes,Two year,Yes,Bank transfer (automatic),67.55,3011.57,No
5269-5688,Male,0,Yes,No,42,Yes,Yes,Fiber optic,No,No,No,No,No,Yes,One year,Yes,Credit card (automatic),77.12,3275.85,No
5270-2663,Female,0,Yes,No,66,Yes,No,Fiber optic,No,No,No,No,No,No,One year,Yes,Mailed check,73.11,4830.22,No
5271-4856,Male,0,Yes,No,59,Yes,No,No,No internet service,No internet service,No internet service,No internet service,No internet service,No internet service,One year,No,Electronic check,31.33,1824.39,No
5272-3173,Female,0,No,No,51,Yes,No,Fiber optic,No,No,No,No,No,No,Month-to-month,No,Credit card (automatic),85.77,4325.93,No
5273-5179,Female,1,No,No,69,Yes,No,DSL,No,No,No,No,No,No,Month-to-month,No,Electronic check,60.75,4256.15,No
5274-6535,Female,0,No,No,3,Yes,Yes,Fiber optic,No,Yes,No,No,No,No,One year,No,Bank transfer (automatic),76.81,153.12,Yes
5275-2883,Female,0,No,No,40,Yes,Yes,Fiber optic,No,Yes,No,No,No,No,Two year,No,Credit card (automatic),89.4,3631.45,No
5276-3244,Male,1,No,No,2,Yes,No,DSL,Yes,Yes,No,No,Yes,No,Month-to-month,Yes,Credit card (automatic),65.92,114.93,No
5277-8405,Female,0,Yes,No,57,Yes,Yes,Fiber optic,No,No,No,No,No,No,Month-to-month,No,Bank transfer (automatic),79.42,4589.97,No
5278-4399,Male,0,Yes,No,9,Yes,No,Fiber optic,Yes,No,Yes,Yes,Yes,No,Month-to-month,Yes,Electronic check,88.09,723.74,No
5279-2785,Female,0,No,No,40,Yes,Yes,DSL,No,No,No,No,No,Yes,One year,No,Credit card (automatic),69.08,2859.47,No
5280-7417,Male,0,Yes,No,57,Yes,Yes,DSL,Yes,No,No,Yes,No,Yes,Two year,Yes,Mailed check,71.99,4089.81,No
5281-7448,Male,0,No,No,45,Yes,Yes,Fiber optic,No,No,Yes,No,Yes,No,Month-to-month,No,Credit card (automatic),88.59,4007.01,No
5282-8434,Female,0,No,Yes,4,Yes,No,DSL,No,No,Yes,Yes,Yes,No,Month-to-month,Yes,Electronic check,61.81,145.27,Yes
5283-7839,Female,0,No,No,34,Yes,No,DSL,No,No,No,No,Yes,Yes,Month-to-month,No,Bank transfer (automatic),83.3,2901.7,Yes
5284-9926,Male,0,No,No,56,Yes,Yes,Fiber optic,No,No,No,No,No,No,Month-to-month,No,Bank transfer (automatic),63.29,3532.03,No
5285-6173,Female,0,No,No,70,Yes,No,DSL,Yes,No,No,No,Yes,Yes,Month-to-month,No,Electronic check,84.07,5824.76,No
5286-3581,Male,0,No,No,65,Yes,No,DSL,No,No,Yes,No,No,No,One year,Yes,Credit card (automatic),57.98,3981.83,No
5287-8765,Male,0,No,No,59,Yes,No,No,No internet service,No internet service,No internet service,No internet service,No internet service,No internet service,One year,Yes,Mailed check,31.75,2014.68,No
5288-3383,Male,0,Yes,Yes,22,Yes,Yes,Fiber optic,No,No,Yes,No,No,No,Month-to-month,No,Electronic check,100.5,2073.2,Yes
5289-3619,Male,0,No,No,54,Yes,Yes,DSL,Yes,No,No,No,Yes,Yes,Month-to-month,Yes,Credit card (automatic),67.68,3639.08,No
5290-8455,Male,0,Yes,Yes,12,Yes,No,DSL,No,No,Yes,No,Yes,Yes,One year,Yes,Bank transfer (automatic),70.51,689.83,No
5291-8933,Male,0,No,Yes,24,Yes,No,DSL,Yes,No,No,Yes,Yes,No,Two year,No,Electronic check,74.96,1736.04,No
5292-4053,Female,0,No,No,20,Yes,No,Fiber optic,Yes,Yes,Yes,No,No,No,Month-to-month,No,Bank transfer (automatic),94.4,1768.36,No
5293-7563,Male,0,No,No,35,Yes,Yes,Fiber optic,No,No,No,No,No,No,Two year,Yes,Electronic check,73.74,2578.44,No
5294-9300,Female,0,Yes,Yes,63,Yes,No,DSL,Yes,Yes,No,No,Yes,Yes,Month-to-month,Yes,Electronic check,92.07,5667.71,No
5295-8187,Female,0,No,No,62,Yes,No,No,No internet service,No internet service,No internet service,No internet service,No internet service,No internet service,Month-to-month,No,Mailed check,27.82,1813.75,No
5296-1044,Male,0,Yes,No,65,Yes,No,Fiber optic,Yes,No,No,No,No,No,Two year,No,Bank transfer (automatic),84.18,5414.19,No
5297-6980,Male,0,No,No,68,Yes,Yes,No,No internet service,No internet service,No internet service,No internet service,No internet service,No internet service,Two year,No,Bank transfer (automatic),30.85,2175.41,No
5298-2528,Male,1,Yes,No,2,Yes,Yes,Fiber optic,No,No,No,Yes,No,Yes,Two year,Yes,Credit card (automatic),71.56,223.4,No
5299-8616,Female,0,No,No,72,Yes,Yes,No,No internet service,No internet service,No internet service,No internet service,No internet service,No internet service,Month-to-month,No,Credit card (automatic),30.54,2396.89,No
5300-1603,Female,1,No,No,64,Yes,No,Fiber optic,Yes,No,No,No,No,Yes,Month-to-month,No,Credit card (automatic),67.78,4370.27,No
5301-9936,Male,0,Yes,No,53,Yes,No,DSL,No,Yes,No,Yes,No,No,Month-to-month,Yes,Credit card (automatic),65.0,3458.95,No
5302-2595,Female,0,Yes,No,5,No,No phone service,DSL,No,No,Yes,Yes,No,No,Month-to-month,No,Mailed check,35.04,80.33,No
5303-4781,Male,0,Yes,No,53,Yes,Yes,DSL,No,Yes,No,No,No,Yes,Month-to-month,Yes,Mailed check,65.74,3492.57,Yes
5304-3106,Female,0,Yes,No,49,Yes,Yes,No,No internet service,No internet service,No internet service,No internet service,No internet service,No internet service,Two year,Yes,Electronic check,26.81,1266.28,No
5305-8324,Male,1,Yes,No,6,Yes,No,Fiber optic,No,Yes,Yes,No,Yes,No,Month-to-month,No,Mailed check,92.71,577.66,Yes
5306-4541,Female,0,Yes,No,14,Yes,Yes,DSL,No,Yes,No,No,No,No,Two year,No,Mailed check,56.5,791.1,No
5307-7700,Female,1,Yes,Yes,54,Yes,No,DSL,Yes,No,No,Yes,No,Yes,Month-to-month,No,Credit card (automatic),55.82,3002.12,No
5308-1604,Male,0,Yes,No,12,Yes,No,Fiber optic,No,Yes,No,No,Yes,Yes,Two year,Yes,Electronic check,113.61,1242.26,Yes
5309-5075,Male,0,No,No,25,Yes,Yes,Fiber optic,No,No,No,No,Yes,Yes,Month-to-month,Yes,Mailed check,99.61,2585.46,No
5310-9198,Male,0,Yes,Yes,44,Yes,No,Fiber optic,No,Yes,No,No,Yes,No,Month-to-month,No,Credit card (automatic),98.1,4385.36,No
5311-9341,Male,0,Yes,Yes,63,Yes,No,No,No internet service,No internet service,No internet service,No internet service,No internet service,No internet service,Month-to-month,No,Bank transfer (automatic),37.69,2406.18,No
5312-2878,Female,0,No,No,20,Yes,No,Fiber optic,No,Yes,No,No,Yes,No,Two year,No,Credit card (automatic),90.95,1820.13,No
5313-4549,Male,1,Yes,No,0,Yes,Yes,DSL,No,Yes,No,No,Yes,No,One year,No,Credit card (automatic),55.31,,No
5314-4681,Female,0,No,Yes,62,Yes,Yes,Fiber optic,No,Yes,No,Yes,No,Yes,Two year,No,Bank transfer (automatic),88.43,5479.81,No
5315-6088,Male,1,No,No,68,Yes,No,Fiber optic,No,No,No,No,No,No,Month-to-month,No,Mailed check,66.69,4672.74,No
5316-5835,Female,1,No,Yes,62,Yes,Yes,No,No internet service,No internet service,No internet service,No internet service,No internet service,No internet service,Two year,No,Electronic check,33.56,2089.7,No
5317-1953,Female,0,No,No,35,Yes,Yes,DSL,No,No,No,Yes,No,No,Month-to-month,Yes,Electronic check,58.57,2118.74,No
5318-7863,Female,0,No,No,52,Yes,No,Fiber optic,No,Yes,Yes,No,No,No,Month-to-month,Yes,Electronic check,83.04,4315.74,No
5319-3031,Male,0,No,No,9,Yes,No,Fiber optic,Yes,No,No,No,Yes,No,Month-to-month,Yes,Electronic check,101.97,900.09,No
5320-3834,Male,0,No,No,46,Yes,No,Fiber optic,No,No,No,Yes,No,No,Month-to-month,Yes,Bank transfer (automatic),74.27,3422.09,No
5321-8565,Female,1,Yes,No,43,No,No phone service,DSL,Yes,Yes,No,Yes,No,Yes,Two year,Yes,Credit card (automatic),52.2,2255.32,No
5322-7206,Male,1,No,No,46,Yes,Yes,DSL,No,Yes,No,No,Yes,No,Month-to-month,No,Mailed check,48.05,2087.88,No
5323-4568,Male,1,No,Yes,50,No,No phone service,No,No internet service,No internet service,No internet service,No internet service,No internet service,No internet service,Two year,No,Mailed check,18.25,1001.11,No
5324-9211,Male,0,No,Yes,64,Yes,No,DSL,No,No,No,No,No,No,One year,No,Credit card (automatic),59.96,3773.59,No
5325-4546,Male,0,Yes,No,56,Yes,No,Fiber optic,Yes,Yes,Yes,No,No,No,Month-to-month,No,Credit card (automatic),91.81,5075.3,No
5326-6088,Female,0,Yes,Yes,2,Yes,No,Fiber optic,Yes,Yes,No,No,No,Yes,Two year,Yes,Credit card (automatic),93.16,149.75,Yes
5327-3213,Female,1,No,No,51,Yes,Yes,DSL,Yes,No,No,No,No,No,Two year,No,Electronic check,63.53,3252.71,No
5328-2648,Male,0,Yes,No,53,Yes,Yes,Fiber optic,No,Yes,No,No,No,No,Two year,Yes,Bank transfer (automatic),72.76,3847.28,No
5329-5424,Female,0,No,Yes,40,Yes,Yes,DSL,Yes,Yes,No,No,Yes,Yes,Month-to-month,Yes,Mailed check,80.69,3255.52,No
5330-6066,Male,0,Yes,No,45,Yes,Yes,Fiber optic,Yes,Yes,No,No,No,Yes,Two year,No,Electronic check,90.65,4044.03,No
5331-8251,Female,0,Yes,No,5,Yes,No,DSL,No,No,Yes,No,No,No,Month-to-month,No,Bank transfer (automatic),61.93,434.76,No
5332-4517,Female,0,Yes,No,19,Yes,No,Fiber optic,No,Yes,Yes,No,No,Yes,Two year,Yes,Electronic check,89.68,1681.13,No
5333-9055,Male,0,No,Yes,62,Yes,No,Fiber optic,No,No,No,No,Yes,No,Month-to-month,No,Bank transfer (automatic),106.78,6657.82,No
5334-6465,Male,1,No,No,0,Yes,No,No,No internet service,No internet service,No internet service,No internet service,No internet service,No internet service,Month-to-month,No,Mailed check,26.36,,No
5335-1630,Male,0,No,No,71,No,No phone service,DSL,Yes,No,Yes,Yes,No,No,Two year,Yes,Electronic check,52.88,3633.5,No
5336-7651,Male,0,No,No,16,Yes,Yes,DSL,No,No,Yes,No,No,No,Two year,Yes,Bank transfer (automatic),61.86,916.31,No
5337-6172,Female,0,No,No,56,No,No phone service,DSL,No,No,Yes,No,Yes,No,One year,Yes,Bank transfer (automatic),48.61,2670.15,No
5338-4503,Male,0,No,No,16,Yes,Yes,DSL,Yes,No,No,No,Yes,No,Month-to-month,Yes,Electronic check,69.69,1103.69,No
5339-5204,Female,0,Yes,Yes,2,Yes,No,Fiber optic,No,Yes,Yes,Yes,No,Yes,Two year,Yes,Bank transfer (automatic),86.54,256.3,Yes
5340-3715,Female,0,No,No,44,Yes,No,No,No internet service,No internet service,No internet service,No internet service,No internet service,No internet service,Month-to-month,Yes,Bank transfer (automatic),34.37,1351.58,No
5341-6527,Male,0,No,Yes,55,Yes,No,Fiber optic,Yes,No,Yes,No,No,No,Two year,Yes,Mailed check,92.14,5108.99,No
5342-6101,Female,0,Yes,No,6,Yes,Yes,DSL,Yes,No,No,No,Yes,No,One year,No,Credit card (automatic),64.39,332.3,No
5343-5025,Male,0,No,Yes,19,Yes,Yes,No,No internet service,No internet service,No internet service,No internet service,No internet service,No internet service,One year,No,Credit card (automatic),27.28,472.79,No
5344-3566,Female,0,Yes,No,22,Yes,Yes,Fiber optic,Yes,Yes,Yes,No,No,No,One year,Yes,Electronic check,83.35,2002.35,No
5345-4587,Male,0,No,No,70,Yes,Yes,Fiber optic,No,No,No,No,No,No,Month-to-month,No,Electronic check,92.18,6456.92,No
5346-5480,Female,0,No,No,22,Yes,No,Fiber optic,Yes,Yes,No,No,Yes,No,Month-to-month,Yes,Bank transfer (automatic),91.12,1967.26,No
5347-5246,Female,0,Yes,No,4,Yes,Yes,Fiber optic,Yes,No,Yes,Yes,Yes,No,One year,No,Electronic check,89.32,269.72,No
5348-3783,Female,0,No,No,71,Yes,No,No,No internet service,No internet service,No internet service,No internet service,No internet service,No internet service,Month-to-month,Yes,Bank transfer (automatic),21.38,1567.36,No
5349-6237,Female,0,No,No,6,Yes,No,DSL,No,No,Yes,No,Yes,Yes,Month-to-month,Yes,Mailed check,81.06,402.14,No
5350-3038,Male,0,No,No,35,Yes,No,Fiber optic,No,Yes,No,No,Yes,Yes,One year,Yes,Electronic check,95.45,3221.04,No
5351-5508,Male,0,No,No,13,Yes,Yes,Fiber optic,No,No,No,No,No,No,Month-to-month,Yes,Electronic check,86.78,1025.84,Yes
5352-2093,Female,0,Yes,No,18,Yes,Yes,No,No internet service,No internet service,No internet service,No internet service,No internet service,No internet service,Month-to-month,Yes,Electronic check,30.9,503.49,No
5353-5248,Male,0,Yes,No,54,Yes,No,Fiber optic,Yes,Yes,Yes,Yes,No,No,One year,Yes,Mailed check,81.72,4514.25,No
5354-8055,Female,0,Yes,Yes,9,Yes,No,DSL,No,No,Yes,Yes,Yes,No,Month-to-month,No,Mailed check,56.89,569.19,Yes
5355-8359,Male,0,Yes,Yes,47,Yes,No,No,No internet service,No internet service,No internet service,No internet service,No internet service,No internet service,Two year,No,Bank transfer (automatic),26.75,1190.3,No
5356-7251,Male,0,Yes,Yes,41,Yes,Yes,Fiber optic,No,No,No,No,Yes,Yes,Month-to-month,Yes,Credit card (automatic),96.89,4019.72,No
5357-7710,Female,0,No,No,53,Yes,Yes,Fiber optic,No,No,Yes,No,Yes,No,Two year,Yes,Credit card (automatic),85.67,4432.96,No
5358-1593,Male,0,Yes,No,11,Yes,Yes,DSL,Yes,No,No,No,No,No,Month-to-month,No,Mailed check,60.2,517.68,No
5359-4072,Female,0,No,Yes,25,Yes,No,No,No internet service,No internet service,No internet service,No internet service,No internet service,No internet service,Two year,No,Bank transfer (automatic),33.82,968.92,No
5360-6887,Female,0,Yes,Yes,0,Yes,No,Fiber optic,No,No,No,No,No,No,One year,No,Bank transfer (automatic),66.71,,Yes
5361-8204,Female,1,Yes,Yes,64,Yes,Yes,No,No internet service,No internet service,No internet service,No internet service,No internet service,No internet service,Month-to-month,Yes,Electronic check,32.19,2000.42,No
5362-6245,Male,0,No,No,72,Yes,No,Fiber optic,No,No,No,No,No,Yes,Two year,Yes,Mailed check,69.39,4897.73,No
5363-8682,Female,0,No,Yes,32,No,No phone service,DSL,No,Yes,No,No,No,Yes,Month-to-month,Yes,Credit card (automatic),51.51,1675.81,No
5364-3457,Female,0,No,No,38,Yes,No,Fiber optic,No,Yes,No,No,Yes,No,Two year,Yes,Mailed check,85.02,3257.81,No
5365-2381,Female,0,Yes,No,9,Yes,No,DSL,No,No,No,Yes,No,No,Two year,Yes,Electronic check,55.95,470.56,No
5366-1777,Female,0,No,No,63,Yes,No,DSL,No,No,No,No,No,Yes,Two year,Yes,Electronic check,72.11,4476.41,No
5367-6243,Male,0,Yes,No,56,No,No phone service,No,No internet service,No internet service,No internet service,No internet service,No internet service,No internet service,Two year,Yes,Bank transfer (automatic),18.25,1100.02,No
5368-6985,Male,0,No,No,8,Yes,No,No,No internet service,No internet service,No internet service,No internet service,No internet service,No internet service,Month-to-month,No,Bank transfer (automatic),26.81,242.55,No
5369-3567,Female,1,No,No,38,Yes,No,Fiber optic,Yes,No,No,No,Yes,Yes,Two year,Yes,Electronic check,93.6,3524.1,No
5370-8052,Female,1,Yes,No,12,Yes,Yes,DSL,No,No,Yes,No,No,No,One year,Yes,Mailed check,65.07,703.52,No
5371-7651,Female,0,No,No,43,No,No phone service,Fiber optic,Yes,Yes,No,Yes,No,No,One year,Yes,Bank transfer (automatic),71.84,3101.82,No
5372-4240,Female,1,No,No,47,Yes,No,Fiber optic,No,No,Yes,Yes,Yes,No,Month-to-month,No,Bank transfer (automatic),100.86,4649.7,No
5373-3148,Male,1,Yes,No,28,Yes,Yes,Fiber optic,No,No,No,No,No,No,Month-to-month,Yes,Mailed check,82.55,2369.65,Yes
5374-7680,Female,0,Yes,Yes,32,Yes,No,Fiber optic,Yes,Yes,Yes,No,No,Yes,Month-to-month,No,Bank transfer (automatic),118.28,3874.2,No
5375-7041,Female,0,No,No,51,Yes,Yes,Fiber optic,No,No,Yes,Yes,No,Yes,Month-to-month,Yes,Bank transfer (automatic),86.33,4533.13,No
5376-2536,Male,0,Yes,No,11,Yes,Yes,DSL,Yes,No,Yes,Yes,No,No,Month-to-month,Yes,Credit card (automatic),66.12,658.95,No
5377-3295,Male,0,Yes,No,2,Yes,No,Fiber optic,Yes,No,No,Yes,Yes,No,Two year,Yes,Bank transfer (automatic),98.19,141.96,No
5378-5373,Female,0,Yes,No,30,Yes,Yes,DSL,No,Yes,No,Yes,Yes,No,One year,No,Mailed check,54.96,1667.8,No
5379-5599,Female,0,No,No,35,Yes,Yes,No,No internet service,No internet service,No internet service,No internet service,No internet service,No internet service,Month-to-month,Yes,Electronic check,34.4,1312.11,No
5380-2493,Male,0,Yes,No,20,Yes,Yes,No,No internet service,No internet service,No internet service,No internet service,No internet service,No internet service,Two year,No,Credit card (automatic),30.82,606.74,No
5381-9536,Female,0,No,No,31,No,No phone service,Fiber optic,No,No,No,No,No,Yes,One year,Yes,Mailed check,86.76,2662.63,No
5382-4497,Female,0,No,No,7,No,No phone service,No,No internet service,No internet service,No internet service,No internet service,No internet service,No internet service,Month-to-month,Yes,Bank transfer (automatic),18.25,0.0,No
5383-4431,Male,0,Yes,No,54,Yes,No,Fiber optic,No,No,Yes,No,Yes,Yes,Month-to-month,No,Electronic check,100.05,5456.92,No
5384-1544,Male,1,Yes,No,55,Yes,No,No,No internet service,No internet service,No internet service,No internet service,No internet service,No internet service,Month-to-month,No,Mailed check,30.78,1590.4,No
5385-8880,Male,1,No,No,19,Yes,Yes,No,No internet service,No internet service,No internet service,No internet service,No internet service,No internet service,Month-to-month,Yes,Electronic check,33.28,634.26,No
5386-3116,Female,0,Yes,Yes,47,Yes,Yes,Fiber optic,No,Yes,Yes,No,No,No,Month-to-month,No,Mailed check,79.44,3686.08,No
5387-9881,Female,0,Yes,No,17,No,No phone service,No,No internet service,No internet service,No internet service,No internet service,No internet service,No internet service,One year,Yes,Electronic check,18.25,402.01,No
5388-5463,Female,1,Yes,Yes,28,No,No phone service,DSL,No,No,No,Yes,No,No,Two year,Yes,Mailed check,49.75,1360.45,No
5389-8872,Male,0,No,No,23,Yes,No,No,No internet service,No internet service,No internet service,No internet service,No internet service,No internet service,Month-to-month,No,Mailed check,26.77,621.03,No
5390-2611,Male,1,No,No,70,Yes,No,Fiber optic,No,No,No,Yes,No,No,One year,Yes,Bank transfer (automatic),84.92,5942.83,No
5391-2492,Female,0,No,No,35,Yes,No,Fiber optic,No,Yes,Yes,No,No,No,Two year,No,Electronic check,64.08,2199.96,No
5392-8209,Male,0,Yes,No,46,Yes,No,DSL,No,No,No,No,No,No,One year,No,Bank transfer (automatic),45.94,2241.26,No
5393-8376,Female,0,Yes,No,15,Yes,Yes,DSL,No,Yes,Yes,No,No,No,Month-to-month,No,Credit card (automatic),56.23,1217.78,No
5394-5887,Female,0,No,No,67,Yes,No,DSL,No,Yes,Yes,No,Yes,No,Two year,Yes,Bank transfer (automatic),78.59,5186.48,No
5395-1289,Male,0,Yes,Yes,49,Yes,No,DSL,Yes,Yes,No,No,Yes,No,Month-to-month,Yes,Bank transfer (automatic),59.57,2893.31,No
5396-9492,Female,0,No,Yes,7,Yes,No,Fiber optic,No,No,No,Yes,No,No,Month-to-month,Yes,Mailed check,95.97,614.94,Yes
5397-4539,Female,1,No,Yes,24,Yes,No,DSL,No,No,No,No,Yes,No,Two year,No,Bank transfer (automatic),58.54,1427.82,No
5398-9422,Female,0,Yes,No,36,Yes,Yes,No,No internet service,No internet service,No internet service,No internet service,No internet service,No internet service,Month-to-month,Yes,Credit card (automatic),29.96,1096.54,No
5399-8835,Male,0,No,No,30,Yes,No,No,No internet service,No internet service,No internet service,No internet service,No internet service,No internet service,Two year,No,Bank transfer (automatic),33.51,1076.78,No
5400-8662,Female,0,No,Yes,58,Yes,Yes,Fiber optic,No,No,Yes,No,Yes,No,One year,Yes,Electronic check,81.87,4640.3,No
5401-7198,Female,0,No,No,40,Yes,No,No,No internet service,No internet service,No internet service,No internet service,No internet service,No internet service,Two year,Yes,Electronic check,29.02,1236.65,No
5402-7058,Male,0,Yes,No,40,Yes,Yes,Fiber optic,Yes,No,No,No,Yes,Yes,Month-to-month,Yes,Electronic check,116.31,4495.98,Yes
5403-5794,Female,0,No,No,27,Yes,Yes,No,No internet service,No internet service,No internet service,No internet service,No internet service,No internet service,Two year,No,Electronic check,32.0,914.38,No
5404-1222,Female,0,Yes,No,61,Yes,No,Fiber optic,No,Yes,Yes,No,No,No,Month-to-month,Yes,Bank transfer (automatic),83.48,5033.74,No
5405-4490,Male,0,No,No,51,Yes,Yes,Fiber optic,Yes,No,Yes,No,Yes,Yes,Month-to-month,Yes,Mailed check,94.65,4719.45,No
5406-7574,Male,0,Yes,Yes,51,Yes,No,DSL,No,No,Yes,No,No,Yes,Month-to-month,Yes,Electronic check,51.88,2667.75,No
5407-8309,Male,0,Yes,No,47,Yes,No,No,No internet service,No internet service,No internet service,No internet service,No internet service,No internet service,Month-to-month,Yes,Bank transfer (automatic),27.89,1260.31,No
5408-6035,Female,0,No,No,48,Yes,No,Fiber optic,No,No,Yes,Yes,No,Yes,Month-to-month,Yes,Credit card (automatic),97.13,4779.2,No
5409-7385,Male,0,No,No,55,Yes,Yes,DSL,No,No,Yes,No,Yes,No,Month-to-month,Yes,Electronic check,66.72,3717.9,No
5410-1195,Female,0,Yes,Yes,17,Yes,Yes,DSL,No,No,No,Yes,Yes,Yes,Two year,Yes,Electronic check,74.64,1241.62,No
5411-5215,Female,0,No,No,38,Yes,Yes,No,No internet service,No internet service,No internet service,No internet service,No internet service,No internet service,Month-to-month,Yes,Electronic check,27.91,1023.61,No
5412-5569,Female,1,Yes,No,9,Yes,No,No,No internet service,No internet service,No internet service,No internet service,No internet service,No internet service,Two year,Yes,Electronic check,29.28,255.6,No
5413-9031,Female,0,No,No,26,Yes,No,Fiber optic,No,Yes,No,No,No,No,Two year,No,Electronic check,86.61,2409.19,No
5414-3799,Female,0,No,Yes,21,Yes,No,DSL,No,No,Yes,No,No,No,Month-to-month,No,Electronic check,57.19,1061.54,No
5415-3069,Female,0,Yes,No,14,Yes,No,Fiber optic,Yes,No,Yes,No,Yes,Yes,Month-to-month,Yes,Mailed check,111.4,1455.05,Yes
5416-4171,Female,0,No,No,39,No,No phone service,DSL,Yes,No,No,No,Yes,Yes,Two year,Yes,Electronic check,63.73,2601.73,No
5417-2533,Female,0,No,No,31,Yes,No,No,No internet service,No internet service,No internet service,No internet service,No internet service,No internet service,Two year,No,Credit card (automatic),28.7,796.41,No
5418-6025,Male,0,No,No,33,Yes,Yes,DSL,No,No,No,No,No,Yes,Two year,No,Electronic check,64.77,2161.04,No
5419-6784,Male,0,No,No,63,Yes,No,DSL,No,Yes,Yes,No,Yes,No,Month-to-month,Yes,Bank transfer (automatic),82.34,5248.04,No
5420-8209,Female,0,No,No,26,Yes,No,Fiber optic,No,No,No,No,No,No,Month-to-month,No,Bank transfer (automatic),93.46,2400.79,No
5421-9746,Male,1,No,No,8,Yes,No,Fiber optic,No,No,Yes,No,No,No,Month-to-month,Yes,Electronic check,81.89,715.92,No
5422-1662,Male,0,Yes,No,57,Yes,Yes,No,No internet service,No internet service,No internet service,No internet service,No internet service,No internet service,Month-to-month,Yes,Electronic check,28.59,1468.32,No
5423-3225,Male,0,No,No,15,Yes,Yes,Fiber optic,No,No,No,No,Yes,No,Month-to-month,No,Mailed check,100.07,1532.05,Yes
5424-3706,Female,0,Yes,No,71,Yes,No,DSL,No,Yes,No,Yes,No,No,Two year,No,Bank transfer (automatic),55.21,4065.32,No
5425-3246,Female,0,Yes,Yes,48,Yes,No,DSL,No,Yes,No,No,No,Yes,Two year,No,Credit card (automatic),66.75,3216.11,No
5426-8444,Female,0,Yes,No,18,Yes,Yes,Fiber optic,Yes,No,No,No,Yes,No,Month-to-month,No,Electronic check,98.81,1837.79,No
5427-2255,Female,0,No,No,41,Yes,No,DSL,No,Yes,No,No,No,No,Two year,Yes,Bank transfer (automatic),52.06,2335.69,No
5428-1267,Female,0,Yes,No,68,Yes,No,Fiber optic,Yes,Yes,No,No,No,Yes,Two year,Yes,Mailed check,78.87,5351.3,No
5429-8744,Male,0,Yes,No,66,Yes,Yes,Fiber optic,No,Yes,No,No,No,No,Two year,No,Credit card (automatic),74.13,4789.79,No
5430-9652,Female,0,Yes,No,28,Yes,Yes,Fiber optic,No,No,No,No,No,Yes,Two year,No,Mailed check,84.23,2177.07,No
5431-3037,Male,0,Yes,No,2,No,No phone service,DSL,Yes,No,No,No,Yes,No,Month-to-month,Yes,Bank transfer (automatic),53.99,118.63,Yes
5432-3995,Male,0,No,Yes,5,Yes,Yes,No,No internet service,No internet service,No internet service,No internet service,No internet service,No internet service,Month-to-month,Yes,Credit card (automatic),31.78,63.4,No
5433-5528,Female,0,Yes,Yes,64,Yes,No,Fiber optic,No,No,Yes,No,No,No,Two year,No,Electronic check,76.75,4979.18,No
5434-5733,Male,0,Yes,Yes,48,Yes,No,Fiber optic,No,Yes,Yes,No,Yes,Yes,One year,Yes,Bank transfer (automatic),94.17,4606.57,Yes
5435-9916,Female,1,No,No,52,Yes,No,Fiber optic,No,No,No,No,Yes,Yes,Month-to-month,Yes,Electronic check,98.45,5083.79,No
5436-4636,Male,0,Yes,Yes,52,Yes,No,Fiber optic,No,Yes,No,No,Yes,No,Two year,Yes,Credit card (automatic),89.11,4504.37,Yes
5437-1109,Male,1,No,Yes,56,Yes,No,Fiber optic,Yes,No,Yes,No,Yes,Yes,Two year,No,Credit card (automatic),102.67,5815.82,No
5438-4804,Male,0,No,No,37,Yes,No,No,No internet service,No internet service,No internet service,No internet service,No internet service,No internet service,Month-to-month,No,Mailed check,28.15,1013.67,No
5439-6007,Female,0,No,No,27,Yes,No,Fiber optic,No,Yes,No,No,No,Yes,Two year,No,Credit card (automatic),87.77,2434.2,No
5440-5651,Female,0,Yes,Yes,17,Yes,No,DSL,No,No,No,Yes,No,No,Month-to-month,Yes,Credit card (automatic),58.19,993.45,No
5441-5610,Female,0,No,No,22,Yes,Yes,No,No internet service,No internet service,No internet service,No internet service,No internet service,No internet service,Two year,No,Electronic check,31.51,722.03,No
5442-9302,Female,0,No,Yes,54,Yes,No,Fiber optic,No,No,Yes,No,No,No,Month-to-month,Yes,Bank transfer (automatic),72.18,3938.23,No
5443-8266,Female,0,No,Yes,1,No,No phone service,DSL,No,No,No,No,No,Yes,Month-to-month,Yes,Electronic check,64.12,50.46,Yes
5444-3265,Male,0,Yes,No,10,Yes,Yes,DSL,Yes,Yes,Yes,No,No,Yes,Month-to-month,No,Electronic check,74.28,793.99,Yes
5445-4197,Female,1,No,No,57,Yes,No,Fiber optic,No,No,No,No,No,No,One year,No,Mailed check,66.39,3913.87,No
5446-7007,Female,0,No,No,47,Yes,Yes,Fiber optic,Yes,No,Yes,No,No,Yes,Month-to-month,No,Mailed check,90.9,4168.2,No
5447-4692,Male,0,No,No,11,Yes,Yes,No,No internet service,No internet service,No internet service,No internet service,No internet service,No internet service,Month-to-month,No,Mailed check,32.68,265.4,No
5448-4855,Female,0,No,No,2,No,No phone service,DSL,Yes,Yes,Yes,No,Yes,No,Two year,No,Electronic check,54.6,96.86,No
5449-2511,Female,0,No,No,16,Yes,No,Fiber optic,No,No,Yes,No,Yes,No,Month-to-month,No,Mailed check,89.89,1350.03,No
5450-3289,Male,0,No,No,8,Yes,No,DSL,No,No,No,Yes,Yes,Yes,One year,Yes,Electronic check,62.04,360.01,Yes
5451-7666,Male,0,Yes,No,20,Yes,No,Fiber optic,No,Yes,No,No,Yes,Yes,One year,Yes,Bank transfer (automatic),96.08,1999.71,Yes
5452-8585,Male,1,Yes,No,60,No,No phone service,No,No internet service,No internet service,No internet service,No internet service,No internet service,No internet service,Two year,Yes,Electronic check,18.25,1136.74,No
5453-8061,Female,0,No,Yes,63,Yes,No,DSL,Yes,No,No,No,No,No,Two year,Yes,Mailed check,56.96,3527.63,No
5454-3770,Male,0,Yes,Yes,20,No,No phone service,No,No internet service,No internet service,No internet service,No internet service,No internet service,No internet service,Month-to-month,Yes,Electronic check,18.25,478.39,No
5455-2229,Female,0,No,Yes,21,Yes,Yes,DSL,No,Yes,No,No,No,Yes,Month-to-month,Yes,Electronic check,66.37,1582.91,No
5456-2437,Female,0,No,No,60,No,No phone service,Fiber optic,No,No,No,No,Yes,No,Month-to-month,No,Mailed check,62.24,3787.68,No
5457-4540,Female,0,No,No,31,Yes,No,Fiber optic,Yes,No,No,No,No,Yes,One year,No,Electronic check,106.8,3422.62,No
5458-5659,Male,0,Yes,Yes,15,Yes,Yes,Fiber optic,No,No,Yes,No,Yes,No,One year,Yes,Bank transfer (automatic),94.24,1421.59,No
5459-9035,Female,0,No,Yes,54,Yes,No,No,No internet service,No internet service,No internet service,No internet service,No internet service,No internet service,Month-to-month,Yes,Mailed check,34.32,1870.11,No
5460-9088,Female,1,No,No,35,Yes,No,Fiber optic,No,No,Yes,No,No,Yes,Month-to-month,No,Mailed check,73.77,2500.17,No
5461-1024,Female,0,No,No,65,Yes,No,No,No internet service,No internet service,No internet service,No internet service,No internet service,No internet service,One year,Yes,Electronic check,35.41,2293.45,No
5462-7367,Female,0,No,Yes,64,Yes,No,Fiber optic,No,Yes,Yes,No,Yes,No,Month-to-month,No,Credit card (automatic),85.35,5513.61,No
5463-3688,Female,0,Yes,No,57,Yes,Yes,Fiber optic,No,Yes,No,No,No,No,One year,No,Electronic check,73.34,4179.54,No
5464-2780,Female,0,No,No,70,Yes,Yes,DSL,No,No,No,Yes,No,No,Month-to-month,No,Electronic check,46.67,3297.7,No
5465-5994,Female,1,Yes,No,39,Yes,No,Fiber optic,Yes,Yes,No,No,No,Yes,One year,Yes,Electronic check,109.92,4393.35,No
5466-1305,Male,0,No,No,39,Yes,No,No,No internet service,No internet service,No internet service,No internet service,No internet service,No internet service,One year,No,Mailed check,28.04,1161.34,No
5467-4006,Male,0,Yes,No,0,Yes,Yes,Fiber optic,No,No,Yes,No,No,Yes,One year,Yes,Credit card (automatic),102.29,,Yes
5468-5969,Male,0,Yes,No,12,Yes,No,No,No internet service,No internet service,No internet service,No internet service,No internet service,No internet service,Month-to-month,Yes,Bank transfer (automatic),27.22,364.71,No
5469-3448,Male,0,Yes,No,11,Yes,Yes,No,No internet service,No internet service,No internet service,No internet service,No internet service,No internet service,Month-to-month,Yes,Electronic check,30.58,282.13,No
5470-6339,Male,0,Yes,No,67,Yes,Yes,DSL,No,No,No,No,No,Yes,Two year,Yes,Bank transfer (automatic),61.18,3976.36,No
5471-5139,Male,0,No,No,18,Yes,Yes,Fiber optic,Yes,No,No,No,No,No,Month-to-month,Yes,Electronic check,83.58,1446.17,Yes
5472-8193,Female,0,No,No,45,Yes,No,No,No internet service,No internet service,No internet service,No internet service,No internet service,No internet service,Month-to-month,No,Mailed check,31.53,1385.37,No
5473-2633,Male,0,Yes,No,30,Yes,No,DSL,Yes,No,No,No,No,No,Month-to-month,No,Bank transfer (automatic),57.34,1684.59,No
5474-1513,Female,0,Yes,Yes,55,Yes,No,DSL,No,No,No,Yes,Yes,No,One year,Yes,Mailed check,58.33,3238.68,No
5475-5766,Male,0,No,Yes,26,Yes,No,DSL,Yes,Yes,No,No,No,No,Two year,No,Electronic check,52.19,1541.55,No
5476-3311,Female,0,Yes,No,68,Yes,Yes,No,No internet service,No internet service,No internet service,No internet service,No internet service,No internet service,Two year,Yes,Electronic check,26.56,1893.85,No
5477-7359,Female,0,Yes,Yes,37,Yes,Yes,No,No internet service,No internet service,No internet service,No internet service,No internet service,No internet service,One year,Yes,Electronic check,26.26,975.21,No
5478-1839,Male,0,Yes,No,17,Yes,No,No,No internet service,No internet service,No internet service,No internet service,No internet service,No internet service,Month-to-month,Yes,Bank transfer (automatic),35.1,531.78,No
5479-6177,Female,1,No,No,30,Yes,Yes,Fiber optic,Yes,No,No,No,No,No,Month-to-month,No,Electronic check,69.36,2103.22,No
5480-9907,Female,0,No,No,26,Yes,No,Fiber optic,No,No,No,No,No,No,Month-to-month,Yes,Credit card (automatic),69.49,1912.75,No
5481-1837,Male,0,Yes,Yes,53,Yes,No,DSL,Yes,Yes,No,No,No,No,Month-to-month,Yes,Electronic check,58.02,3241.69,No
5482-3716,Female,0,No,No,23,Yes,No,No,No internet service,No internet service,No internet service,No internet service,No internet service,No internet service,Month-to-month,No,Electronic check,28.53,576.19,No
5483-8598,Female,0,No,Yes,3,Yes,No,No,No internet service,No internet service,No internet service,No internet service,No internet service,No internet service,Month-to-month,No,Mailed check,22.43,188.36,No
5484-5801,Male,0,No,Yes,57,Yes,No,Fiber optic,Yes,Yes,No,No,Yes,No,Two year,Yes,Mailed check,74.69,4238.14,No
5485-2574,Male,0,No,No,72,Yes,Yes,DSL,No,Yes,No,Yes,No,No,Month-to-month,Yes,Bank transfer (automatic),61.63,4418.02,No
5486-2917,Female,0,No,Yes,18,Yes,No,No,No internet service,No internet service,No internet service,No internet service,No internet service,No internet service,Month-to-month,Yes,Credit card (automatic),28.52,503.57,No
5487-7882,Female,0,No,No,61,Yes,Yes,No,No internet service,No internet service,No internet service,No internet service,No internet service,No internet service,One year,No,Bank transfer (automatic),30.39,1917.89,No
5488-8747,Male,0,No,No,2,Yes,No,No,No internet service,No internet service,No internet service,No internet service,No internet service,No internet service,Two year,Yes,Electronic check,30.87,48.99,No
5489-4244,Female,0,Yes,No,24,Yes,No,Fiber optic,No,Yes,Yes,No,No,Yes,Month-to-month,Yes,Electronic check,89.94,2231.63,Yes
5490-5264,Female,0,No,No,0,Yes,Yes,Fiber optic,No,No,No,Yes,No,Yes,Month-to-month,Yes,Credit card (automatic),91.95,,Yes
5491-8044,Female,0,No,No,28,Yes,Yes,Fiber optic,No,Yes,No,No,Yes,Yes,Two year,Yes,Mailed check,92.48,2621.12,No
5492-2592,Male,1,Yes,No,44,Yes,No,Fiber optic,Yes,Yes,No,Yes,No,No,Month-to-month,Yes,Bank transfer (automatic),75.87,3359.18,No
5493-2856,Female,0,Yes,No,70,Yes,No,No,No internet service,No internet service,No internet service,No internet service,No internet service,No internet service,One year,Yes,Bank transfer (automatic),32.63,2281.87,No
5494-7969,Female,0,Yes,No,61,Yes,No,DSL,No,No,No,Yes,No,Yes,Month-to-month,Yes,Mailed check,61.32,3700.58,No
5495-2679,Female,1,Yes,Yes,68,Yes,No,Fiber optic,No,Yes,Yes,No,No,No,Month-to-month,Yes,Mailed check,53.39,3768.04,No
5496-7936,Female,0,Yes,Yes,47,No,No phone service,No,No internet service,No internet service,No internet service,No internet service,No internet service,No internet service,Month-to-month,No,Bank transfer (automatic),18.25,824.53,No
5497-5472,Male,0,Yes,Yes,28,No,No phone service,DSL,Yes,No,Yes,No,No,No,Month-to-month,Yes,Electronic check,58.68,1720.89,No
5498-9909,Female,0,Yes,Yes,66,Yes,No,Fiber optic,No,No,Yes,Yes,No,No,One year,Yes,Bank transfer (automatic),78.38,5306.55,No
5499-1296,Female,0,No,Yes,4,Yes,No,No,No internet service,No internet service,No internet service,No internet service,No internet service,No internet service,Two year,Yes,Bank transfer (automatic),34.08,154.2,No
5500-9512,Female,0,Yes,No,59,Yes,No,Fiber optic,No,No,No,Yes,No,Yes,One year,No,Mailed check,92.98,5516.38,No
5501-3027,Male,0,Yes,Yes,72,Yes,Yes,Fiber optic,No,Yes,Yes,No,Yes,Yes,Month-to-month,Yes,Bank transfer (automatic),84.98,6030.25,No
5502-1315,Male,0,Yes,Yes,1,Yes,No,Fiber optic,No,Yes,No,No,No,No,Month-to-month,Yes,Electronic check,88.72,0.0,Yes
5503-7515,Male,1,Yes,No,47,No,No phone service,DSL,No,No,No,No,No,No,Two year,No,Credit card (automatic),54.01,2413.94,No
5504-5792,Female,0,Yes,No,63,Yes,No,Fiber optic,No,No,Yes,No,Yes,Yes,Two year,No,Electronic check,101.65,6420.78,No
5505-8535,Female,0,No,Yes,50,Yes,No,No,No internet service,No internet service,No internet service,No internet service,No internet service,No internet service,Two year,Yes,Mailed check,33.43,1605.45,No
5506-1975,Female,0,Yes,Yes,71,Yes,No,DSL,No,No,No,No,No,No,Month-to-month,No,Bank transfer (automatic),55.56,3899.01,No
5507-1726,Female,0,Yes,No,20,Yes,Yes,DSL,No,No,No,No,No,No,Two year,Yes,Bank transfer (automatic),56.31,1146.58,No
5508-6104,Male,0,No,No,46,Yes,Yes,DSL,No,Yes,No,No,Yes,No,One year,No,Electronic check,57.99,2701.65,No
5509-8937,Male,0,No,No,59,Yes,No,Fiber optic,No,No,Yes,Yes,Yes,No,Month-to-month,Yes,Electronic check,70.18,4100.55,No
5510-4651,Female,0,Yes,No,5,Yes,Yes,Fiber optic,No,No,No,No,No,No,Two year,Yes,Electronic check,68.78,376.83,Yes
5511-8176,Male,1,Yes,No,40,Yes,Yes,Fiber optic,No,No,No,No,Yes,No,Month-to-month,Yes,Electronic check,102.95,4031.76,Yes
5512-9154,Male,0,No,No,70,Yes,Yes,Fiber optic,No,No,Yes,No,No,No,One year,No,Bank transfer (automatic),63.36,4324.02,No
5513-8826,Female,0,No,Yes,34,Yes,No,Fiber optic,Yes,Yes,Yes,No,No,Yes,One year,No,Credit card (automatic),82.18,2774.59,No
5514-5577,Male,0,Yes,No,59,Yes,No,Fiber optic,No,No,No,No,No,No,One year,Yes,Mailed check,97.07,5857.91,No
5515-7285,Female,0,No,No,54,Yes,Yes,No,No internet service,No internet service,No internet service,No internet service,No internet service,No internet service,Month-to-month,Yes,Credit card (automatic),33.13,1717.47,No
5516-5730,Female,0,No,No,19,No,No phone service,Fiber optic,No,No,No,No,No,No,Month-to-month,Yes,Mailed check,60.89,1244.7,No
5517-7066,Female,0,No,Yes,27,No,No phone service,No,No internet service,No internet service,No internet service,No internet service,No internet service,No internet service,Month-to-month,Yes,Electronic check,18.25,469.54,No
5518-6103,Male,0,Yes,No,35,Yes,No,Fiber optic,No,Yes,Yes,No,No,No,Month-to-month,Yes,Credit card (automatic),88.28,3146.34,No
5519-5725,Male,0,No,No,31,Yes,No,Fiber optic,No,No,Yes,No,No,No,One year,No,Bank transfer (automatic),94.5,3070.01,No
5520-4930,Female,1,No,Yes,43,Yes,Yes,DSL,Yes,No,No,No,Yes,Yes,Month-to-month,No,Electronic check,69.48,2873.01,No
5521-6874,Male,0,No,No,47,Yes,No,Fiber optic,No,Yes,No,No,No,No,One year,No,Credit card (automatic),81.33,3790.09,No
5522-7759,Female,0,Yes,No,30,Yes,Yes,Fiber optic,No,No,No,No,Yes,Yes,Month-to-month,Yes,Credit card (automatic),93.92,2847.88,No
5523-9271,Female,0,Yes,No,46,No,No phone service,No,No internet service,No internet service,No internet service,No internet service,No internet service,No internet service,Month-to-month,Yes,Bank transfer (automatic),18.25,918.94,No
5524-6518,Female,0,Yes,Yes,48,Yes,No,Fiber optic,No,Yes,Yes,No,Yes,No,One year,No,Bank transfer (automatic),90.42,4341.2,No
5525-1904,Male,1,No,No,70,Yes,No,No,No internet service,No internet service,No internet service,No internet service,No internet service,No internet service,One year,No,Bank transfer (automatic),32.13,2302.56,No
5526-6286,Male,0,No,No,59,Yes,No,DSL,Yes,Yes,Yes,No,No,Yes,One year,Yes,Mailed check,68.11,4030.32,No
5527-3841,Female,0,Yes,No,41,Yes,No,Fiber optic,No,Yes,Yes,Yes,Yes,No,Month-to-month,Yes,Electronic check,78.06,3267.64,Yes
5528-1241,Male,1,Yes,No,12,Yes,No,Fiber optic,No,No,Yes,Yes,No,No,Two year,Yes,Electronic check,91.61,1120.32,No
5529-1652,Male,0,Yes,No,23,Yes,Yes,DSL,No,Yes,Yes,No,Yes,Yes,Two year,No,Electronic check,59.91,1260.24,No
5530-6321,Male,0,No,No,24,Yes,No,Fiber optic,Yes,No,No,Yes,No,Yes,Two year,Yes,Electronic check,95.35,2343.77,No
5531-9502,Female,0,Yes,No,20,Yes,No,DSL,No,No,Yes,No,Yes,Yes,Month-to-month,Yes,Mailed check,67.64,1473.72,No
5532-5549,Male,0,Yes,Yes,69,Yes,No,DSL,Yes,No,No,No,No,Yes,Month-to-month,Yes,Mailed check,69.62,4809.97,No
5533-5006,Female,0,No,No,38,Yes,No,Fiber optic,Yes,Yes,No,Yes,No,Yes,One year,Yes,Credit card (automatic),107.09,4118.59,No
5534-1797,Female,1,No,No,72,Yes,No,No,No internet service,No internet service,No internet service,No internet service,No internet service,No internet service,One year,No,Bank transfer (automatic),32.14,2487.27,No
5535-7077,Female,0,No,No,8,Yes,No,No,No internet service,No internet service,No internet service,No internet service,No internet service,No internet service,Month-to-month,Yes,Mailed check,29.81,229.2,No
5536-1499,Male,0,No,No,52,Yes,No,No,No internet service,No internet service,No internet service,No internet service,No internet service,No internet service,Month-to-month,Yes,Electronic check,36.89,1941.04,No
5537-8569,Male,0,Yes,Yes,42,Yes,No,DSL,Yes,No,No,No,No,Yes,Month-to-month,No,Electronic check,67.7,2886.09,Yes
5538-8346,Male,0,Yes,No,55,Yes,No,DSL,Yes,No,No,No,No,No,Two year,Yes,Electronic check,55.96,2955.77,No
5539-9918,Male,0,Yes,Yes,28,Yes,Yes,DSL,No,Yes,Yes,No,No,No,Month-to-month,Yes,Electronic check,79.3,2178.33,No
5540-3558,Male,0,No,No,37,No,No phone service,Fiber optic,Yes,No,Yes,No,No,No,One year,Yes,Electronic check,65.56,2485.11,No
5541-2455,Male,0,No,No,25,Yes,No,No,No internet service,No internet service,No internet service,No internet service,No internet service,No internet service,Month-to-month,Yes,Bank transfer (automatic),29.27,605.52,Yes
5542-3695,Male,0,Yes,No,50,Yes,No,Fiber optic,Yes,No,Yes,No,Yes,Yes,Month-to-month,Yes,Mailed check,102.27,5107.71,Yes
5543-8194,Male,0,No,No,14,Yes,Yes,Fiber optic,No,Yes,Yes,No,Yes,Yes,One year,No,Mailed check,100.57,1498.89,Yes
5544-2969,Male,0,No,No,48,Yes,No,DSL,Yes,Yes,No,No,Yes,Yes,Month-to-month,No,Credit card (automatic),85.72,4080.31,No
5545-8985,Male,0,No,No,36,Yes,No,Fiber optic,No,No,No,Yes,Yes,No,Two year,Yes,Bank transfer (automatic),86.65,3014.86,No
5546-2387,Female,0,Yes,No,58,Yes,No,No,No internet service,No internet service,No internet service,No internet service,No internet service,No internet service,Month-to-month,Yes,Electronic check,38.26,2170.96,No
5547-1439,Female,0,Yes,Yes,2,Yes,Yes,Fiber optic,No,Yes,Yes,No,No,No,Two year,Yes,Electronic check,83.36,171.75,No
5548-2973,Male,1,No,No,13,Yes,Yes,Fiber optic,Yes,No,No,No,No,No,Month-to-month,No,Bank transfer (automatic),80.77,1153.26,Yes
5549-7786,Female,0,No,Yes,44,Yes,No,Fiber optic,Yes,No,No,No,Yes,No,Two year,Yes,Credit card (automatic),108.39,4772.67,No
5550-6419,Male,0,No,No,27,Yes,No,Fiber optic,No,No,No,No,No,No,Two year,No,Electronic check,94.05,2429.52,No
5551-4192,Male,0,No,No,20,Yes,Yes,Fiber optic,No,Yes,No,No,No,No,Two year,Yes,Bank transfer (automatic),103.45,2010.25,No
5552-6903,Male,0,Yes,Yes,68,Yes,Yes,No,No internet service,No internet service,No internet service,No internet service,No internet service,No internet service,Month-to-month,Yes,Electronic check,31.3,2096.8,No
5553-6836,Male,1,No,No,66,Yes,Yes,Fiber optic,No,Yes,No,Yes,No,No,Month-to-month,Yes,Mailed check,89.8,5998.39,No
5554-5991,Female,0,Yes,No,6,Yes,No,DSL,No,No,No,Yes,Yes,Yes,One year,No,Electronic check,68.37,390.54,No
5555-5625,Female,0,Yes,Yes,38,Yes,No,Fiber optic,No,No,Yes,No,No,No,Month-to-month,Yes,Electronic check,88.58,3301.86,No
5556-1913,Male,0,Yes,No,48,Yes,Yes,DSL,No,Yes,Yes,Yes,Yes,No,Month-to-month,Yes,Electronic check,53.74,2587.74,No
5557-3337,Male,0,Yes,No,56,Yes,No,DSL,Yes,No,Yes,No,No,No,Month-to-month,Yes,Mailed check,57.98,3290.09,No
5558-5748,Female,1,Yes,No,14,Yes,Yes,DSL,Yes,No,No,No,Yes,No,Two year,Yes,Credit card (automatic),62.6,822.93,No
5559-2216,Male,1,No,No,62,Yes,Yes,No,No internet service,No internet service,No internet service,No internet service,No internet service,No internet service,Two year,No,Bank transfer (automatic),30.64,1957.03,No
5560-5282,Female,0,No,No,47,Yes,No,DSL,No,Yes,Yes,No,Yes,No,Month-to-month,Yes,Credit card (automatic),59.71,2916.86,No
5561-2052,Male,0,Yes,No,64,Yes,No,No,No internet service,No internet service,No internet service,No internet service,No internet service,No internet service,Two year,No,Mailed check,35.44,2220.35,No
5562-8084,Male,0,Yes,Yes,49,Yes,Yes,DSL,Yes,No,No,No,No,No,One year,Yes,Mailed check,58.68,2947.76,No
5563-1929,Male,0,Yes,No,63,Yes,Yes,Fiber optic,No,No,No,No,Yes,No,Month-to-month,No,Electronic check,64.27,4042.15,No
5564-1832,Female,1,Yes,No,2,Yes,Yes,No,No internet service,No internet service,No internet service,No internet service,No internet service,No internet service,One year,No,Bank transfer (automatic),29.88,43.53,No
5565-6739,Female,0,Yes,No,16,Yes,No,DSL,No,Yes,Yes,No,No,Yes,One year,No,Bank transfer (automatic),63.18,1017.07,No
5566-2984,Male,1,No,No,38,Yes,No,No,No internet service,No internet service,No internet service,No internet service,No internet service,No internet service,Two year,Yes,Electronic check,28.45,1151.76,No
5567-4162,Male,0,No,Yes,22,Yes,No,Fiber optic,No,No,Yes,No,No,No,One year,Yes,Electronic check,74.85,1571.83,No
5568-3828,Female,0,No,No,14,Yes,No,DSL,Yes,Yes,No,Yes,Yes,Yes,Month-to-month,Yes,Mailed check,62.94,845.8,No
5569-2949,Female,0,No,Yes,51,Yes,No,No,No internet service,No internet service,No internet service,No internet service,No internet service,No internet service,Month-to-month,Yes,Electronic check,30.48,1581.02,No
5570-7855,Male,0,No,No,72,Yes,Yes,DSL,No,Yes,No,No,No,No,Two year,Yes,Credit card (automatic),52.16,3784.92,No
5571-7226,Female,0,Yes,Yes,39,Yes,No,DSL,Yes,No,No,Yes,No,No,Two year,Yes,Credit card (automatic),59.91,2486.92,No
5572-3148,Male,0,Yes,Yes,44,Yes,No,No,No internet service,No internet service,No internet service,No internet service,No internet service,No internet service,Two year,No,Bank transfer (automatic),32.36,1506.93,No
5573-7180,Female,0,Yes,No,44,Yes,No,DSL,Yes,No,Yes,No,No,No,One year,Yes,Mailed check,56.37,2536.17,No
5574-7420,Female,0,Yes,No,30,Yes,No,Fiber optic,No,Yes,No,No,No,Yes,Two year,Yes,Electronic check,100.69,3236.35,Yes
5575-5851,Female,0,No,No,49,Yes,No,DSL,No,Yes,No,No,Yes,No,One year,No,Bank transfer (automatic),67.89,3174.51,No
5576-6204,Male,1,No,No,58,Yes,No,No,No internet service,No internet service,No internet service,No internet service,No internet service,No internet service,Two year,Yes,Electronic check,33.1,1930.9,No
5577-9413,Male,0,Yes,No,8,Yes,No,Fiber optic,Yes,No,Yes,Yes,No,No,Month-to-month,No,Bank transfer (automatic),91.34,704.92,No
5578-5084,Female,0,Yes,No,20,Yes,No,DSL,Yes,No,Yes,No,No,Yes,One year,Yes,Bank transfer (automatic),65.86,1172.87,No
5579-4468,Female,0,Yes,No,12,Yes,No,No,No internet service,No internet service,No internet service,No internet service,No internet service,No internet service,One year,Yes,Mailed check,24.37,348.31,No
5580-5850,Male,0,No,No,57,Yes,Yes,Fiber optic,No,Yes,Yes,No,No,No,Month-to-month,Yes,Electronic check,78.54,4395.12,No
5581-8521,Female,1,Yes,Yes,46,Yes,No,No,No internet service,No internet service,No internet service,No internet service,No internet service,No internet service,Month-to-month,Yes,Mailed check,33.24,1426.21,No
5582-7385,Male,0,No,No,49,Yes,Yes,Fiber optic,No,Yes,No,No,No,No,Month-to-month,Yes,Credit card (automatic),88.73,4398.08,No
5583-1676,Male,0,Yes,No,45,Yes,No,Fiber optic,No,No,Yes,No,No,No,Month-to-month,Yes,Electronic check,78.77,3493.79,No
5584-5133,Female,0,Yes,No,38,Yes,No,DSL,No,No,Yes,No,No,Yes,Month-to-month,Yes,Electronic check,63.59,2510.44,No
5585-7657,Female,0,Yes,No,59,Yes,Yes,Fiber optic,No,No,No,Yes,No,Yes,Month-to-month,Yes,Credit card (automatic),61.47,3596.45,No
5586-3015,Male,0,No,Yes,11,Yes,No,Fiber optic,No,No,No,No,No,No,Month-to-month,No,Electronic check,85.26,963.35,No
5587-9895,Female,0,Yes,No,50,No,No phone service,Fiber optic,No,Yes,Yes,Yes,Yes,No,Month-to-month,No,Electronic check,66.98,3483.41,No
5588-8272,Male,0,No,Yes,60,Yes,No,DSL,No,Yes,No,No,No,No,Two year,No,Credit card (automatic),47.71,2983.79,No
5589-8618,Female,1,Yes,No,15,No,No phone service,No,No internet service,No internet service,No internet service,No internet service,No internet service,No internet service,Month-to-month,Yes,Mailed check,18.25,257.5,No
5590-1735,Male,0,No,No,51,Yes,No,DSL,Yes,No,No,No,Yes,No,Two year,Yes,Bank transfer (automatic),64.7,3243.16,No
5591-6216,Female,0,No,No,5,Yes,No,Fiber optic,Yes,No,No,Yes,Yes,Yes,Month-to-month,Yes,Bank transfer (automatic),86.44,445.63,No
5592-5749,Male,0,No,Yes,11,Yes,No,Fiber optic,No,No,No,No,No,No,Month-to-month,Yes,Electronic check,65.26,736.66,Yes
5593-6640,Male,0,Yes,No,28,No,No phone service,DSL,Yes,Yes,No,Yes,No,Yes,One year,No,Electronic check,65.51,1795.35,No
5594-8651,Female,0,Yes,Yes,72,Yes,Yes,Fiber optic,No,Yes,No,Yes,No,Yes,Two year,Yes,Mailed check,79.79,5855.63,No
5595-4179,Male,0,No,No,27,Yes,No,DSL,Yes,Yes,No,No,Yes,Yes,Month-to-month,No,Credit card (automatic),73.04,1889.11,No
5596-5805,Male,0,No,No,31,No,No phone service,DSL,No,No,Yes,No,Yes,Yes,Month-to-month,No,Electronic check,75.17,2317.29,Yes
5597-7114,Male,0,Yes,No,56,Yes,Yes,No,No internet service,No internet service,No internet service,No internet service,No internet service,No internet service,Two year,No,Credit card (automatic),27.46,1522.95,No
5598-7777,Female,0,Yes,No,58,Yes,No,Fiber optic,Yes,No,No,Yes,No,Yes,Month-to-month,No,Mailed check,95.47,5474.79,No
5599-7932,Female,0,Yes,No,49,Yes,Yes,Fiber optic,Yes,No,No,Yes,Yes,Yes,Two year,No,Mailed check,107.27,5200.69,No
5600-4032,Female,0,Yes,Yes,2,Yes,Yes,DSL,No,No,Yes,No,No,Yes,Two year,No,Electronic check,65.7,72.16,Yes
5601-9983,Male,0,Yes,No,63,Yes,No,Fiber optic,No,Yes,Yes,No,No,Yes,Month-to-month,No,Electronic check,97.61,6195.56,No
5602-1086,Male,1,Yes,No,19,Yes,No,DSL,No,No,Yes,Yes,Yes,Yes,Month-to-month,Yes,Electronic check,60.19,1175.37,No
5603-5431,Female,0,Yes,Yes,36,Yes,No,DSL,Yes,Yes,Yes,No,No,Yes,One year,No,Bank transfer (automatic),63.67,2208.57,No
5604-6478,Female,0,No,No,53,Yes,Yes,Fiber optic,No,No,No,Yes,Yes,No,Month-to-month,No,Credit card (automatic),84.48,4321.98,No
5605-1551,Male,0,No,No,21,Yes,Yes,Fiber optic,Yes,Yes,No,No,Yes,No,One year,Yes,Bank transfer (automatic),77.67,1645.8,Yes
5606-5059,Male,0,No,No,50,Yes,Yes,DSL,No,Yes,Yes,No,Yes,Yes,Month-to-month,Yes,Bank transfer (automatic),76.06,3858.76,No
5607-6362,Female,0,No,No,36,Yes,Yes,DSL,No,No,Yes,No,No,No,Month-to-month,No,Mailed check,61.52,2248.54,No
5608-6467,Female,0,No,No,11,Yes,Yes,Fiber optic,Yes,No,No,No,No,No,Month-to-month,Yes,Electronic check,72.04,688.28,No
5609-2071,Male,0,Yes,No,15,Yes,No,DSL,No,No,No,No,Yes,No,Month-to-month,No,Mailed check,65.89,1108.4,No
5610-3497,Male,0,No,Yes,55,Yes,No,DSL,Yes,Yes,No,No,No,Yes,Month-to-month,No,Mailed check,74.75,4098.58,No
5611-3202,Male,0,Yes,No,4,Yes,No,No,No internet service,No internet service,No internet service,No internet service,No internet service,No internet service,Month-to-month,No,Electronic check,28.73,131.84,No
5612-6758,Male,0,Yes,No,27,Yes,No,DSL,No,No,No,No,Yes,Yes,Two year,Yes,Electronic check,70.98,1891.7,No
5613-3958,Female,0,No,Yes,36,Yes,Yes,Fiber optic,Yes,No,Yes,No,No,No,Month-to-month,Yes,Electronic check,71.64,2586.54,No
5614-6142,Female,0,Yes,No,28,Yes,No,No,No internet service,No internet service,No internet service,No internet service,No internet service,No internet service,Month-to-month,No,Mailed check,28.82,743.5,No
5615-7578,Female,1,No,No,30,Yes,No,DSL,No,No,Yes,No,No,Yes,Month-to-month,Yes,Bank transfer (automatic),63.25,1804.26,No
5616-8174,Female,0,No,Yes,70,Yes,Yes,Fiber optic,No,Yes,Yes,No,No,No,Month-to-month,Yes,Mailed check,85.52,6128.75,No
5617-2654,Female,1,Yes,No,2,Yes,Yes,Fiber optic,Yes,Yes,No,No,Yes,Yes,Month-to-month,No,Bank transfer (automatic),95.34,124.36,Yes
5618-9130,Female,0,Yes,No,71,Yes,Yes,DSL,Yes,Yes,No,Yes,No,No,Two year,Yes,Credit card (automatic),43.51,3192.24,No
5619-2491,Female,0,No,Yes,52,Yes,No,DSL,No,Yes,Yes,No,Yes,No,One year,Yes,Bank transfer (automatic),72.29,3727.0,No
5620-1196,Male,0,No,Yes,67,Yes,No,No,No internet service,No internet service,No internet service,No internet service,No internet service,No internet service,One year,Yes,Bank transfer (automatic),31.19,2292.71,No
5621-1404,Female,0,No,No,47,Yes,No,DSL,No,No,No,No,No,No,Two year,No,Bank transfer (automatic),49.74,2425.49,No
5622-2809,Male,0,Yes,No,68,Yes,No,No,No internet service,No internet service,No internet service,No internet service,No internet service,No internet service,Month-to-month,No,Mailed check,31.87,2179.7,No
5623-8858,Female,0,No,No,5,Yes,No,Fiber optic,No,Yes,Yes,Yes,No,Yes,One year,Yes,Electronic check,92.93,418.5,Yes
5624-2870,Female,0,Yes,No,52,Yes,No,Fiber optic,No,No,No,No,Yes,Yes,Month-to-month,Yes,Credit card (automatic),102.53,5297.15,No
5625-7240,Male,0,Yes,Yes,51,No,No phone service,Fiber optic,No,No,Yes,No,No,No,Month-to-month,No,Mailed check,79.17,4126.48,Yes
5626-4766,Male,1,No,No,68,Yes,No,Fiber optic,No,No,No,Yes,No,No,Month-to-month,Yes,Electronic check,84.78,5702.16,No
5627-1359,Male,0,Yes,Yes,6,Yes,No,Fiber optic,No,No,No,No,No,Yes,One year,No,Electronic check,98.02,752.42,Yes
5628-4996,Female,1,Yes,No,37,Yes,No,Fiber optic,Yes,No,No,No,No,No,One year,Yes,Bank transfer (automatic),76.65,2800.16,No
5629-1254,Female,0,Yes,No,37,Yes,Yes,No,No internet service,No internet service,No internet service,No internet service,No internet service,No internet service,Month-to-month,Yes,Electronic check,32.79,1370.86,No
5630-5285,Female,0,No,Yes,6,Yes,Yes,No,No internet service,No internet service,No internet service,No internet service,No internet service,No internet service,Two year,No,Electronic check,30.9,180.13,No
5631-6027,Male,0,No,No,45,Yes,No,DSL,No,No,No,Yes,No,No,Month-to-month,No,Bank transfer (automatic),66.52,3008.9,No
5632-5691,Female,0,No,No,35,Yes,No,DSL,Yes,No,Yes,Yes,No,Yes,Month-to-month,Yes,Bank transfer (automatic),68.18,2453.19,No
5633-3542,Female,0,Yes,No,36,Yes,Yes,No,No internet service,No internet service,No internet service,No internet service,No internet service,No internet service,Month-to-month,No,Mailed check,30.3,1118.5,No
5634-7898,Female,0,Yes,No,49,Yes,Yes,DSL,No,No,No,No,Yes,No,Two year,No,Bank transfer (automatic),47.15,2265.44,No
5635-6369,Male,0,No,Yes,54,Yes,Yes,No,No internet service,No internet service,No internet service,No internet service,No internet service,No internet service,Month-to-month,Yes,Credit card (automatic),28.64,1483.13,No
5636-3292,Male,0,Yes,No,48,No,No phone service,DSL,No,No,No,Yes,Yes,No,One year,Yes,Electronic check,43.13,2036.12,No
5637-4911,Male,1,Yes,No,28,Yes,Yes,DSL,No,No,No,No,No,Yes,Month-to-month,No,Electronic check,64.8,1714.22,No
5638-1976,Male,0,Yes,No,70,Yes,Yes,DSL,Yes,Yes,No,No,No,No,Month-to-month,Yes,Credit card (automatic),57.99,4014.4,No
5639-9308,Male,0,No,Yes,15,Yes,No,DSL,Yes,No,No,No,No,No,Month-to-month,No,Electronic check,63.54,969.65,Yes
5640-7776,Male,0,No,No,24,Yes,Yes,Fiber optic,No,No,No,No,Yes,No,Month-to-month,Yes,Electronic check,111.29,2553.13,Yes
5641-3589,Female,0,Yes,No,35,Yes,No,Fiber optic,No,No,Yes,No,Yes,Yes,Month-to-month,Yes,Bank transfer (automatic),98.7,3372.49,No
5642-7073,Male,0,Yes,Yes,22,Yes,No,No,No internet service,No internet service,No internet service,No internet service,No internet service,No internet service,Two year,Yes,Bank transfer (automatic),30.97,671.25,No
5643-7111,Female,0,No,Yes,24,Yes,No,Fiber optic,Yes,Yes,No,No,No,No,Two year,Yes,Credit card (automatic),74.15,1675.53,No
5644-6486,Female,0,No,Yes,67,Yes,No,Fiber optic,No,No,No,No,No,No,Month-to-month,Yes,Mailed check,86.31,5613.63,No
5645-1486,Female,0,Yes,No,11,Yes,Yes,Fiber optic,No,No,Yes,No,No,No,Month-to-month,Yes,Mailed check,84.0,827.06,Yes
5646-8905,Female,0,Yes,Yes,37,Yes,Yes,DSL,No,Yes,Yes,No,Yes,Yes,Two year,No,Mailed check,75.19,2700.5,No
5647-9601,Male,0,No,No,34,No,No phone service,No,No internet service,No internet service,No internet service,No internet service,No internet service,No internet service,One year,Yes,Credit card (automatic),18.25,783.43,No
5648-9766,Male,0,No,Yes,6,No,No phone service,Fiber optic,No,No,No,No,Yes,Yes,One year,No,Mailed check,52.2,352.55,Yes
5649-9825,Male,1,No,Yes,14,Yes,No,Fiber optic,No,Yes,No,No,No,No,Month-to-month,Yes,Electronic check,87.11,1214.29,Yes
5650-9358,Male,0,No,Yes,19,Yes,No,Fiber optic,Yes,Yes,Yes,No,Yes,No,Month-to-month,Yes,Electronic check,83.58,1568.38,Yes
5651-7650,Female,0,No,No,34,Yes,No,Fiber optic,Yes,Yes,No,Yes,No,No,Two year,Yes,Electronic check,84.18,2786.28,No
5652-1511,Male,0,Yes,No,30,Yes,Yes,DSL,No,Yes,No,No,No,No,Month-to-month,No,Electronic check,63.72,1882.83,No
5653-5186,Male,0,Yes,No,43,Yes,Yes,DSL,No,Yes,Yes,No,No,Yes,Month-to-month,No,Electronic check,50.86,2202.7,No
5654-3206,Female,0,Yes,No,27,Yes,No,No,No internet service,No internet service,No internet service,No internet service,No internet service,No internet service,Month-to-month,Yes,Electronic check,24.4,721.53,No
5655-2979,Male,0,No,No,57,Yes,No,No,No internet service,No internet service,No internet service,No internet service,No internet service,No internet service,One year,No,Credit card (automatic),32.48,1788.52,No
5656-8474,Male,0,Yes,No,26,Yes,Yes,No,No internet service,No internet service,No internet service,No internet service,No internet service,No internet service,One year,Yes,Electronic check,32.96,851.83,No
5657-8311,Male,0,Yes,Yes,62,Yes,Yes,Fiber optic,Yes,No,Yes,No,No,No,One year,Yes,Credit card (automatic),72.94,4589.82,No
5658-5698,Male,0,Yes,No,72,Yes,Yes,Fiber optic,Yes,Yes,Yes,Yes,Yes,No,One year,Yes,Electronic check,106.34,7621.06,No
5659-7626,Male,0,No,Yes,48,Yes,No,No,No internet service,No internet service,No internet service,No internet service,No internet service,No internet service,One year,Yes,Credit card (automatic),29.19,1326.43,No
5660-2164,Male,0,No,No,7,Yes,Yes,Fiber optic,No,No,No,No,No,No,Two year,No,Credit card (automatic),81.18,611.3,Yes
5661-2997,Female,0,Yes,No,65,Yes,No,No,No internet service,No internet service,No internet service,No internet service,No internet service,No internet service,Month-to-month,No,Credit card (automatic),25.53,1705.11,No
5662-8743,Male,0,Yes,No,59,Yes,Yes,Fiber optic,No,Yes,Yes,No,No,No,Month-to-month,Yes,Bank transfer (automatic),76.75,4485.21,No
5663-5060,Female,0,No,No,40,Yes,No,Fiber optic,No,No,Yes,No,Yes,Yes,Month-to-month,Yes,Electronic check,82.23,3195.67,No
5664-5919,Female,0,Yes,No,24,Yes,Yes,Fiber optic,No,No,Yes,No,Yes,No,Month-to-month,Yes,Bank transfer (automatic),81.22,1831.13,No
5665-5164,Male,0,No,Yes,51,Yes,No,DSL,No,No,Yes,No,No,No,Two year,Yes,Electronic check,64.74,3283.44,No
5666-2819,Female,0,Yes,No,44,Yes,Yes,DSL,Yes,No,Yes,No,No,No,Month-to-month,No,Electronic check,67.35,2922.69,No
5667-8436,Male,0,No,Yes,56,Yes,Yes,No,No internet service,No internet service,No internet service,No internet service,No internet service,No internet service,Two year,Yes,Credit card (automatic),33.22,1942.65,No
5668-7823,Female,0,Yes,Yes,47,Yes,Yes,Fiber optic,No,No,No,No,Yes,No,Two year,Yes,Electronic check,86.82,4061.75,No
5669-7153,Female,0,No,Yes,60,Yes,No,DSL,No,Yes,No,No,Yes,Yes,Month-to-month,Yes,Electronic check,65.81,4119.14,No
5670-4178,Female,0,Yes,No,70,Yes,No,No,No internet service,No internet service,No internet service,No internet service,No internet service,No internet service,Month-to-month,Yes,Credit card (automatic),29.67,2131.38,No
5671-6787,Female,0,Yes,No,54,Yes,Yes,No,No internet service,No internet service,No internet service,No internet service,No internet service,No internet service,Two year,Yes,Credit card (automatic),33.3,1747.32,No
5672-9578,Male,0,No,No,23,Yes,Yes,Fiber optic,No,No,Yes,Yes,Yes,Yes,One year,No,Bank transfer (automatic),87.63,2023.33,No
5673-6847,Female,0,No,Yes,65,Yes,No,DSL,No,No,Yes,No,No,Yes,One year,No,Mailed check,74.42,4954.11,No
5674-5447,Male,0,No,No,60,Yes,Yes,DSL,No,Yes,Yes,No,Yes,Yes,Month-to-month,No,Electronic check,65.86,4037.61,No
5675-3433,Male,0,No,No,34,Yes,No,No,No internet service,No internet service,No internet service,No internet service,No internet service,No internet service,Month-to-month,Yes,Credit card (automatic),29.1,955.98,No
5676-5704,Female,0,No,Yes,4,Yes,Yes,DSL,No,No,No,No,No,No,Two year,No,Electronic check,54.08,109.25,No
5677-4345,Male,0,No,No,69,Yes,No,DSL,No,Yes,No,No,Yes,No,Two year,Yes,Mailed check,56.35,3883.37,No
5678-6500,Female,0,Yes,No,39,Yes,No,DSL,Yes,Yes,No,No,No,Yes,Two year,Yes,Credit card (automatic),65.66,2776.99,No
5679-1410,Female,0,No,No,29,Yes,No,Fiber optic,No,Yes,No,Yes,Yes,Yes,Two year,No,Bank transfer (automatic),86.14,2515.05,No
5680-2711,Male,1,Yes,No,44,No,No phone service,Fiber optic,Yes,No,No,No,Yes,No,Month-to-month,No,Electronic check,87.89,3961.78,No
5681-8081,Male,0,Yes,No,5,Yes,Yes,No,No internet service,No internet service,No internet service,No internet service,No internet service,No internet service,Month-to-month,Yes,Electronic check,32.22,135.02,No
5682-4426,Male,0,No,No,60,Yes,Yes,No,No internet service,No internet service,No internet service,No internet service,No internet service,No internet service,Month-to-month,No,Bank transfer (automatic),24.67,1480.04,No
5683-4896,Female,1,Yes,Yes,13,Yes,No,No,No internet service,No internet service,No internet service,No internet service,No internet service,No internet service,One year,Yes,Mailed check,24.88,353.28,No
5684-5894,Female,0,Yes,Yes,18,Yes,Yes,DSL,No,Yes,No,No,Yes,No,One year,Yes,Electronic check,71.29,1225.64,No
5685-4943,Male,0,Yes,No,40,Yes,Yes,Fiber optic,No,No,No,Yes,Yes,Yes,Month-to-month,No,Mailed check,95.27,3859.12,No
5686-7826,Male,0,No,Yes,48,Yes,No,Fiber optic,Yes,No,Yes,No,Yes,Yes,Month-to-month,No,Electronic check,103.14,4903.07,No
5687-3207,Male,1,No,No,1,Yes,Yes,No,No internet service,No internet service,No internet service,No internet service,No internet service,No internet service,One year,Yes,Bank transfer (automatic),28.4,116.4,No
5688-7825,Female,0,Yes,Yes,42,Yes,No,Fiber optic,No,No,No,No,Yes,No,Month-to-month,Yes,Bank transfer (automatic),88.62,3808.37,Yes
5689-2884,Male,0,Yes,Yes,11,Yes,Yes,DSL,Yes,No,No,Yes,No,No,Two year,Yes,Electronic check,58.08,756.21,No
5690-4334,Female,1,Yes,No,69,Yes,Yes,Fiber optic,Yes,No,Yes,No,No,No,Month-to-month,Yes,Credit card (automatic),88.72,6098.41,No
5691-6289,Female,0,Yes,Yes,27,Yes,Yes,Fiber optic,No,Yes,No,No,No,No,Two year,No,Credit card (automatic),83.29,2342.34,No
5692-8972,Female,1,Yes,No,35,Yes,Yes,DSL,Yes,Yes,No,No,Yes,Yes,Month-to-month,Yes,Bank transfer (automatic),91.69,3166.76,No
5693-3092,Female,0,Yes,No,45,Yes,Yes,Fiber optic,Yes,No,No,No,No,Yes,One year,No,Electronic check,82.59,3805.99,No
5694-6285,Male,1,No,No,11,Yes,No,Fiber optic,Yes,No,No,Yes,Yes,No,Two year,No,Mailed check,75.41,865.48,No
5695-1577,Female,0,No,No,12,Yes,No,Fiber optic,No,Yes,No,Yes,No,Yes,Month-to-month,No,Bank transfer (automatic),78.56,952.85,Yes
5696-1678,Male,0,Yes,Yes,70,Yes,Yes,DSL,No,Yes,Yes,Yes,Yes,No,One year,Yes,Credit card (automatic),39.52,2859.94,No
5697-7906,Female,1,Yes,No,41,Yes,Yes,Fiber optic,Yes,Yes,Yes,Yes,No,Yes,Month-to-month,No,Credit card (automatic),113.16,4570.66,No
5698-7469,Male,0,Yes,No,16,Yes,No,DSL,Yes,No,No,Yes,No,Yes,Month-to-month,No,Bank transfer (automatic),77.41,1246.55,No
5699-4387,Female,0,Yes,Yes,48,Yes,Yes,DSL,Yes,No,Yes,No,No,No,Month-to-month,No,Bank transfer (automatic),67.94,3325.85,No
5700-6606,Female,0,Yes,No,65,Yes,Yes,Fiber optic,No,Yes,No,Yes,Yes,No,Month-to-month,Yes,Mailed check,83.12,5274.36,No
5701-4421,Female,1,No,No,55,Yes,No,DSL,No,No,Yes,No,Yes,No,Month-to-month,Yes,Mailed check,67.79,3681.94,No
5702-3494,Male,0,No,No,29,Yes,No,Fiber optic,No,Yes,Yes,Yes,No,Yes,Two year,No,Mailed check,92.2,2642.71,No
5703-4881,Female,1,Yes,Yes,48,Yes,Yes,Fiber optic,No,No,Yes,No,No,No,Two year,No,Credit card (automatic),87.31,4098.6,No
5704-3806,Male,0,Yes,Yes,65,Yes,No,Fiber optic,No,No,No,No,Yes,No,Month-to-month,Yes,Mailed check,92.46,5986.18,No
5705-8334,Male,0,No,Yes,18,Yes,Yes,DSL,Yes,Yes,No,Yes,No,No,Two year,No,Mailed check,65.93,1323.36,No
5706-4704,Female,0,No,Yes,57,Yes,No,DSL,No,Yes,Yes,No,Yes,No,Two year,No,Electronic check,58.91,3415.01,No
5707-3887,Male,1,Yes,No,72,Yes,Yes,Fiber optic,No,Yes,Yes,Yes,Yes,Yes,Month-to-month,No,Electronic check,89.91,6430.88,No
5708-5824,Female,0,No,No,25,Yes,No,DSL,No,No,Yes,Yes,Yes,Yes,Month-to-month,No,Credit card (automatic),60.73,1584.59,No
5709-7821,Female,0,Yes,No,64,Yes,No,DSL,No,Yes,No,No,No,No,Two year,No,Electronic check,51.19,3369.01,No
5710-3462,Female,0,No,No,1,Yes,Yes,Fiber optic,No,No,Yes,No,No,Yes,Month-to-month,No,Mailed check,82.73,6.04,Yes
5711-9454,Male,1,Yes,Yes,27,Yes,No,DSL,Yes,Yes,Yes,No,No,Yes,Month-to-month,Yes,Credit card (automatic),67.95,1857.92,Yes
5712-5171,Male,0,No,No,20,Yes,Yes,Fiber optic,No,No,Yes,No,No,No,Month-to-month,No,Mailed check,70.87,1426.56,No
5713-6947,Female,0,Yes,No,2,Yes,No,DSL,Yes,No,Yes,No,Yes,Yes,One year,Yes,Mailed check,78.83,152.16,Yes
5714-9614,Female,0,No,No,43,Yes,Yes,DSL,Yes,No,Yes,No,No,Yes,Month-to-month,Yes,Electronic check,68.48,2955.08,No
5715-4884,Male,0,No,No,38,Yes,Yes,No,No internet service,No internet service,No internet service,No internet service,No internet service,No internet service,Month-to-month,Yes,Electronic check,30.77,1221.76,No
5716-2798,Female,0,No,No,27,Yes,No,Fiber optic,No,Yes,No,Yes,No,No,Month-to-month,Yes,Credit card (automatic),64.44,1700.02,No
5717-7729,Male,0,No,Yes,63,Yes,Yes,DSL,Yes,Yes,Yes,Yes,No,No,Month-to-month,Yes,Mailed check,64.8,4095.48,No
5718-1059,Male,0,Yes,No,18,Yes,Yes,DSL,No,Yes,Yes,No,No,Yes,One year,No,Electronic check,64.67,1001.36,No
5719-5120,Female,0,No,No,60,Yes,No,Fiber optic,No,Yes,No,Yes,Yes,No,One year,Yes,Bank transfer (automatic),80.02,4763.38,No
5720-9818,Male,0,Yes,No,46,No,No phone service,Fiber optic,Yes,No,Yes,No,Yes,Yes,Two year,Yes,Bank transfer (automatic),98.68,4388.72,No
5721-4729,Female,0,No,No,65,Yes,Yes,Fiber optic,No,No,Yes,No,Yes,No,Month-to-month,Yes,Mailed check,73.92,4778.0,No
5722-7156,Male,0,Yes,Yes,0,Yes,No,DSL,Yes,Yes,Yes,Yes,No,No,Month-to-month,Yes,Electronic check,58.59,,No
5723-5727,Female,0,Yes,No,70,Yes,No,No,No internet service,No internet service,No internet service,No internet service,No internet service,No internet service,Month-to-month,Yes,Electronic check,32.75,2291.5,No
5724-2931,Male,0,Yes,No,0,Yes,No,No,No internet service,No internet service,No internet service,No internet service,No internet service,No internet service,Month-to-month,Yes,Mailed check,29.59,,No
5725-3859,Male,0,No,Yes,52,Yes,No,Fiber optic,No,Yes,No,No,Yes,No,Two year,No,Bank transfer (automatic),76.52,3921.08,No
5726-5711,Female,0,No,Yes,54,Yes,No,No,No internet service,No internet service,No internet service,No internet service,No internet service,No internet service,Month-to-month,Yes,Electronic check,32.45,1760.9,No
5727-1938,Female,0,Yes,Yes,11,Yes,No,DSL,No,Yes,No,No,Yes,No,One year,Yes,Mailed check,67.13,707.89,No
5728-4733,Male,0,No,Yes,2,Yes,Yes,DSL,No,No,Yes,Yes,No,Yes,Month-to-month,Yes,Bank transfer (automatic),74.83,163.17,No
5729-4733,Male,0,Yes,No,2,No,No phone service,DSL,Yes,Yes,No,No,Yes,No,Two year,Yes,Electronic check,46.95,3.56,No
5730-8513,Female,0,Yes,No,9,Yes,No,DSL,No,No,Yes,No,Yes,No,Month-to-month,Yes,Electronic check,66.85,566.55,Yes
5731-2114,Female,0,Yes,No,11,Yes,Yes,DSL,Yes,No,Yes,No,No,No,One year,No,Credit card (automatic),53.56,641.66,No
5732-8583,Female,0,No,No,70,Yes,No,No,No internet service,No internet service,No internet service,No internet service,No internet service,No internet service,Month-to-month,No,Mailed check,32.39,2282.75,No
5733-4693,Male,0,No,No,14,No,No phone service,No,No internet service,No internet service,No internet service,No internet service,No internet service,No internet service,Month-to-month,Yes,Bank transfer (automatic),18.25,242.61,No
5734-6861,Male,0,No,No,58,Yes,No,Fiber optic,No,No,No,Yes,No,No,Month-to-month,Yes,Credit card (automatic),79.19,4501.34,No
5735-6011,Female,0,Yes,No,4,Yes,No,Fiber optic,No,Yes,Yes,No,Yes,Yes,Month-to-month,Yes,Electronic check,86.22,250.69,Yes
5736-3697,Female,0,Yes,No,47,Yes,No,DSL,No,No,Yes,No,No,No,One year,Yes,Bank transfer (automatic),59.2,2733.25,No
5737-9375,Female,0,No,No,33,Yes,Yes,DSL,Yes,No,No,No,No,No,One year,No,Electronic check,55.36,1748.89,No
5738-3019,Female,0,Yes,No,39,Yes,No,Fiber optic,No,No,No,No,Yes,Yes,One year,Yes,Credit card (automatic),91.48,3509.76,No
5739-1325,Male,0,No,No,57,Yes,Yes,Fiber optic,No,No,No,No,No,No,One year,Yes,Electronic check,70.23,3956.34,No
5740-7750,Male,0,No,No,15,Yes,No,Fiber optic,No,No,Yes,No,Yes,No,One year,No,Credit card (automatic),84.32,1230.91,No
5741-6592,Male,0,Yes,Yes,0,Yes,No,Fiber optic,No,Yes,No,Yes,Yes,No,One year,No,Electronic check,94.99,,No
5742-9013,Female,0,Yes,No,16,Yes,Yes,No,No internet service,No internet service,No internet service,No internet service,No internet service,No internet service,Month-to-month,No,Credit card (automatic),30.24,403.4,No
5743-5119,Female,0,No,No,58,Yes,No,DSL,No,No,No,Yes,Yes,No,Month-to-month,Yes,Electronic check,69.09,3946.76,No
5744-1151,Female,0,No,No,43,Yes,No,DSL,No,No,Yes,No,Yes,No,Two year,Yes,Electronic check,65.47,2707.51,No
5745-1182,Female,0,No,No,67,Yes,Yes,DSL,No,No,No,Yes,No,No,Month-to-month,No,Electronic check,56.36,3775.15,No
5746-4898,Male,0,No,No,60,Yes,No,No,No internet service,No internet service,No internet service,No internet service,No internet service,No internet service,Two year,Yes,Electronic check,30.25,1889.84,No
5747-3245,Female,0,Yes,No,11,Yes,No,Fiber optic,Yes,No,Yes,No,Yes,Yes,Two year,No,Mailed check,100.03,1121.31,Yes
5748-9298,Male,0,No,No,4,Yes,No,Fiber optic,No,No,Yes,No,Yes,No,One year,Yes,Mailed check,87.13,226.66,Yes
5749-2066,Female,0,No,No,1,Yes,Yes,No,No internet service,No internet service,No internet service,No internet service,No internet service,No internet service,Two year,No,Electronic check,29.52,0.0,No
5750-8926,Male,0,No,Yes,13,Yes,Yes,Fiber optic,No,No,Yes,Yes,Yes,Yes,Month-to-month,No,Credit card (automatic),91.22,1378.09,Yes
5751-2950,Female,0,Yes,Yes,34,Yes,Yes,DSL,No,Yes,Yes,Yes,Yes,No,One year,No,Bank transfer (automatic),49.72,1746.56,No
5752-2074,Female,0,No,Yes,1,Yes,No,DSL,No,Yes,No,No,No,Yes,Month-to-month,No,Electronic check,64.58,67.56,No
5753-3470,Female,1,Yes,No,63,Yes,No,Fiber optic,No,No,No,No,No,No,One year,Yes,Electronic check,75.1,4799.84,No
5754-2297,Male,0,Yes,No,34,No,No phone service,Fiber optic,No,Yes,No,Yes,No,No,Month-to-month,Yes,Credit card (automatic),62.4,2108.13,No
5755-4611,Male,0,No,Yes,53,Yes,Yes,No,No internet service,No internet service,No internet service,No internet service,No internet service,No internet service,One year,Yes,Electronic check,29.62,1567.6,No
5756-3973,Male,0,No,No,63,Yes,No,DSL,Yes,No,No,No,Yes,No,Month-to-month,Yes,Bank transfer (automatic),63.77,3949.91,No
5757-5760,Male,1,No,No,2,Yes,No,Fiber optic,No,No,No,Yes,No,No,Month-to-month,Yes,Mailed check,80.53,141.05,Yes
5758-5833,Female,0,No,No,31,Yes,Yes,DSL,No,Yes,No,Yes,Yes,No,One year,Yes,Credit card (automatic),65.52,2041.5,No
5759-1008,Female,0,Yes,No,49,Yes,No,No,No internet service,No internet service,No internet service,No internet service,No internet service,No internet service,Month-to-month,No,Credit card (automatic),27.31,1318.33,No
5760-2123,Female,0,No,No,72,Yes,No,DSL,No,No,Yes,Yes,Yes,No,One year,Yes,Electronic check,66.61,4780.67,No
5761-2456,Female,0,No,No,59,Yes,Yes,DSL,No,No,No,Yes,Yes,Yes,One year,Yes,Mailed check,63.32,3600.24,No
5762-2752,Female,0,No,Yes,15,Yes,No,Fiber optic,No,Yes,No,Yes,No,Yes,Two year,Yes,Mailed check,98.55,1548.38,No
5763-1842,Female,1,No,Yes,19,Yes,Yes,No,No internet service,No internet service,No internet service,No internet service,No internet service,No internet service,One year,Yes,Credit card (automatic),27.78,570.89,No
5764-3831,Male,1,No,No,58,Yes,Yes,DSL,No,Yes,Yes,No,Yes,Yes,Month-to-month,No,Bank transfer (automatic),67.19,3768.36,No
5765-5946,Female,1,No,No,47,Yes,No,DSL,No,Yes,No,No,No,No,Month-to-month,Yes,Credit card (automatic),61.73,2848.39,No
5766-3779,Female,0,Yes,No,18,Yes,Yes,DSL,Yes,Yes,Yes,No,No,Yes,Two year,Yes,Electronic check,71.59,1162.0,No
5767-3961,Female,0,No,No,36,Yes,No,No,No internet service,No internet service,No internet service,No internet service,No internet service,No internet service,Month-to-month,Yes,Electronic check,28.22,1119.76,No
5768-5225,Male,0,Yes,Yes,67,Yes,Yes,Fiber optic,Yes,No,No,Yes,Yes,No,One year,Yes,Bank transfer (automatic),84.16,5753.45,No
5769-5935,Male,0,Yes,No,15,Yes,Yes,No,No internet service,No internet service,No internet service,No internet service,No internet service,No internet service,One year,No,Electronic check,27.9,431.52,No
5770-3978,Male,0,No,No,24,Yes,Yes,DSL,No,No,No,No,Yes,Yes,Month-to-month,No,Credit card (automatic),65.08,1558.61,Yes
5771-2996,Female,0,No,No,65,Yes,No,Fiber optic,No,No,No,No,Yes,Yes,Month-to-month,No,Bank transfer (automatic),92.84,6092.41,No
5772-4684,Female,0,No,No,49,Yes,Yes,Fiber optic,No,Yes,Yes,No,No,No,One year,Yes,Mailed check,85.7,4264.73,No
5773-1218,Female,1,Yes,Yes,16,Yes,Yes,DSL,No,No,No,No,No,No,Month-to-month,No,Electronic check,55.89,1014.45,No
5774-5432,Male,1,Yes,Yes,20,Yes,Yes,Fiber optic,Yes,No,No,No,No,No,Month-to-month,Yes,Electronic check,88.89,1878.6,No
5775-9471,Female,0,No,Yes,61,Yes,No,Fiber optic,No,Yes,No,No,No,No,One year,No,Mailed check,86.77,5336.77,No
5776-4581,Female,0,No,No,20,Yes,Yes,DSL,Yes,No,Yes,No,Yes,Yes,Month-to-month,Yes,Mailed check,75.54,1509.64,No
5777-1974,Female,0,No,No,51,Yes,No,Fiber optic,No,No,No,No,No,No,One year,Yes,Bank transfer (automatic),58.26,2932.46,No
5778-7363,Female,0,No,Yes,36,Yes,Yes,Fiber optic,Yes,No,No,Yes,No,No,Month-to-month,Yes,Credit card (automatic),90.88,3335.24,No
5779-2141,Female,0,No,No,16,Yes,Yes,Fiber optic,Yes,Yes,No,No,No,No,Month-to-month,Yes,Credit card (automatic),87.44,1353.87,Yes
5780-2742,Male,0,No,No,26,Yes,No,Fiber optic,No,No,No,No,Yes,No,One year,No,Bank transfer (automatic),98.76,2583.06,No
5781-2318,Male,0,Yes,No,51,Yes,Yes,No,No internet service,No internet service,No internet service,No internet service,No internet service,No internet service,Month-to-month,Yes,Electronic check,26.58,1304.65,No
5782-8952,Female,0,No,No,58,No,No phone service,Fiber optic,No,No,No,No,Yes,Yes,Month-to-month,No,Electronic check,92.77,5263.34,No
5783-9830,Female,1,No,No,1,Yes,No,Fiber optic,No,No,No,Yes,Yes,Yes,One year,No,Electronic check,108.01,128.3,Yes
5784-6126,Male,0,Yes,Yes,66,Yes,No,DSL,No,No,No,No,No,Yes,Two year,No,Electronic check,68.42,4588.52,No
5785-6558,Male,0,No,No,17,Yes,No,Fiber optic,No,No,Yes,Yes,No,No,One year,Yes,Mailed check,87.5,1407.01,No
5786-6808,Male,0,No,No,47,Yes,No,DSL,Yes,No,Yes,No,No,No,Month-to-month,No,Electronic check,61.43,2826.05,No
5787-6491,Male,0,Yes,Yes,20,Yes,Yes,DSL,No,Yes,No,No,No,No,Month-to-month,Yes,Electronic check,67.61,1382.7,No
5788-5896,Female,0,Yes,Yes,19,Yes,Yes,Fiber optic,No,No,No,No,No,Yes,One year,No,Bank transfer (automatic),84.56,1575.24,No
5789-9879,Female,0,No,No,64,Yes,No,No,No internet service,No internet service,No internet service,No internet service,No internet service,No internet service,Month-to-month,No,Electronic check,31.68,2041.56,No
5790-7597,Female,0,No,No,51,Yes,No,DSL,No,No,Yes,No,No,Yes,Two year,Yes,Mailed check,64.5,3313.44,No
5791-1795,Female,0,No,No,66,Yes,No,Fiber optic,No,No,No,Yes,No,No,Month-to-month,Yes,Electronic check,78.78,5326.19,No
5792-4527,Female,0,Yes,No,1,Yes,No,DSL,No,No,No,No,Yes,No,Month-to-month,Yes,Mailed check,54.11,143.24,Yes
5793-9769,Female,1,No,No,19,Yes,Yes,DSL,Yes,No,No,No,No,Yes,Two year,No,Credit card (automatic),63.74,1298.64,Yes
5794-4632,Male,0,Yes,No,3,Yes,No,Fiber optic,No,No,No,No,No,No,Two year,Yes,Credit card (automatic),83.95,335.7,No
5795-2835,Male,0,Yes,Yes,34,Yes,No,DSL,No,No,No,Yes,No,No,Month-to-month,No,Electronic check,47.12,1635.23,No
5796-8815,Male,1,Yes,No,33,Yes,No,No,No internet service,No internet service,No internet service,No internet service,No internet service,No internet service,One year,Yes,Electronic check,27.11,969.71,No
5797-6607,Female,0,No,No,71,Yes,No,DSL,No,No,No,No,No,Yes,Month-to-month,No,Bank transfer (automatic),63.74,4597.49,No
5798-6062,Female,0,Yes,Yes,16,Yes,Yes,Fiber optic,No,No,Yes,No,Yes,No,Two year,No,Mailed check,80.1,1123.59,No
5799-4780,Male,1,Yes,No,48,Yes,No,DSL,No,No,No,No,Yes,Yes,Two year,No,Credit card (automatic),78.12,3789.35,No
5800-2119,Male,0,Yes,No,72,Yes,Yes,DSL,Yes,No,Yes,Yes,Yes,No,Month-to-month,Yes,Mailed check,58.88,4360.6,No
5801-4455,Male,0,No,No,5,Yes,No,Fiber optic,Yes,No,No,No,Yes,No,Month-to-month,No,Bank transfer (automatic),96.08,512.15,No
5802-4936,Male,0,Yes,No,32,Yes,No,Fiber optic,Yes,No,Yes,No,No,No,Month-to-month,Yes,Mailed check,90.48,2833.66,Yes
5803-9380,Female,0,Yes,No,28,Yes,No,DSL,Yes,Yes,Yes,No,No,No,Two year,Yes,Mailed check,49.56,1459.97,No
5804-3765,Male,0,No,Yes,1,Yes,No,DSL,Yes,Yes,No,No,No,No,One year,Yes,Electronic check,56.25,0.0,No
5805-2342,Female,0,No,Yes,30,Yes,Yes,DSL,No,Yes,No,No,Yes,Yes,Month-to-month,Yes,Mailed check,62.89,1899.64,No
5806-4847,Female,0,No,No,18,Yes,Yes,No,No internet service,No internet service,No internet service,No internet service,No internet service,No internet service,One year,Yes,Mailed check,35.42,681.42,No
5807-9972,Male,0,Yes,No,22,Yes,Yes,No,No internet service,No internet service,No internet service,No internet service,No internet service,No internet service,Month-to-month,No,Electronic check,28.01,782.84,No
5808-5339,Female,1,No,No,15,Yes,No,DSL,No,Yes,No,No,Yes,No,Two year,Yes,Mailed check,69.71,1137.96,No
5809-4411,Female,0,No,No,37,Yes,No,DSL,Yes,No,No,Yes,No,No,Two year,Yes,Bank transfer (automatic),62.65,2324.8,No
5810-7001,Female,0,No,No,29,Yes,No,DSL,No,No,Yes,Yes,Yes,Yes,Month-to-month,Yes,Credit card (automatic),64.69,1914.87,No
5811-6838,Female,1,No,Yes,53,No,No phone service,Fiber optic,No,Yes,Yes,No,No,No,Month-to-month,Yes,Credit card (automatic),75.95,3908.06,No
5812-3693,Female,0,Yes,Yes,25,Yes,No,DSL,Yes,Yes,Yes,Yes,Yes,No,Month-to-month,Yes,Credit card (automatic),59.9,1487.28,No
5813-9710,Female,0,Yes,Yes,50,Yes,Yes,DSL,Yes,Yes,No,No,No,No,One year,No,Electronic check,50.79,2447.3,No
5814-6335,Female,0,Yes,No,38,Yes,No,Fiber optic,No,No,No,No,Yes,No,Month-to-month,Yes,Bank transfer (automatic),93.26,3720.66,Yes
5815-1518,Male,0,Yes,No,25,Yes,No,Fiber optic,No,No,No,Yes,Yes,Yes,Month-to-month,Yes,Credit card (automatic),91.97,2259.65,No
5816-4667,Female,0,No,No,60,Yes,Yes,Fiber optic,No,Yes,No,No,No,Yes,Two year,No,Electronic check,92.58,5489.01,No
5817-9304,Male,0,Yes,No,53,Yes,Yes,Fiber optic,Yes,No,Yes,No,No,Yes,Two year,No,Bank transfer (automatic),85.75,4528.9,No
5818-4539,Female,1,No,No,38,No,No phone service,DSL,No,No,No,Yes,Yes,Yes,Two year,No,Electronic check,52.12,2067.55,No
5819-6109,Male,0,No,Yes,38,Yes,Yes,DSL,No,Yes,Yes,No,Yes,No,Month-to-month,Yes,Credit card (automatic),61.31,2315.78,Yes
5820-6513,Female,0,No,No,55,Yes,No,Fiber optic,No,No,No,No,No,Yes,Month-to-month,Yes,Credit card (automatic),86.71,4737.43,No
5821-7338,Female,0,Yes,No,56,Yes,No,Fiber optic,Yes,Yes,No,No,No,Yes,Two year,No,Electronic check,91.58,5126.5,No
5822-8849,Female,1,No,Yes,51,Yes,Yes,DSL,No,No,No,No,Yes,No,One year,Yes,Bank transfer (automatic),64.65,3339.27,No
5823-2342,Male,0,Yes,No,8,Yes,No,DSL,No,No,No,No,Yes,No,Month-to-month,Yes,Credit card (automatic),78.67,545.86,No
5824-5650,Male,0,Yes,Yes,16,Yes,Yes,DSL,Yes,Yes,Yes,No,No,Yes,Month-to-month,Yes,Electronic check,71.52,1214.93,No
5825-5799,Male,0,Yes,No,29,Yes,No,No,No internet service,No internet service,No internet service,No internet service,No internet service,No internet service,One year,Yes,Bank transfer (automatic),30.43,942.88,No
5826-2371,Male,0,Yes,No,41,Yes,Yes,DSL,Yes,No,No,No,Yes,Yes,One year,Yes,Mailed check,69.25,2925.25,No
5827-7060,Male,1,No,No,28,Yes,No,No,No internet service,No internet service,No internet service,No internet service,No internet service,No internet service,Two year,Yes,Electronic check,26.33,692.66,No
5828-2063,Female,0,Yes,No,60,Yes,No,No,No internet service,No internet service,No internet service,No internet service,No internet service,No internet service,Month-to-month,Yes,Mailed check,26.59,1592.96,No
5829-5105,Female,0,No,No,25,Yes,Yes,Fiber optic,No,No,No,No,No,No,Month-to-month,Yes,Mailed check,75.1,1941.35,No
5830-3971,Male,0,Yes,No,39,Yes,No,No,No internet service,No internet service,No internet service,No internet service,No internet service,No internet service,One year,Yes,Electronic check,33.89,1425.24,No
5831-2394,Male,0,No,No,50,Yes,No,DSL,No,No,Yes,No,Yes,Yes,Two year,No,Electronic check,72.6,3749.34,No
5832-8400,Female,0,Yes,No,27,Yes,No,DSL,No,No,No,Yes,Yes,No,Month-to-month,No,Mailed check,64.18,1678.2,No
5833-3196,Male,0,No,No,40,Yes,No,Fiber optic,No,Yes,No,No,No,No,One year,No,Mailed check,73.2,2925.82,No
5834-3296,Male,0,Yes,No,53,Yes,No,Fiber optic,Yes,Yes,Yes,Yes,Yes,No,Month-to-month,No,Bank transfer (automatic),87.14,4598.64,No
5835-8688,Female,0,No,No,28,No,No phone service,No,No internet service,No internet service,No internet service,No internet service,No internet service,No internet service,Month-to-month,Yes,Mailed check,18.25,600.99,No
5836-8895,Male,0,No,No,70,Yes,No,Fiber optic,No,Yes,No,Yes,Yes,No,Month-to-month,Yes,Credit card (automatic),97.41,6810.06,No
5837-1310,Male,0,No,No,39,Yes,No,DSL,No,No,No,No,Yes,No,Month-to-month,No,Bank transfer (automatic),60.43,2425.46,No
5838-3500,Female,0,Yes,Yes,57,Yes,Yes,DSL,No,No,Yes,Yes,Yes,No,Month-to-month,Yes,Bank transfer (automatic),79.68,4497.83,No
5839-7379,Male,0,No,Yes,51,Yes,Yes,Fiber optic,No,No,Yes,No,No,No,One year,Yes,Mailed check,84.79,4196.48,No
5840-8002,Male,1,No,No,59,Yes,No,Fiber optic,Yes,No,Yes,Yes,Yes,No,Month-to-month,Yes,Electronic check,87.59,5146.77,No
5841-9993,Male,1,No,No,49,No,No phone service,Fiber optic,Yes,Yes,Yes,No,Yes,No,Two year,No,Electronic check,97.0,4715.84,Yes
5842-5991,Male,1,No,No,39,Yes,No,No,No internet service,No internet service,No internet service,No internet service,No internet service,No internet service,Month-to-month,Yes,Bank transfer (automatic),31.12,1151.33,Yes
5843-1067,Male,0,No,No,55,Yes,No,DSL,Yes,No,Yes,No,No,Yes,Month-to-month,No,Electronic check,76.91,4165.4,No
5844-8861,Male,0,No,No,34,Yes,No,Fiber optic,No,Yes,No,No,No,Yes,Month-to-month,Yes,Electronic check,73.16,2373.35,No
5845-2449,Male,1,No,Yes,62,Yes,No,DSL,Yes,No,No,Yes,No,Yes,Two year,Yes,Electronic check,54.93,3354.82,No
5846-2087,Female,0,Yes,No,36,Yes,Yes,Fiber optic,Yes,No,No,No,Yes,No,Month-to-month,Yes,Credit card (automatic),98.13,3469.42,Yes
5847-7066,Female,0,Yes,No,53,Yes,Yes,Fiber optic,No,No,Yes,Yes,No,No,Month-to-month,Yes,Bank transfer (automatic),80.19,4324.19,No
5848-6433,Female,0,No,No,15,Yes,Yes,Fiber optic,No,No,No,No,Yes,No,One year,Yes,Bank transfer (automatic),80.55,1159.73,No
5849-1539,Female,0,No,No,13,Yes,No,Fiber optic,Yes,No,No,No,Yes,Yes,Month-to-month,No,Bank transfer (automatic),101.99,1339.25,Yes
5850-2523,Male,0,Yes,No,41,Yes,No,DSL,No,Yes,Yes,No,Yes,Yes,Month-to-month,Yes,Bank transfer (automatic),79.08,3263.71,No
5851-6307,Male,0,Yes,Yes,61,Yes,No,No,No internet service,No internet service,No internet service,No internet service,No internet service,No internet service,Month-to-month,Yes,Credit card (automatic),34.01,2017.86,No
5852-3297,Female,0,Yes,Yes,53,Yes,Yes,Fiber optic,No,No,No,No,No,Yes,Month-to-month,No,Electronic check,94.84,5207.32,No
5853-7155,Female,0,Yes,Yes,24,Yes,Yes,No,No internet service,No internet service,No internet service,No internet service,No internet service,No internet service,Two year,Yes,Electronic check,26.85,691.57,No
5854-4705,Male,0,No,No,62,Yes,No,DSL,Yes,No,No,No,No,No,One year,No,Credit card (automatic),65.9,4107.36,No
5855-6292,Female,0,No,No,48,Yes,No,DSL,Yes,No,Yes,No,No,No,Month-to-month,No,Mailed check,62.03,3005.65,No
5856-5274,Male,0,Yes,Yes,40,Yes,No,Fiber optic,Yes,Yes,No,Yes,Yes,No,Month-to-month,Yes,Credit card (automatic),85.92,3426.05,No
5857-4286,Female,0,Yes,Yes,72,Yes,No,Fiber optic,No,No,Yes,Yes,No,No,One year,No,Mailed check,88.69,6328.87,No
5858-4081,Female,0,Yes,No,56,Yes,No,Fiber optic,No,No,Yes,No,Yes,No,Two year,Yes,Bank transfer (automatic),82.29,4573.26,No
5859-7274,Female,0,No,No,21,No,No phone service,DSL,Yes,Yes,Yes,Yes,No,No,Month-to-month,No,Mailed check,58.02,1168.75,No
5860-5628,Female,1,No,No,4,Yes,Yes,Fiber optic,No,No,Yes,No,No,Yes,One year,Yes,Credit card (automatic),88.65,308.76,No
5861-6348,Male,0,Yes,No,19,Yes,Yes,Fiber optic,No,No,Yes,No,Yes,Yes,Month-to-month,Yes,Electronic check,83.31,1597.06,Yes
5862-6195,Female,1,Yes,No,12,Yes,Yes,DSL,No,No,Yes,Yes,Yes,Yes,Month-to-month,Yes,Electronic check,69.95,685.46,Yes
5863-2868,Female,0,No,No,13,Yes,No,Fiber optic,No,No,Yes,No,No,No,Month-to-month,Yes,Credit card (automatic),95.54,1247.2,No
5864-9218,Female,0,No,No,38,Yes,No,Fiber optic,No,No,Yes,No,No,No,Month-to-month,No,Electronic check,72.23,2724.47,No
5865-6067,Female,0,No,Yes,71,Yes,No,DSL,No,No,No,No,No,No,Month-to-month,No,Credit card (automatic),46.21,3304.51,No
5866-7461,Male,0,No,No,47,Yes,No,No,No internet service,No internet service,No internet service,No internet service,No internet service,No internet service,Month-to-month,No,Electronic check,30.42,1610.06,No
5867-8936,Male,0,No,No,31,Yes,No,No,No internet service,No internet service,No internet service,No internet service,No internet service,No internet service,Two year,Yes,Credit card (automatic),34.14,948.44,No
5868-9321,Male,0,No,No,18,Yes,No,Fiber optic,No,No,No,No,Yes,Yes,One year,Yes,Electronic check,99.43,1690.96,No
5869-7000,Male,0,No,Yes,57,No,No phone service,No,No internet service,No internet service,No internet service,No internet service,No internet service,No internet service,Two year,Yes,Electronic check,18.25,1031.16,No
5870-8083,Female,1,Yes,No,40,Yes,No,Fiber optic,No,Yes,No,No,Yes,No,Month-to-month,Yes,Electronic check,86.05,3600.17,Yes
5871-5245,Female,0,Yes,No,3,Yes,Yes,DSL,Yes,No,Yes,Yes,No,No,One year,Yes,Credit card (automatic),55.06,34.85,No
5872-7639,Male,1,Yes,No,34,Yes,No,DSL,No,No,Yes,Yes,No,No,One year,No,Mailed check,60.98,2065.53,No
5873-3893,Male,0,No,No,13,Yes,Yes,Fiber optic,No,No,Yes,Yes,No,Yes,Month-to-month,Yes,Mailed check,80.33,989.07,No
5874-7405,Male,0,No,Yes,36,Yes,No,DSL,Yes,No,Yes,No,Yes,Yes,Month-to-month,Yes,Mailed check,64.27,2306.75,No
5875-1772,Female,0,Yes,Yes,4,Yes,Yes,No,No internet service,No internet service,No internet service,No internet service,No internet service,No internet service,One year,Yes,Mailed check,26.12,3.36,No
5876-9227,Male,0,No,Yes,15,Yes,Yes,No,No internet service,No internet service,No internet service,No internet service,No internet service,No internet service,Month-to-month,No,Mailed check,30.67,434.13,Yes
5877-3201,Male,0,No,Yes,59,Yes,No,Fiber optic,No,No,No,No,No,Yes,Month-to-month,No,Bank transfer (automatic),91.73,5449.2,No
5878-6908,Female,1,Yes,No,12,Yes,No,Fiber optic,No,Yes,No,No,No,Yes,One year,Yes,Mailed check,85.65,981.82,No
5879-1100,Female,0,No,No,7,Yes,Yes,No,No internet service,No internet service,No internet service,No internet service,No internet service,No internet service,Two year,No,Bank transfer (automatic),29.41,262.43,No
5880-2401,Male,0,No,No,16,Yes,No,Fiber optic,Yes,No,Yes,Yes,Yes,No,Month-to-month,No,Bank transfer (automatic),95.9,1685.19,Yes
5881-9878,Female,1,Yes,No,67,No,No phone service,DSL,No,Yes,No,No,No,Yes,Month-to-month,No,Electronic check,50.56,3443.06,No
5882-8499,Male,0,No,Yes,69,Yes,Yes,No,No internet service,No internet service,No internet service,No internet service,No internet service,No internet service,One year,No,Credit card (automatic),28.42,2051.46,No
5883-3002,Male,0,Yes,No,48,Yes,No,Fiber optic,No,No,No,No,No,No,Month-to-month,Yes,Electronic check,64.92,3178.56,Yes
5884-2177,Female,0,No,No,56,Yes,Yes,DSL,No,No,Yes,No,No,Yes,Month-to-month,Yes,Electronic check,74.05,4119.33,No
5885-8333,Female,0,No,No,66,Yes,No,DSL,No,No,No,No,No,Yes,One year,No,Mailed check,58.72,3715.66,No
5886-9910,Male,0,No,No,21,Yes,Yes,No,No internet service,No internet service,No internet service,No internet service,No internet service,No internet service,Two year,Yes,Credit card (automatic),24.38,442.1,No
5887-2517,Female,0,No,No,29,Yes,No,DSL,Yes,No,No,No,No,Yes,Two year,No,Electronic check,60.04,1820.43,No
5888-6974,Male,0,Yes,No,2,No,No phone service,No,No internet service,No internet service,No internet service,No internet service,No internet service,No internet service,Two year,Yes,Electronic check,18.25,0.0,No
5889-3552,Female,0,Yes,No,38,Yes,Yes,No,No internet service,No internet service,No internet service,No internet service,No internet service,No internet service,Two year,No,Credit card (automatic),30.8,1160.33,No
5890-7698,Female,0,No,No,67,Yes,No,DSL,Yes,No,Yes,Yes,No,Yes,Two year,No,Mailed check,49.04,3287.68,No
5891-4764,Male,1,Yes,No,2,Yes,Yes,DSL,No,Yes,No,Yes,No,Yes,Month-to-month,Yes,Electronic check,59.96,36.34,No
5892-2128,Male,0,No,No,51,Yes,Yes,Fiber optic,Yes,Yes,Yes,Yes,No,No,Two year,Yes,Credit card (automatic),89.32,4680.83,No
5893-3919,Male,0,Yes,No,34,No,No phone service,DSL,Yes,No,No,No,No,No,Two year,Yes,Credit card (automatic),40.77,1428.12,No
5894-5847,Male,0,Yes,No,70,No,No phone service,Fiber optic,Yes,No,Yes,Yes,No,Yes,One year,Yes,Mailed check,70.67,5070.35,No
5895-8184,Male,0,No,No,43,Yes,No,No,No internet service,No internet service,No internet service,No internet service,No internet service,No internet service,Two year,Yes,Credit card (automatic),32.32,1488.95,No
5896-1189,Male,0,No,No,29,Yes,No,Fiber optic,No,No,Yes,No,No,No,Month-to-month,Yes,Mailed check,67.16,2015.92,No
5897-9618,Male,0,No,No,7,Yes,No,Fiber optic,Yes,No,No,No,No,Yes,Month-to-month,Yes,Credit card (automatic),71.83,358.69,Yes
5898-6845,Female,0,No,Yes,40,Yes,Yes,No,No internet service,No internet service,No internet service,No internet service,No internet service,No internet service,Two year,Yes,Electronic check,29.93,1110.91,No
5899-8876,Female,0,Yes,No,71,Yes,Yes,No,No internet service,No internet service,No internet service,No internet service,No internet service,No internet service,Month-to-month,Yes,Credit card (automatic),33.69,2393.78,No
5900-9369,Male,0,No,No,0,Yes,No,No,No internet service,No internet service,No internet service,No internet service,No internet service,No internet service,Month-to-month,No,Bank transfer (automatic),30.88,,No
5901-2382,Male,0,No,No,0,No,No phone service,DSL,No,Yes,No,No,No,Yes,Month-to-month,No,Credit card (automatic),46.4,,Yes
5902-1843,Male,0,No,No,64,No,No phone service,DSL,No,No,No,No,No,Yes,One year,Yes,Credit card (automatic),53.69,3431.43,No
5903-7989,Male,0,Yes,No,19,Yes,No,Fiber optic,Yes,No,No,Yes,Yes,Yes,Month-to-month,No,Bank transfer (automatic),113.72,2374.55,Yes
5904-2690,Male,0,No,No,44,Yes,Yes,DSL,No,Yes,Yes,No,Yes,Yes,Month-to-month,No,Electronic check,67.4,2960.06,No
5905-2331,Male,0,Yes,No,44,Yes,Yes,Fiber optic,Yes,No,No,No,No,Yes,Two year,Yes,Credit card (automatic),97.65,4276.64,Yes
5906-5216,Female,1,No,Yes,35,Yes,No,No,No internet service,No internet service,No internet service,No internet service,No internet service,No internet service,One year,Yes,Bank transfer (automatic),27.12,949.45,No
5907-9219,Female,0,Yes,No,36,Yes,No,No,No internet service,No internet service,No internet service,No internet service,No internet service,No internet service,Month-to-month,Yes,Credit card (automatic),33.29,1236.85,No
5908-8159,Female,0,No,No,50,Yes,Yes,DSL,No,Yes,No,No,Yes,Yes,Two year,No,Electronic check,54.43,2759.61,No
5909-5660,Male,0,No,Yes,17,Yes,Yes,No,No internet service,No internet service,No internet service,No internet service,No internet service,No internet service,Month-to-month,Yes,Electronic check,30.02,519.84,Yes
5910-2767,Male,0,No,No,13,Yes,No,Fiber optic,No,No,No,Yes,No,No,Month-to-month,No,Electronic check,74.55,916.75,No
5911-4027,Female,1,No,No,72,Yes,No,Fiber optic,Yes,Yes,No,No,Yes,Yes,Two year,Yes,Mailed check,97.62,6969.93,No
5912-7195,Female,0,No,No,0,Yes,Yes,DSL,Yes,No,No,Yes,No,No,Two year,Yes,Electronic check,54.8,,No
5913-2413,Female,0,Yes,No,13,Yes,No,DSL,No,Yes,Yes,No,No,No,One year,No,Bank transfer (automatic),57.82,715.07,Yes
5914-5719,Female,0,No,No,53,Yes,No,No,No internet service,No internet service,No internet service,No internet service,No internet service,No internet service,Month-to-month,No,Mailed check,29.77,1491.72,No
5915-1106,Female,1,No,No,41,Yes,No,Fiber optic,No,No,No,No,Yes,No,Two year,Yes,Credit card (automatic),86.09,3423.82,No
5916-3925,Female,1,Yes,No,23,Yes,No,No,No internet service,No internet service,No internet service,No internet service,No internet service,No internet service,One year,No,Electronic check,26.7,666.61,No
5917-3231,Male,0,Yes,No,8,Yes,Yes,DSL,Yes,Yes,Yes,No,Yes,Yes,Month-to-month,No,Mailed check,77.31,519.27,Yes
5918-7129,Male,0,No,No,26,Yes,No,DSL,No,Yes,Yes,No,Yes,Yes,Month-to-month,Yes,Credit card (automatic),83.13,2182.39,No
5919-9225,Female,0,Yes,No,4,Yes,Yes,DSL,No,No,Yes,No,No,No,Two year,No,Credit card (automatic),59.96,385.66,No
5920-2318,Female,0,No,No,40,Yes,No,Fiber optic,No,No,Yes,No,No,Yes,Two year,Yes,Electronic check,70.26,2660.23,No
5921-8174,Male,0,No,No,35,Yes,Yes,Fiber optic,Yes,Yes,No,Yes,Yes,No,Month-to-month,Yes,Credit card (automatic),98.09,3427.87,No
5922-6902,Male,0,No,No,67,Yes,No,Fiber optic,No,No,No,Yes,No,No,Two year,No,Credit card (automatic),82.98,5506.4,No
5923-9727,Male,0,Yes,Yes,58,Yes,Yes,DSL,No,No,Yes,No,No,No,Month-to-month,Yes,Electronic check,74.18,4285.8,No
5924-9202,Male,0,Yes,No,34,Yes,No,DSL,Yes,Yes,No,No,No,No,Month-to-month,Yes,Electronic check,55.75,1795.63,No
5925-1906,Female,0,No,No,38,Yes,No,DSL,No,No,Yes,No,Yes,Yes,Month-to-month,Yes,Credit card (automatic),70.24,2605.15,No
5926-7688,Male,0,Yes,Yes,50,No,No phone service,DSL,Yes,Yes,No,No,Yes,No,Month-to-month,No,Credit card (automatic),56.19,2887.56,No
5927-6329,Male,0,No,Yes,21,Yes,Yes,No,No internet service,No internet service,No internet service,No internet service,No internet service,No internet service,Two year,No,Credit card (automatic),27.29,656.24,No
5928-2017,Male,0,Yes,Yes,43,Yes,Yes,DSL,No,No,No,No,No,Yes,One year,Yes,Bank transfer (automatic),61.5,2653.89,No
5929-3314,Male,0,Yes,No,1,Yes,No,DSL,No,No,No,Yes,No,No,Month-to-month,No,Bank transfer (automatic),49.85,0.0,Yes
5930-9341,Female,1,Yes,No,68,Yes,No,No,No internet service,No internet service,No internet service,No internet service,No internet service,No internet service,One year,Yes,Bank transfer (automatic),28.81,1937.69,No
5931-5885,Female,0,Yes,No,68,Yes,No,No,No internet service,No internet service,No internet service,No internet service,No internet service,No internet service,Month-to-month,No,Mailed check,29.29,2141.33,No
5932-4045,Male,0,No,No,64,Yes,Yes,Fiber optic,No,No,No,No,Yes,No,Month-to-month,No,Credit card (automatic),89.18,5668.11,No
5933-3883,Female,0,No,No,15,No,No phone service,DSL,Yes,No,Yes,No,Yes,No,Two year,No,Bank transfer (automatic),68.13,1226.89,No
5934-8539,Female,0,No,No,57,No,No phone service,Fiber optic,No,Yes,No,No,Yes,Yes,Month-to-month,Yes,Electronic check,69.61,3992.57,No
5935-3550,Female,0,No,No,41,Yes,No,DSL,No,No,No,No,No,No,One year,Yes,Credit card (automatic),54.75,2237.49,No
5936-2429,Male,0,Yes,No,71,No,No phone service,DSL,No,Yes,No,No,No,No,One year,Yes,Electronic check,51.9,3677.99,No
5937-6164,Female,0,Yes,No,1,Yes,No,Fiber optic,No,No,Yes,No,No,Yes,One year,Yes,Credit card (automatic),91.7,52.47,Yes
5938-9931,Female,0,No,No,29,Yes,No,No,No internet service,No internet service,No internet service,No internet service,No internet service,No internet service,One year,Yes,Bank transfer (automatic),31.97,900.2,No
5939-2649,Male,0,Yes,No,7,Yes,No,DSL,No,Yes,Yes,No,Yes,No,Month-to-month,Yes,Electronic check,70.93,577.65,Yes
5940-3297,Male,0,Yes,Yes,69,Yes,Yes,Fiber optic,Yes,No,No,No,Yes,No,Two year,Yes,Mailed check,90.34,6360.71,No
5941-5221,Female,0,Yes,No,12,Yes,No,Fiber optic,Yes,Yes,No,No,Yes,No,Month-to-month,No,Mailed check,82.76,916.36,Yes
5942-2798,Male,0,No,No,2,Yes,Yes,Fiber optic,No,Yes,Yes,No,Yes,No,One year,No,Bank transfer (automatic),95.38,208.1,No
5943-6856,Male,1,Yes,No,8,Yes,No,DSL,No,Yes,No,Yes,Yes,No,One year,Yes,Mailed check,62.23,337.78,No
5944-3282,Female,0,Yes,No,70,Yes,No,No,No internet service,No internet service,No internet service,No internet service,No internet service,No internet service,Month-to-month,No,Bank transfer (automatic),27.9,1869.97,No
5945-2153,Female,0,No,No,38,Yes,Yes,DSL,No,No,No,No,No,No,Month-to-month,Yes,Mailed check,47.86,1846.21,No
5946-3351,Male,0,No,Yes,7,Yes,Yes,DSL,Yes,No,No,No,Yes,Yes,One year,Yes,Credit card (automatic),99.98,711.99,No
5947-9374,Female,0,Yes,No,28,Yes,Yes,DSL,No,No,No,Yes,Yes,Yes,Month-to-month,Yes,Bank transfer (automatic),57.23,1668.02,No
5948-9413,Female,0,No,No,31,Yes,No,Fiber optic,Yes,Yes,No,No,Yes,Yes,Two year,Yes,Mailed check,97.48,3030.4,No
5949-5551,Male,0,Yes,No,58,Yes,Yes,No,No internet service,No internet service,No internet service,No internet service,No internet service,No internet service,Two year,Yes,Mailed check,35.13,2026.75,No
5950-4603,Female,0,Yes,No,16,Yes,Yes,DSL,No,Yes,No,No,No,Yes,One year,Yes,Bank transfer (automatic),52.21,672.7,No
5951-8374,Female,0,Yes,No,8,Yes,Yes,DSL,No,No,Yes,No,Yes,No,Month-to-month,Yes,Credit card (automatic),51.08,414.83,No
5952-2748,Female,0,Yes,No,54,Yes,Yes,No,No internet service,No internet service,No internet service,No internet service,No internet service,No internet service,Two year,No,Electronic check,36.69,1983.41,No
5953-6884,Female,1,Yes,No,31,Yes,No,Fiber optic,Yes,Yes,No,No,No,Yes,Month-to-month,No,Electronic check,97.02,2899.42,Yes
5954-7119,Female,0,No,Yes,9,Yes,No,No,No internet service,No internet service,No internet service,No internet service,No internet service,No internet service,Month-to-month,Yes,Electronic check,26.87,230.04,No
5955-7389,Female,0,Yes,No,31,Yes,Yes,Fiber optic,Yes,Yes,No,No,No,No,Month-to-month,No,Mailed check,82.42,2568.32,No
5956-2961,Male,0,No,No,31,Yes,No,Fiber optic,No,Yes,No,Yes,No,Yes,Two year,Yes,Electronic check,91.44,2908.05,No
5957-7444,Male,0,Yes,No,16,Yes,No,Fiber optic,Yes,No,No,Yes,No,No,One year,Yes,Credit card (automatic),87.81,1551.0,No
5958-6507,Male,0,Yes,Yes,14,Yes,Yes,DSL,Yes,Yes,No,Yes,No,Yes,Month-to-month,No,Electronic check,61.53,742.58,No
5959-8875,Female,0,No,Yes,7,Yes,No,Fiber optic,No,No,Yes,No,No,Yes,One year,Yes,Credit card (automatic),79.58,443.86,Yes
5960-2569,Female,0,No,No,61,Yes,No,Fiber optic,Yes,No,No,No,No,Yes,Month-to-month,Yes,Bank transfer (automatic),95.39,5708.32,Yes
5961-6521,Female,0,Yes,No,0,Yes,No,Fiber optic,No,Yes,No,Yes,Yes,Yes,Month-to-month,Yes,Electronic check,103.65,,Yes
5962-8465,Male,0,Yes,No,37,Yes,No,Fiber optic,No,Yes,No,No,No,Yes,Month-to-month,Yes,Electronic check,68.72,2441.87,No
5963-3503,Male,0,No,No,1,Yes,No,DSL,No,No,Yes,No,Yes,No,Month-to-month,Yes,Mailed check,59.22,55.07,Yes
5964-7693,Male,0,Yes,Yes,58,Yes,Yes,Fiber optic,No,No,No,No,Yes,No,Two year,Yes,Bank transfer (automatic),95.29,5562.54,No
5965-1895,Male,0,No,No,29,Yes,Yes,Fiber optic,No,Yes,No,No,No,Yes,One year,Yes,Bank transfer (automatic),78.87,2173.52,No
5966-7462,Male,0,No,No,71,Yes,No,No,No internet service,No internet service,No internet service,No internet service,No internet service,No internet service,Month-to-month,No,Bank transfer (automatic),27.76,1979.28,No
5967-6455,Female,0,Yes,No,3,Yes,No,DSL,Yes,Yes,Yes,Yes,No,Yes,Month-to-month,No,Bank transfer (automatic),63.48,220.48,Yes
5968-2732,Female,0,No,No,24,Yes,No,Fiber optic,Yes,No,No,No,Yes,No,Two year,Yes,Mailed check,100.41,2281.56,No
5969-1597,Male,1,Yes,No,28,Yes,Yes,Fiber optic,No,Yes,Yes,No,No,Yes,Month-to-month,Yes,Bank transfer (automatic),92.41,2533.75,No
5970-7708,Male,0,No,No,5,Yes,No,DSL,No,Yes,No,No,No,No,Two year,No,Credit card (automatic),52.55,172.52,No
5971-3171,Female,0,No,Yes,31,Yes,No,Fiber optic,Yes,No,Yes,Yes,No,Yes,Month-to-month,Yes,Electronic check,93.45,2891.18,No
5972-5476,Female,0,No,Yes,33,Yes,No,Fiber optic,No,No,Yes,No,Yes,No,Month-to-month,Yes,Bank transfer (automatic),84.96,2719.85,No
5973-1546,Male,0,No,No,32,Yes,No,Fiber optic,No,No,No,No,No,No,One year,No,Electronic check,67.38,2410.49,No
5974-9670,Male,0,No,No,38,Yes,No,DSL,No,No,No,Yes,Yes,No,Month-to-month,No,Credit card (automatic),60.16,2323.43,No
5975-5939,Male,0,Yes,Yes,13,Yes,No,No,No internet service,No internet service,No internet service,No internet service,No internet service,No internet service,Two year,Yes,Credit card (automatic),30.74,376.74,No
5976-9383,Male,0,Yes,No,17,Yes,No,DSL,Yes,No,No,No,No,No,Two year,No,Electronic check,43.22,743.36,No
5977-2442,Male,1,Yes,No,36,Yes,No,Fiber optic,Yes,No,No,Yes,Yes,No,Month-to-month,No,Credit card (automatic),93.78,3345.3,Yes
5978-2851,Male,0,Yes,Yes,47,Yes,No,Fiber optic,No,No,No,Yes,No,No,Month-to-month,Yes,Electronic check,64.33,2989.37,No
5979-6493,Female,0,No,No,28,Yes,No,DSL,Yes,No,Yes,No,No,No,Two year,Yes,Mailed check,73.65,2021.1,No
5980-6439,Female,0,No,No,33,Yes,Yes,DSL,Yes,No,Yes,Yes,No,Yes,One year,No,Electronic check,65.38,2135.97,Yes
5981-8116,Male,0,No,No,72,Yes,No,DSL,No,Yes,No,No,No,No,Month-to-month,No,Bank transfer (automatic),64.16,4641.07,No
5982-9351,Female,0,Yes,No,47,Yes,Yes,Fiber optic,Yes,No,Yes,No,No,No,One year,Yes,Mailed check,80.27,3686.21,No
5983-8396,Female,0,Yes,Yes,3,Yes,Yes,Fiber optic,No,Yes,No,No,No,No,Month-to-month,Yes,Mailed check,106.41,202.89,Yes
5984-2261,Male,0,Yes,No,26,Yes,Yes,No,No internet service,No internet service,No internet service,No internet service,No internet service,No internet service,Two year,Yes,Credit card (automatic),34.5,960.77,No
5985-3785,Female,0,No,No,3,Yes,Yes,DSL,No,No,Yes,Yes,No,No,Two year,No,Mailed check,47.84,263.18,No
5986-9223,Female,0,Yes,No,63,Yes,Yes,No,No internet service,No internet service,No internet service,No internet service,No internet service,No internet service,Month-to-month,Yes,Electronic check,35.39,2214.34,No
5987-5940,Female,0,Yes,Yes,60,Yes,Yes,No,No internet service,No internet service,No internet service,No internet service,No internet service,No internet service,Month-to-month,Yes,Bank transfer (automatic),34.97,2101.26,No
5988-8802,Female,0,Yes,No,34,Yes,No,DSL,Yes,No,Yes,No,Yes,No,Two year,No,Mailed check,58.76,1990.12,No
5989-6066,Male,0,No,No,19,Yes,No,Fiber optic,Yes,No,Yes,No,Yes,No,One year,No,Electronic check,83.06,1564.27,Yes
5990-1447,Male,0,Yes,No,52,Yes,No,No,No internet service,No internet service,No internet service,No internet service,No internet service,No internet service,Month-to-month,Yes,Electronic check,30.13,1645.61,No
5991-5255,Male,0,No,No,13,Yes,No,DSL,No,No,No,No,Yes,Yes,Month-to-month,Yes,Bank transfer (automatic),84.48,1055.99,No
5992-8421,Male,0,Yes,No,56,Yes,No,Fiber optic,No,Yes,Yes,No,No,Yes,One year,No,Credit card (automatic),68.45,3902.93,No
5993-6895,Male,1,Yes,No,63,Yes,Yes,Fiber optic,No,No,No,Yes,Yes,No,Two year,Yes,Mailed check,81.39,5086.31,No
5994-2194,Female,0,No,No,13,Yes,Yes,Fiber optic,No,No,No,No,Yes,Yes,Month-to-month,Yes,Bank transfer (automatic),93.39,1187.76,No
5995-2890,Female,0,No,Yes,38,No,No phone service,No,No internet service,No internet service,No internet service,No internet service,No internet service,No internet service,One year,No,Electronic check,18.25,648.13,No
5996-8688,Female,1,No,No,11,Yes,No,Fiber optic,No,Yes,Yes,No,No,No,Month-to-month,No,Mailed check,85.49,832.07,Yes
5997-9812,Female,1,Yes,No,44,Yes,No,DSL,No,No,No,Yes,Yes,No,Two year,No,Mailed check,71.95,3186.8,No
5998-7775,Male,0,No,Yes,49,Yes,No,Fiber optic,No,No,No,No,No,Yes,One year,No,Electronic check,84.35,4174.07,No
5999-1882,Female,0,No,No,0,Yes,Yes,DSL,No,No,Yes,Yes,No,No,Month-to-month,No,Electronic check,63.85,,No
6000-6572,Female,0,No,Yes,68,Yes,No,Fiber optic,No,No,No,Yes,Yes,Yes,Two year,Yes,Bank transfer (automatic),109.14,7439.59,No
6001-8462,Female,1,Yes,No,19,Yes,No,Fiber optic,Yes,No,No,Yes,No,Yes,Two year,Yes,Mailed check,93.89,1758.64,No
6002-6761,Female,0,Yes,Yes,33,Yes,No,Fiber optic,No,Yes,Yes,No,No,Yes,One year,Yes,Mailed check,82.74,2714.31,No
6003-6346,Male,0,Yes,No,18,No,No phone service,No,No internet service,No internet service,No internet service,No internet service,No internet service,No internet service,One year,Yes,Credit card (automatic),18.25,298.98,No
6004-5205,Female,0,No,No,66,Yes,No,Fiber optic,No,No,No,No,No,No,Month-to-month,Yes,Electronic check,74.89,4953.14,No
6005-3203,Female,1,No,No,55,Yes,Yes,Fiber optic,No,No,Yes,Yes,No,No,Month-to-month,No,Credit card (automatic),86.24,4733.73,No
6006-3526,Female,0,No,No,72,Yes,Yes,No,No internet service,No internet service,No internet service,No internet service,No internet service,No internet service,Month-to-month,Yes,Credit card (automatic),27.34,1964.92,No
6007-7710,Female,0,Yes,Yes,28,Yes,No,DSL,No,No,Yes,Yes,No,Yes,Two year,Yes,Bank transfer (automatic),65.03,1861.34,No
6008-1628,Male,0,Yes,Yes,41,Yes,No,Fiber optic,No,No,Yes,No,No,Yes,One year,Yes,Mailed check,114.0,4713.45,Yes
6009-1760,Female,0,Yes,Yes,42,Yes,Yes,Fiber optic,Yes,Yes,No,No,Yes,Yes,Two year,No,Mailed check,100.29,4133.65,No
6010-4569,Female,0,No,No,16,No,No phone service,Fiber optic,No,Yes,Yes,No,No,No,Two year,Yes,Electronic check,66.0,1125.26,No
6011-7968,Female,0,Yes,No,68,Yes,Yes,No,No internet service,No internet service,No internet service,No internet service,No internet service,No internet service,Month-to-month,Yes,Electronic check,28.61,2027.01,No
6012-6912,Female,0,Yes,Yes,63,Yes,No,No,No internet service,No internet service,No internet service,No internet service,No internet service,No internet service,One year,No,Electronic check,31.07,1913.64,No
6013-6309,Female,0,Yes,No,71,Yes,No,Fiber optic,No,Yes,Yes,No,No,Yes,One year,Yes,Electronic check,87.03,6037.9,No
6014-5806,Male,0,Yes,No,33,Yes,No,No,No internet service,No internet service,No internet service,No internet service,No internet service,No internet service,Two year,Yes,Electronic check,30.11,900.84,No
6015-1996,Female,0,No,No,9,Yes,Yes,DSL,Yes,No,Yes,No,Yes,No,Month-to-month,Yes,Bank transfer (automatic),65.6,620.02,No
6016-3985,Female,0,Yes,No,11,Yes,Yes,Fiber optic,Yes,No,Yes,No,No,Yes,Month-to-month,Yes,Mailed check,96.78,1030.35,No
6017-1715,Female,0,No,No,40,Yes,Yes,No,No internet service,No internet service,No internet service,No internet service,No internet service,No internet service,Month-to-month,No,Electronic check,27.47,1131.72,No
6018-7822,Female,1,No,No,59,Yes,No,Fiber optic,Yes,Yes,No,No,No,No,Month-to-month,No,Electronic check,78.02,4745.31,No
6019-7756,Female,0,No,No,51,Yes,No,Fiber optic,No,No,Yes,Yes,Yes,No,Two year,No,Credit card (automatic),101.42,5090.74,No
6020-3322,Male,1,Yes,No,53,Yes,Yes,No,No internet service,No internet service,No internet service,No internet service,No internet service,No internet service,Month-to-month,Yes,Bank transfer (automatic),27.82,1460.65,No
6021-3636,Female,0,No,No,57,Yes,Yes,DSL,No,Yes,Yes,No,No,No,Two year,Yes,Electronic check,40.89,2437.35,No
6022-3856,Male,0,No,No,61,Yes,Yes,Fiber optic,No,Yes,No,Yes,Yes,No,Two year,Yes,Electronic check,97.16,5885.82,No
6023-9002,Male,0,Yes,No,67,Yes,No,Fiber optic,No,No,No,Yes,No,Yes,Two year,No,Bank transfer (automatic),88.15,5784.89,No
6024-5396,Female,0,No,No,26,Yes,No,Fiber optic,Yes,Yes,No,Yes,No,No,Month-to-month,No,Credit card (automatic),90.93,2367.17,No
6025-7857,Male,0,Yes,No,53,Yes,No,No,No internet service,No internet service,No internet service,No internet service,No internet service,No internet service,Month-to-month,No,Credit card (automatic),31.02,1770.82,No
6026-5038,Female,0,Yes,No,20,Yes,Yes,Fiber optic,Yes,Yes,Yes,No,Yes,Yes,Two year,Yes,Bank transfer (automatic),108.79,2239.18,No
6027-7283,Male,0,Yes,No,50,Yes,No,DSL,No,Yes,Yes,No,Yes,Yes,Month-to-month,Yes,Electronic check,72.96,3559.04,No
6028-5754,Female,0,No,Yes,4,Yes,No,No,No internet service,No internet service,No internet service,No internet service,No internet service,No internet service,Month-to-month,Yes,Electronic check,31.4,62.02,No
6029-3507,Female,0,Yes,No,3,Yes,Yes,DSL,Yes,No,No,No,Yes,Yes,Month-to-month,No,Electronic check,84.2,104.2,No
6030-8885,Female,0,Yes,No,14,Yes,Yes,Fiber optic,No,No,No,Yes,No,Yes,Month-to-month,Yes,Electronic check,70.69,1026.14,No
6031-7379,Male,0,Yes,Yes,39,Yes,Yes,No,No internet service,No internet service,No internet service,No internet service,No internet service,No internet service,Two year,No,Credit card (automatic),30.4,1247.68,No
6032-7923,Male,1,Yes,Yes,66,Yes,No,No,No internet service,No internet service,No internet service,No internet service,No internet service,No internet service,Two year,No,Credit card (automatic),33.36,2212.0,No
6033-9532,Female,0,Yes,Yes,43,Yes,No,Fiber optic,No,Yes,No,No,No,No,Two year,No,Mailed check,84.21,3573.46,No
6034-3238,Male,0,No,No,40,Yes,No,No,No internet service,No internet service,No internet service,No internet service,No internet service,No internet service,Month-to-month,Yes,Electronic check,28.51,1153.23,No
6035-1823,Male,0,Yes,Yes,50,Yes,No,Fiber optic,No,No,No,No,Yes,Yes,One year,Yes,Mailed check,101.29,4945.34,No
6036-6239,Male,1,No,Yes,64,Yes,Yes,DSL,No,No,Yes,No,Yes,No,Month-to-month,Yes,Electronic check,63.61,4040.07,No
6037-3935,Female,0,No,No,42,Yes,No,Fiber optic,Yes,Yes,No,No,Yes,No,Month-to-month,Yes,Credit card (automatic),115.43,4891.99,No
6038-4921,Male,0,No,No,53,Yes,No,Fiber optic,No,No,Yes,Yes,Yes,Yes,Month-to-month,Yes,Mailed check,95.71,5122.36,No
6039-3111,Female,0,No,No,29,Yes,Yes,No,No internet service,No internet service,No internet service,No internet service,No internet service,No internet service,Two year,No,Credit card (automatic),27.8,830.4,No
6040-4585,Female,0,Yes,No,72,Yes,No,Fiber optic,No,Yes,No,Yes,No,No,Month-to-month,Yes,Electronic check,75.46,5288.31,No
6041-4538,Female,0,No,No,35,Yes,Yes,DSL,No,No,Yes,No,Yes,Yes,Two year,Yes,Electronic check,51.37,1696.61,No
6042-4154,Male,0,Yes,Yes,65,No,No phone service,DSL,No,Yes,No,Yes,No,No,Month-to-month,No,Bank transfer (automatic),41.41,2644.6,No
6043-7680,Male,0,Yes,No,70,Yes,No,Fiber optic,No,No,No,No,No,Yes,Month-to-month,Yes,Credit card (automatic),100.23,7097.79,No
6044-6333,Male,0,Yes,Yes,64,Yes,No,No,No internet service,No internet service,No internet service,No internet service,No internet service,No internet service,Two year,Yes,Mailed check,31.23,1968.93,No
6045-5267,Male,1,No,Yes,24,Yes,Yes,Fiber optic,No,No,No,Yes,No,No,Month-to-month,Yes,Mailed check,85.83,2043.13,No
6046-2014,Female,0,No,No,27,Yes,Yes,DSL,No,No,Yes,No,No,Yes,One year,Yes,Bank transfer (automatic),73.76,2018.69,No
6047-6136,Female,0,Yes,Yes,57,Yes,No,DSL,Yes,No,Yes,No,No,No,Month-to-month,Yes,Electronic check,65.66,3735.17,No
6048-2575,Male,0,No,Yes,67,Yes,No,Fiber optic,Yes,Yes,Yes,No,Yes,No,Month-to-month,Yes,Electronic check,90.08,6031.96,No
6049-3827,Male,0,Yes,No,44,Yes,No,Fiber optic,No,No,Yes,Yes,No,No,Two year,Yes,Electronic check,71.78,3084.38,No
6050-4733,Female,0,Yes,No,56,Yes,Yes,No,No internet service,No internet service,No internet service,No internet service,No internet service,No internet service,Month-to-month,Yes,Bank transfer (automatic),29.13,1574.0,No
6051-2271,Female,0,Yes,Yes,32,Yes,No,No,No internet service,No internet service,No internet service,No internet service,No internet service,No internet service,Month-to-month,Yes,Bank transfer (automatic),25.44,824.81,No
6052-4505,Male,0,No,No,62,No,No phone service,Fiber optic,Yes,Yes,Yes,No,Yes,Yes,Month-to-month,Yes,Electronic check,69.39,4423.98,No
6053-3402,Female,0,No,No,30,Yes,Yes,Fiber optic,No,No,No,No,Yes,No,Month-to-month,Yes,Electronic check,78.77,2292.68,No
6054-8647,Male,0,Yes,No,45,Yes,Yes,DSL,Yes,Yes,No,Yes,No,No,Two year,Yes,Credit card (automatic),47.53,2112.2,No
6055-8736,Male,0,Yes,Yes,39,Yes,No,Fiber optic,No,No,No,No,No,Yes,Month-to-month,No,Bank transfer (automatic),76.23,2993.97,No
6056-1041,Female,0,No,No,61,Yes,Yes,Fiber optic,Yes,No,Yes,Yes,No,Yes,Month-to-month,Yes,Mailed check,101.53,6320.82,No
6057-6421,Female,0,No,No,58,Yes,Yes,DSL,No,No,Yes,No,Yes,Yes,Month-to-month,Yes,Mailed check,65.38,3860.34,No
6058-6764,Male,0,Yes,No,61,Yes,Yes,DSL,No,No,Yes,Yes,No,Yes,Month-to-month,Yes,Credit card (automatic),64.13,3807.7,No
6059-4401,Female,0,No,Yes,8,Yes,No,No,No internet service,No internet service,No internet service,No internet service,No internet service,No internet service,Month-to-month,No,Electronic check,26.71,177.42,No
6060-5221,Female,0,No,No,17,Yes,No,Fiber optic,Yes,No,No,No,Yes,Yes,Two year,Yes,Electronic check,101.49,1680.62,Yes
6061-8108,Female,0,Yes,Yes,66,Yes,Yes,Fiber optic,No,No,Yes,No,Yes,No,Two year,No,Bank transfer (automatic),98.57,6411.76,No
6062-4401,Male,0,Yes,No,9,Yes,No,Fiber optic,No,Yes,Yes,Yes,Yes,No,Month-to-month,Yes,Mailed check,85.75,766.49,No
6063-1580,Male,1,No,No,56,Yes,Yes,Fiber optic,No,No,No,No,Yes,Yes,Two year,Yes,Electronic check,113.54,6478.25,No
6064-4352,Female,0,Yes,Yes,46,Yes,Yes,DSL,No,No,Yes,No,Yes,No,One year,Yes,Bank transfer (automatic),68.76,3173.23,No
6065-3284,Male,0,Yes,Yes,25,Yes,Yes,No,No internet service,No internet service,No internet service,No internet service,No internet service,No internet service,Month-to-month,No,Electronic check,31.21,796.8,No
6066-4444,Female,0,No,No,2,Yes,No,DSL,No,Yes,No,Yes,Yes,No,Month-to-month,No,Mailed check,60.84,32.83,No
6067-3070,Female,0,No,No,0,Yes,No,DSL,No,Yes,No,No,No,Yes,Month-to-month,No,Electronic check,57.29,,No
6068-2348,Female,0,No,No,65,Yes,No,Fiber optic,No,No,No,No,No,No,Month-to-month,Yes,Credit card (automatic),99.29,6481.73,No
6069-9867,Female,0,No,No,7,No,No phone service,Fiber optic,No,Yes,No,No,Yes,No,Two year,Yes,Mailed check,63.28,467.71,Yes
6070-2159,Male,0,Yes,Yes,54,Yes,No,Fiber optic,Yes,No,No,No,Yes,No,Month-to-month,Yes,Credit card (automatic),104.46,5710.39,No
6071-7354,Male,0,No,No,10,Yes,No,No,No internet service,No internet service,No internet service,No internet service,No internet service,No internet service,Month-to-month,Yes,Bank transfer (automatic),30.83,259.11,No
6072-7457,Female,0,Yes,No,28,Yes,No,DSL,No,Yes,No,No,Yes,No,Two year,Yes,Credit card (automatic),71.47,1885.73,No
6073-6559,Male,0,No,No,7,Yes,No,DSL,No,No,No,Yes,Yes,No,Month-to-month,No,Electronic check,64.49,470.0,No
6074-9202,Male,1,Yes,No,46,Yes,No,DSL,No,No,No,No,Yes,No,Month-to-month,Yes,Credit card (automatic),55.66,2542.04,No
6075-1044,Male,0,Yes,No,7,Yes,No,DSL,No,No,Yes,No,No,No,Month-to-month,No,Mailed check,67.84,442.42,No
6076-3714,Female,0,Yes,Yes,45,No,No phone service,No,No internet service,No internet service,No internet service,No internet service,No internet service,No internet service,Two year,No,Electronic check,18.25,944.77,No
6077-2658,Female,0,No,Yes,70,Yes,Yes,Fiber optic,No,Yes,No,No,No,Yes,One year,Yes,Mailed check,88.39,6275.06,No
6078-6191,Female,0,No,No,54,Yes,No,DSL,Yes,Yes,Yes,Yes,Yes,Yes,Month-to-month,No,Credit card (automatic),77.8,4219.62,No
6079-6719,Female,0,No,No,48,Yes,No,Fiber optic,Yes,No,No,No,No,Yes,Two year,Yes,Bank transfer (automatic),93.62,4412.98,Yes
6080-9080,Female,1,Yes,No,66,No,No phone service,Fiber optic,Yes,No,No,Yes,Yes,Yes,Month-to-month,Yes,Bank transfer (automatic),100.71,6948.99,No
6081-4417,Female,1,Yes,Yes,59,Yes,No,No,No internet service,No internet service,No internet service,No internet service,No internet service,No internet service,Month-to-month,Yes,Electronic check,29.37,1771.23,No
6082-3122,Female,0,No,No,53,Yes,No,Fiber optic,No,Yes,Yes,No,No,Yes,One year,Yes,Credit card (automatic),100.29,5312.1,No
6083-9317,Male,0,Yes,No,41,Yes,Yes,Fiber optic,No,Yes,No,No,No,No,Month-to-month,No,Bank transfer (automatic),71.44,2879.13,Yes
6084-7056,Male,0,No,No,28,No,No phone service,DSL,No,No,No,No,No,No,Month-to-month,Yes,Mailed check,48.96,1351.8,No
6085-7881,Male,0,No,No,45,Yes,Yes,No,No internet service,No internet service,No internet service,No internet service,No internet service,No internet service,One year,No,Credit card (automatic),30.72,1308.38,No
6086-5004,Female,0,No,No,7,Yes,Yes,No,No internet service,No internet service,No internet service,No internet service,No internet service,No internet service,Two year,Yes,Mailed check,30.11,114.63,No
6087-5026,Male,0,Yes,No,64,Yes,No,Fiber optic,No,Yes,No,No,No,Yes,Month-to-month,Yes,Mailed check,98.38,6279.08,Yes
6088-4501,Male,0,No,No,64,Yes,No,Fiber optic,Yes,No,No,Yes,Yes,Yes,Two year,Yes,Credit card (automatic),86.57,5619.83,No
6089-7744,Male,0,No,No,19,Yes,Yes,Fiber optic,Yes,No,Yes,No,No,Yes,Month-to-month,No,Electronic check,83.64,1582.71,No
6090-2895,Male,0,No,No,55,Yes,No,Fiber optic,No,No,No,No,No,Yes,Two year,No,Electronic check,103.49,5475.25,No
6091-9777,Male,0,No,Yes,50,Yes,Yes,Fiber optic,Yes,Yes,No,No,No,Yes,One year,Yes,Bank transfer (automatic),86.91,4473.95,No
6092-2583,Male,1,Yes,No,62,Yes,No,Fiber optic,No,Yes,No,No,No,Yes,Month-to-month,Yes,Mailed check,80.7,4889.12,Yes
6093-5148,Male,0,No,No,65,Yes,No,No,No internet service,No internet service,No internet service,No internet service,No internet service,No internet service,Month-to-month,No,Electronic check,30.87,1932.7,No
6094-3831,Male,0,Yes,No,54,Yes,Yes,Fiber optic,Yes,No,No,Yes,Yes,No,One year,Yes,Electronic check,98.26,5382.99,Yes
6095-6782,Male,0,No,Yes,68,Yes,No,DSL,Yes,No,No,No,Yes,No,Two year,No,Mailed check,61.58,4235.75,No
6096-7125,Male,0,No,Yes,23,Yes,No,Fiber optic,No,Yes,No,Yes,Yes,Yes,Month-to-month,Yes,Credit card (automatic),118.91,2840.67,Yes
6097-9267,Female,0,No,Yes,32,Yes,No,Fiber optic,Yes,No,No,Yes,No,Yes,Month-to-month,Yes,Credit card (automatic),91.45,2988.73,Yes
6098-8102,Male,0,Yes,Yes,10,Yes,Yes,DSL,No,No,No,Yes,Yes,Yes,Month-to-month,No,Bank transfer (automatic),71.44,786.3,No
6099-3237,Female,0,No,Yes,62,Yes,Yes,Fiber optic,Yes,Yes,Yes,No,Yes,No,Month-to-month,Yes,Electronic check,71.26,4357.63,Yes
6100-2859,Male,0,Yes,Yes,20,Yes,No,DSL,Yes,Yes,No,No,No,Yes,Month-to-month,Yes,Bank transfer (automatic),68.56,1324.01,No
6101-8978,Male,0,Yes,Yes,36,No,No phone service,Fiber optic,No,No,No,No,No,No,Two year,Yes,Electronic check,66.28,2408.85,No
6102-5390,Male,0,No,Yes,11,No,No phone service,DSL,No,Yes,No,No,No,No,One year,Yes,Electronic check,42.95,440.24,No
6103-1877,Female,1,No,No,18,Yes,Yes,Fiber optic,No,Yes,No,Yes,Yes,Yes,Two year,Yes,Electronic check,92.46,1678.24,No
6104-8423,Male,0,Yes,No,49,Yes,No,No,No internet service,No internet service,No internet service,No internet service,No internet service,No internet service,Two year,No,Electronic check,31.39,1639.76,No
6105-6835,Female,0,No,No,18,Yes,No,DSL,No,Yes,Yes,No,No,No,Two year,No,Electronic check,59.84,1138.81,No
6106-1230,Female,0,No,No,37,No,No phone service,DSL,Yes,No,Yes,No,No,No,Month-to-month,Yes,Mailed check,54.16,2111.14,No
6107-8044,Female,0,No,No,32,Yes,No,Fiber optic,Yes,No,Yes,No,No,Yes,Month-to-month,Yes,Electronic check,76.76,2443.2,Yes
6108-6465,Male,0,No,Yes,44,Yes,No,Fiber optic,No,Yes,No,No,No,Yes,Month-to-month,Yes,Credit card (automatic),100.03,4388.77,No
6109-6530,Female,0,No,No,18,Yes,Yes,No,No internet service,No internet service,No internet service,No internet service,No internet service,No internet service,One year,No,Credit card (automatic),30.17,618.14,No
6110-8783,Female,0,Yes,No,35,Yes,No,Fiber optic,No,Yes,Yes,Yes,No,Yes,Two year,No,Electronic check,87.3,2862.92,No
6111-5459,Male,1,Yes,No,2,Yes,No,No,No internet service,No internet service,No internet service,No internet service,No internet service,No internet service,Two year,Yes,Mailed check,29.72,153.91,No
6112-5150,Male,0,No,Yes,37,Yes,Yes,DSL,No,Yes,No,Yes,No,Yes,Month-to-month,Yes,Mailed check,50.19,1834.29,No
6113-6555,Female,0,No,No,7,Yes,No,DSL,No,Yes,Yes,No,No,Yes,One year,No,Mailed check,60.85,389.99,Yes
6114-2779,Male,0,Yes,Yes,53,Yes,No,No,No internet service,No internet service,No internet service,No internet service,No internet service,No internet service,Two year,No,Mailed check,35.01,1783.48,No
6115-2364,Female,1,Yes,Yes,61,Yes,No,DSL,No,Yes,Yes,No,No,Yes,Two year,No,Electronic check,63.95,3920.2,No
6116-8593,Male,0,No,No,29,Yes,No,Fiber optic,No,Yes,No,No,Yes,No,Month-to-month,Yes,Bank transfer (automatic),96.6,2862.26,Yes
6117-2939,Female,0,No,Yes,64,Yes,No,Fiber optic,Yes,No,No,No,Yes,No,Month-to-month,Yes,Mailed check,94.58,6070.7,No
6118-5538,Male,0,No,No,28,Yes,No,No,No internet service,No internet service,No internet service,No internet service,No internet service,No internet service,Month-to-month,No,Mailed check,31.88,778.64,No
6119-3428,Male,0,No,Yes,63,Yes,Yes,Fiber optic,No,Yes,No,No,Yes,No,Month-to-month,Yes,Credit card (automatic),68.5,4423.54,No
6120-3073,Male,0,No,No,37,No,No phone service,No,No internet service,No internet service,No internet service,No internet service,No internet service,No internet service,Two year,No,Credit card (automatic),18.25,530.33,No
6121-6379,Male,0,No,No,40,Yes,Yes,Fiber optic,No,No,No,No,No,No,Two year,No,Mailed check,79.62,3224.01,No
6122-8220,Male,0,Yes,No,29,Yes,Yes,DSL,No,Yes,Yes,No,No,No,Two year,No,Mailed check,50.72,1407.6,No
6123-4976,Female,0,No,No,68,Yes,No,DSL,No,No,No,No,No,Yes,Month-to-month,Yes,Mailed check,59.13,3961.27,No
6124-2248,Female,0,No,No,51,Yes,No,Fiber optic,No,Yes,No,No,No,No,Month-to-month,Yes,Mailed check,84.79,4174.93,No
6125-3200,Female,0,No,Yes,36,Yes,Yes,DSL,No,Yes,No,Yes,No,Yes,Two year,Yes,Credit card (automatic),74.02,2546.98,No
6126-2480,Female,0,Yes,No,58,No,No phone service,DSL,Yes,Yes,No,Yes,No,Yes,Month-to-month,Yes,Mailed check,58.31,3498.51,No
6127-8944,Male,1,No,No,33,Yes,No,Fiber optic,Yes,Yes,No,No,No,No,Month-to-month,No,Credit card (automatic),90.5,2985.1,No
6128-3875,Female,0,No,No,63,Yes,No,Fiber optic,No,No,Yes,No,Yes,Yes,Month-to-month,Yes,Credit card (automatic),100.97,6352.23,No
6129-4364,Male,1,Yes,No,34,Yes,No,Fiber optic,Yes,No,No,No,No,Yes,One year,No,Electronic check,94.01,3197.49,Yes
6130-1639,Female,0,No,No,59,Yes,Yes,No,No internet service,No internet service,No internet service,No internet service,No internet service,No internet service,Two year,Yes,Mailed check,33.68,2054.01,No
6131-5013,Female,0,No,No,18,Yes,Yes,DSL,Yes,Yes,No,Yes,No,Yes,Two year,Yes,Mailed check,50.21,905.44,No
6132-9224,Male,0,No,No,41,Yes,Yes,No,No internet service,No internet service,No internet service,No internet service,No internet service,No internet service,Month-to-month,Yes,Electronic check,31.03,1288.57,No
6133-4686,Male,0,No,No,44,Yes,No,Fiber optic,Yes,No,No,Yes,Yes,No,Month-to-month,No,Electronic check,97.77,4316.98,No
6134-6860,Male,0,Yes,Yes,38,Yes,No,No,No internet service,No internet service,No internet service,No internet service,No internet service,No internet service,Month-to-month,Yes,Mailed check,33.37,1258.17,Yes
6135-2637,Female,0,No,No,32,Yes,No,Fiber optic,No,Yes,No,Yes,No,No,Month-to-month,Yes,Credit card (automatic),101.04,3196.57,No
6136-2286,Male,1,Yes,No,0,Yes,No,DSL,Yes,No,No,No,No,Yes,Two year,Yes,Credit card (automatic),48.49,,No
6137-7583,Male,0,No,Yes,71,Yes,No,Fiber optic,No,No,Yes,Yes,Yes,No,Month-to-month,Yes,Mailed check,88.38,6221.73,No
6138-1591,Female,1,No,Yes,15,Yes,No,No,No internet service,No internet service,No internet service,No internet service,No internet service,No internet service,One year,Yes,Electronic check,30.17,542.63,No
6139-5035,Male,0,No,No,12,Yes,Yes,Fiber optic,No,No,No,Yes,No,No,One year,No,Credit card (automatic),97.62,1248.64,Yes
6140-3850,Male,0,No,Yes,59,Yes,Yes,No,No internet service,No internet service,No internet service,No internet service,No internet service,No internet service,Month-to-month,Yes,Bank transfer (automatic),26.38,1635.02,No
6141-1146,Female,0,No,No,5,Yes,Yes,DSL,Yes,Yes,Yes,No,No,Yes,Month-to-month,Yes,Credit card (automatic),58.94,216.38,No
6142-5780,Female,0,Yes,Yes,55,Yes,No,No,No internet service,No internet service,No internet service,No internet service,No internet service,No internet service,Month-to-month,No,Electronic check,27.5,1605.64,No
6143-9675,Female,0,Yes,No,25,Yes,No,No,No internet service,No internet service,No internet service,No internet service,No internet service,No internet service,Month-to-month,Yes,Credit card (automatic),28.94,791.11,No
6144-1622,Male,0,Yes,Yes,52,Yes,No,No,No internet service,No internet service,No internet service,No internet service,No internet service,No internet service,Month-to-month,Yes,Electronic check,28.31,1351.09,No
6145-8341,Male,0,No,No,15,Yes,No,Fiber optic,No,Yes,No,No,No,No,Month-to-month,Yes,Credit card (automatic),65.55,943.49,No
6146-5852,Male,0,No,Yes,51,Yes,No,No,No internet service,No internet service,No internet service,No internet service,No internet service,No internet service,Month-to-month,Yes,Credit card (automatic),30.1,1691.2,No
6147-7511,Male,0,No,Yes,72,Yes,No,Fiber optic,No,Yes,No,Yes,No,Yes,One year,Yes,Bank transfer (automatic),81.26,5833.02,No
6148-1868,Female,1,Yes,Yes,36,Yes,No,Fiber optic,No,No,Yes,No,No,No,Month-to-month,No,Mailed check,73.91,2784.76,No
6149-8820,Male,0,No,Yes,40,Yes,Yes,No,No internet service,No internet service,No internet service,No internet service,No internet service,No internet service,Two year,No,Bank transfer (automatic),30.06,1288.04,No
6150-1102,Female,0,Yes,No,44,Yes,Yes,DSL,Yes,No,Yes,No,No,No,Month-to-month,Yes,Bank transfer (automatic),62.01,2668.61,No
6151-9160,Male,0,No,Yes,26,Yes,No,No,No internet service,No internet service,No internet service,No internet service,No internet service,No internet service,Month-to-month,No,Credit card (automatic),32.07,874.65,No
6152-6919,Female,0,No,No,40,Yes,Yes,Fiber optic,Yes,No,No,No,No,No,Month-to-month,Yes,Electronic check,101.4,4048.68,No
6153-4037,Female,1,No,No,46,Yes,No,DSL,No,No,Yes,Yes,Yes,Yes,Month-to-month,No,Electronic check,70.25,3100.75,No
6154-1063,Female,0,No,Yes,1,Yes,No,Fiber optic,No,Yes,No,Yes,Yes,Yes,Month-to-month,Yes,Mailed check,98.22,63.2,Yes
6155-6498,Female,0,Yes,Yes,33,Yes,No,Fiber optic,Yes,No,No,No,No,No,Month-to-month,Yes,Mailed check,92.32,3121.93,No
6156-1786,Female,0,Yes,No,38,Yes,Yes,DSL,No,Yes,Yes,No,No,No,Month-to-month,Yes,Electronic check,58.16,2196.28,No
6157-6478,Male,0,No,No,15,Yes,Yes,Fiber optic,Yes,No,Yes,No,No,No,Month-to-month,Yes,Mailed check,91.3,1286.27,Yes
6158-7957,Female,0,No,No,34,Yes,No,Fiber optic,No,Yes,Yes,Yes,No,No,Month-to-month,Yes,Credit card (automatic),68.53,2418.87,No
6159-3405,Male,0,Yes,No,28,Yes,No,Fiber optic,No,No,No,Yes,Yes,No,One year,Yes,Bank transfer (automatic),90.82,2534.52,No
6160-3148,Female,0,Yes,Yes,40,Yes,Yes,DSL,No,Yes,Yes,Yes,No,Yes,Month-to-month,Yes,Mailed check,68.48,2850.36,No
6161-2997,Male,0,No,No,20,No,No phone service,DSL,Yes,No,No,No,No,No,Month-to-month,Yes,Mailed check,58.52,1086.07,No
6162-3023,Female,0,Yes,No,65,Yes,No,DSL,No,No,Yes,No,Yes,No,Month-to-month,Yes,Mailed check,67.35,4513.57,No
6163-2025,Female,0,Yes,Yes,46,Yes,Yes,DSL,No,No,Yes,Yes,Yes,Yes,One year,Yes,Electronic check,52.98,2476.4,No
6164-3247,Female,1,No,No,45,No,No phone service,Fiber optic,Yes,No,Yes,No,No,No,One year,No,Electronic check,73.29,3357.99,No
6165-6933,Male,0,No,No,59,Yes,No,Fiber optic,No,Yes,No,Yes,No,Yes,Month-to-month,No,Bank transfer (automatic),94.86,5646.2,No
6166-3722,Male,1,Yes,No,1,Yes,No,Fiber optic,Yes,No,Yes,Yes,Yes,No,Month-to-month,Yes,Credit card (automatic),100.63,88.03,Yes
6167-8027,Female,0,Yes,No,19,Yes,No,Fiber optic,No,No,No,No,No,No,Month-to-month,No,Mailed check,81.55,1449.18,No
6168-8372,Female,0,Yes,Yes,13,Yes,No,DSL,No,No,No,No,No,No,One year,Yes,Credit card (automatic),66.16,771.55,Yes
6169-7847,Male,0,Yes,No,45,Yes,No,No,No internet service,No internet service,No internet service,No internet service,No internet service,No internet service,Month-to-month,No,Electronic check,33.09,1568.01,No
6170-5855,Male,0,No,No,24,Yes,Yes,Fiber optic,No,Yes,Yes,No,Yes,No,Month-to-month,Yes,Electronic check,76.26,1822.8,No
6171-3846,Female,0,Yes,No,51,Yes,No,DSL,No,No,No,Yes,No,No,Two year,Yes,Mailed check,61.0,3171.24,No
6172-9368,Female,0,Yes,No,68,Yes,No,Fiber optic,Yes,Yes,Yes,Yes,Yes,Yes,Two year,Yes,Electronic check,111.12,7578.81,No
6173-2847,Male,1,No,No,27,Yes,Yes,Fiber optic,Yes,Yes,Yes,No,No,Yes,One year,Yes,Electronic check,96.23,2599.04,Yes
6174-5180,Female,0,No,No,24,Yes,Yes,Fiber optic,Yes,Yes,No,Yes,Yes,No,Two year,No,Mailed check,94.71,2284.04,Yes
6175-5082,Female,0,Yes,Yes,35,Yes,No,Fiber optic,No,No,No,No,Yes,No,Two year,Yes,Electronic check,82.73,2985.97,No
6176-7709,Female,0,Yes,No,35,No,No phone service,Fiber optic,Yes,Yes,Yes,Yes,No,Yes,Month-to-month,Yes,Electronic check,89.68,3071.14,Yes
6177-5920,Female,0,No,No,26,Yes,Yes,Fiber optic,Yes,No,No,No,No,Yes,Month-to-month,No,Electronic check,103.27,2668.43,Yes
6178-8194,Male,0,No,Yes,25,Yes,Yes,Fiber optic,No,No,No,Yes,Yes,Yes,One year,Yes,Mailed check,85.41,2195.88,No
6179-9270,Female,0,No,Yes,27,Yes,No,Fiber optic,Yes,No,Yes,Yes,No,No,Two year,Yes,Credit card (automatic),74.63,1815.51,No
6180-4515,Female,0,Yes,Yes,35,No,No phone service,Fiber optic,Yes,No,Yes,No,No,No,One year,Yes,Bank transfer (automatic),67.94,2402.24,No
6181-8872,Female,0,No,No,32,Yes,Yes,DSL,No,No,No,No,Yes,No,Two year,No,Bank transfer (automatic),71.29,2219.57,No
6182-2526,Male,0,Yes,Yes,33,Yes,No,DSL,No,Yes,No,Yes,No,No,Two year,No,Electronic check,77.33,2597.06,No
6183-9243,Female,0,Yes,No,21,Yes,No,Fiber optic,No,No,Yes,No,No,Yes,Two year,No,Bank transfer (automatic),96.1,1888.42,No
6184-2601,Female,0,No,No,46,Yes,Yes,Fiber optic,Yes,Yes,Yes,No,No,Yes,One year,No,Bank transfer (automatic),96.61,4511.56,No
6185-8651,Female,0,No,No,35,Yes,No,Fiber optic,No,Yes,No,No,Yes,No,One year,No,Electronic check,95.71,3225.89,No
6186-4511,Male,0,Yes,Yes,16,Yes,No,Fiber optic,No,Yes,No,No,No,No,One year,Yes,Bank transfer (automatic),90.24,1375.17,No
6187-9680,Male,0,Yes,No,54,Yes,Yes,DSL,Yes,No,No,No,Yes,No,Month-to-month,No,Mailed check,75.46,4081.08,No
6188-2162,Female,0,No,No,64,Yes,No,Fiber optic,Yes,No,Yes,No,Yes,Yes,Month-to-month,Yes,Credit card (automatic),87.15,5503.23,No
6189-5189,Female,0,Yes,No,28,Yes,No,Fiber optic,No,Yes,Yes,No,No,No,Month-to-month,Yes,Electronic check,72.04,2011.8,No
6190-9116,Female,0,Yes,Yes,38,Yes,No,Fiber optic,No,No,Yes,No,No,Yes,Month-to-month,Yes,Electronic check,92.15,3413.78,Yes
6191-1427,Female,0,Yes,No,69,Yes,Yes,Fiber optic,Yes,No,Yes,Yes,Yes,No,One year,Yes,Bank transfer (automatic),102.37,7027.55,No
6192-3384,Male,0,Yes,No,23,Yes,No,Fiber optic,No,No,Yes,No,No,Yes,Month-to-month,Yes,Bank transfer (automatic),97.35,2298.7,Yes
6193-1751,Male,0,No,No,15,Yes,Yes,Fiber optic,Yes,No,Yes,No,No,No,Month-to-month,Yes,Electronic check,63.78,977.81,No
6194-3891,Female,0,Yes,No,25,No,No phone service,No,No internet service,No internet service,No internet service,No internet service,No internet service,No internet service,One year,No,Mailed check,18.25,567.73,No
6195-4512,Female,0,No,No,32,Yes,No,Fiber optic,No,Yes,Yes,No,No,No,One year,Yes,Credit card (automatic),92.25,2925.96,Yes
6196-6569,Female,0,No,No,32,Yes,No,No,No internet service,No internet service,No internet service,No internet service,No internet service,No internet service,Month-to-month,Yes,Electronic check,29.21,1001.63,No
6197-3318,Male,0,Yes,Yes,43,Yes,No,No,No internet service,No internet service,No internet service,No internet service,No internet service,No internet service,Two year,No,Bank transfer (automatic),31.65,1405.29,No
6198-2428,Male,0,No,No,20,Yes,Yes,DSL,No,No,Yes,No,Yes,No,Month-to-month,No,Electronic check,67.41,1512.03,No
6199-2529,Female,1,Yes,No,39,Yes,No,No,No internet service,No internet service,No internet service,No internet service,No internet service,No internet service,Month-to-month,Yes,Credit card (automatic),26.76,1271.31,No
6200-9444,Female,0,No,No,7,Yes,Yes,Fiber optic,No,Yes,Yes,Yes,No,Yes,Two year,Yes,Mailed check,91.31,679.84,Yes
6201-9577,Female,0,No,No,69,Yes,No,No,No internet service,No internet service,No internet service,No internet service,No internet service,No internet service,Two year,Yes,Electronic check,27.22,1825.92,No
6202-2992,Female,1,No,No,21,No,No phone service,No,No internet service,No internet service,No internet service,No internet service,No internet service,No internet service,One year,No,Electronic check,18.25,334.13,No
6203-2758,Female,1,Yes,No,23,Yes,No,Fiber optic,No,Yes,No,Yes,Yes,Yes,Month-to-month,Yes,Credit card (automatic),104.61,2477.11,Yes
6204-1487,Female,0,No,No,11,Yes,Yes,Fiber optic,No,No,Yes,Yes,Yes,Yes,Month-to-month,Yes,Mailed check,114.02,1215.11,Yes
6205-9633,Male,1,No,No,27,Yes,No,Fiber optic,No,No,Yes,Yes,Yes,No,Month-to-month,Yes,Credit card (automatic),81.87,2229.1,No
6206-7354,Female,0,Yes,No,71,Yes,Yes,Fiber optic,No,No,No,No,No,Yes,Two year,Yes,Mailed check,75.51,5269.84,No
6207-7846,Female,0,Yes,No,43,Yes,Yes,Fiber optic,No,No,No,Yes,No,No,Month-to-month,Yes,Mailed check,61.41,2622.82,Yes
6208-3614,Male,0,Yes,No,48,Yes,Yes,Fiber optic,Yes,No,Yes,No,Yes,Yes,Two year,Yes,Electronic check,84.84,4057.43,No
6209-6767,Male,0,Yes,No,43,Yes,Yes,Fiber optic,No,Yes,No,No,No,No,Month-to-month,Yes,Credit card (automatic),70.35,3005.14,No
6210-1538,Male,0,Yes,Yes,24,Yes,No,Fiber optic,No,No,No,No,No,No,Month-to-month,No,Bank transfer (automatic),90.35,2267.74,No
6211-7083,Male,0,No,No,57,Yes,Yes,No,No internet service,No internet service,No internet service,No internet service,No internet service,No internet service,Month-to-month,No,Electronic check,30.02,1747.11,No
6212-6216,Male,0,No,No,25,Yes,No,Fiber optic,Yes,No,Yes,No,Yes,No,Month-to-month,Yes,Electronic check,96.38,2472.61,Yes
6213-3982,Female,0,Yes,No,57,Yes,Yes,Fiber optic,No,Yes,No,Yes,No,Yes,Two year,No,Mailed check,68.62,3942.82,No
6214-7393,Female,0,No,No,71,Yes,No,No,No internet service,No internet service,No internet service,No internet service,No internet service,No internet service,One year,No,Bank transfer (automatic),29.3,1973.07,No
6215-6817,Female,0,No,No,0,Yes,Yes,No,No internet service,No internet service,No internet service,No internet service,No internet service,No internet service,Month-to-month,No,Bank transfer (automatic),33.06,,No
6216-4950,Male,1,No,No,12,No,No phone service,Fiber optic,No,No,Yes,Yes,No,No,Month-to-month,No,Electronic check,67.87,744.17,Yes
6217-2680,Male,0,No,No,55,Yes,No,DSL,No,Yes,Yes,No,Yes,Yes,Month-to-month,Yes,Bank transfer (automatic),74.34,4036.99,No
6218-1212,Male,0,No,No,8,Yes,Yes,Fiber optic,No,Yes,No,No,Yes,Yes,Month-to-month,Yes,Credit card (automatic),105.67,795.98,Yes
6219-9438,Male,0,No,No,52,Yes,Yes,Fiber optic,Yes,No,No,No,Yes,No,Month-to-month,No,Bank transfer (automatic),101.98,5443.17,No
6220-3531,Female,0,Yes,No,17,Yes,No,DSL,No,No,No,Yes,Yes,Yes,Month-to-month,No,Mailed check,73.51,1266.64,No
6221-3715,Male,0,Yes,No,42,Yes,Yes,No,No internet service,No internet service,No internet service,No internet service,No internet service,No internet service,Month-to-month,No,Bank transfer (automatic),33.45,1428.72,No
6222-7128,Male,0,No,Yes,47,No,No phone service,DSL,Yes,Yes,No,Yes,No,No,Two year,No,Mailed check,32.67,1647.73,No
6223-3296,Male,0,Yes,Yes,23,Yes,Yes,DSL,No,No,No,Yes,No,No,One year,No,Electronic check,61.5,1370.11,No
6224-4381,Male,0,Yes,No,62,No,No phone service,Fiber optic,No,Yes,No,No,Yes,No,Two year,Yes,Mailed check,90.04,5694.95,No
6225-7399,Female,0,Yes,No,66,Yes,Yes,Fiber optic,No,Yes,No,Yes,Yes,No,Month-to-month,Yes,Bank transfer (automatic),76.71,5024.35,No
6226-6357,Male,0,No,No,15,Yes,No,Fiber optic,No,No,No,Yes,Yes,No,Month-to-month,No,Bank transfer (automatic),100.15,1490.83,Yes
6227-6907,Female,0,Yes,No,53,Yes,Yes,Fiber optic,Yes,No,No,No,Yes,No,Month-to-month,Yes,Mailed check,88.75,4663.49,No
6228-1042,Female,0,No,No,49,Yes,No,No,No internet service,No internet service,No internet service,No internet service,No internet service,No internet service,Month-to-month,No,Bank transfer (automatic),27.27,1283.86,No
6229-5061,Female,1,Yes,Yes,18,Yes,Yes,DSL,Yes,No,Yes,No,No,No,Month-to-month,Yes,Credit card (automatic),49.8,885.27,No
6230-5276,Female,0,No,Yes,59,Yes,No,No,No internet service,No internet service,No internet service,No internet service,No internet service,No internet service,Two year,No,Electronic check,28.18,1740.8,No
6231-6691,Male,0,No,No,22,Yes,Yes,Fiber optic,No,Yes,No,No,Yes,Yes,Month-to-month,No,Credit card (automatic),78.67,1899.5,No
6232-2362,Male,1,No,No,18,Yes,Yes,Fiber optic,No,Yes,Yes,No,Yes,No,Month-to-month,Yes,Mailed check,85.21,1379.77,No
6233-2435,Female,0,Yes,No,51,Yes,Yes,No,No internet service,No internet service,No internet service,No internet service,No internet service,No internet service,Month-to-month,Yes,Mailed check,31.49,1712.55,No
6234-7861,Male,1,Yes,No,8,Yes,Yes,No,No internet service,No internet service,No internet service,No internet service,No internet service,No internet service,Month-to-month,No,Bank transfer (automatic),30.1,250.59,No
6235-7059,Female,0,No,No,66,No,No phone service,Fiber optic,No,Yes,No,No,Yes,No,Month-to-month,No,Credit card (automatic),74.66,4911.74,No
6236-8299,Female,0,No,No,28,Yes,No,Fiber optic,No,Yes,No,No,No,Yes,One year,Yes,Electronic check,87.63,2447.28,No
6237-3435,Male,0,Yes,No,35,No,No phone service,DSL,No,No,Yes,No,Yes,No,Two year,Yes,Credit card (automatic),44.96,1678.61,No
6238-9977,Female,0,No,No,49,Yes,No,Fiber optic,No,Yes,No,No,Yes,No,Month-to-month,Yes,Credit card (automatic),82.16,4083.23,Yes
6239-3455,Male,1,No,No,64,Yes,Yes,Fiber optic,No,Yes,No,No,Yes,No,One year,Yes,Electronic check,88.14,5591.81,No
6240-6858,Male,0,Yes,No,56,Yes,No,Fiber optic,Yes,No,No,No,No,Yes,Month-to-month,Yes,Credit card (automatic),96.15,5445.44,No
6241-2459,Male,1,No,No,27,Yes,No,No,No internet service,No internet service,No internet service,No internet service,No internet service,No internet service,Month-to-month,Yes,Credit card (automatic),31.97,853.78,No
6242-9265,Female,0,No,Yes,54,Yes,Yes,Fiber optic,No,Yes,No,No,No,Yes,Two year,Yes,Bank transfer (automatic),91.38,4882.85,No
6243-3991,Male,1,No,No,28,Yes,No,Fiber optic,No,No,No,No,No,No,Month-to-month,Yes,Electronic check,81.19,2174.82,Yes
6244-8221,Female,1,Yes,No,37,Yes,Yes,Fiber optic,Yes,Yes,No,No,Yes,Yes,One year,Yes,Electronic check,85.03,3071.88,No
6245-3980,Male,0,Yes,No,50,Yes,No,Fiber optic,No,No,No,No,No,No,Two year,No,Bank transfer (automatic),99.69,5009.72,No
6246-8116,Male,1,Yes,Yes,40,Yes,No,No,No internet service,No internet service,No internet service,No internet service,No internet service,No internet service,Two year,Yes,Electronic check,28.7,1103.0,No
6247-5087,Female,0,Yes,No,3,Yes,No,No,No internet service,No internet service,No internet service,No internet service,No internet service,No internet service,Month-to-month,No,Electronic check,26.08,113.75,No
6248-1562,Female,0,Yes,No,3,Yes,No,DSL,No,Yes,No,No,No,Yes,Two year,No,Mailed check,64.33,275.81,No
6249-2713,Female,0,No,No,10,Yes,Yes,No,No internet service,No internet service,No internet service,No internet service,No internet service,No internet service,Month-to-month,Yes,Mailed check,31.12,285.8,No
6250-7150,Female,0,No,No,6,No,No phone service,No,No internet service,No internet service,No internet service,No internet service,No internet service,No internet service,Month-to-month,No,Electronic check,18.25,90.09,Yes
6251-2736,Female,0,Yes,Yes,53,Yes,No,DSL,No,Yes,No,No,Yes,No,One year,Yes,Bank transfer (automatic),41.37,2075.86,No
6252-3477,Female,0,No,No,14,Yes,No,Fiber optic,No,No,Yes,No,No,No,Month-to-month,No,Mailed check,79.0,1202.74,Yes
6253-5875,Male,0,Yes,No,17,Yes,No,Fiber optic,No,Yes,No,No,Yes,No,One year,Yes,Mailed check,80.03,1437.87,No
6254-3277,Male,0,Yes,No,22,Yes,Yes,Fiber optic,No,No,No,No,Yes,No,Two year,No,Electronic check,83.85,1831.76,No
6255-2159,Female,0,No,No,12,No,No phone service,No,No internet service,No internet service,No internet service,No internet service,No internet service,No internet service,Two year,No,Credit card (automatic),18.25,190.39,No
6256-6618,Female,0,No,Yes,63,Yes,No,No,No internet service,No internet service,No internet service,No internet service,No internet service,No internet service,Month-to-month,Yes,Electronic check,30.73,1924.3,No
6257-7199,Male,0,Yes,No,6,Yes,No,DSL,No,Yes,No,No,No,Yes,Month-to-month,No,Credit card (automatic),61.6,383.61,No
6258-7596,Male,1,No,No,13,No,No phone service,DSL,Yes,Yes,No,No,No,Yes,One year,No,Electronic check,50.15,688.33,No
6259-9494,Male,1,No,No,16,Yes,No,DSL,No,No,Yes,No,Yes,No,One year,Yes,Bank transfer (automatic),69.69,1110.3,No
6260-2120,Male,1,No,Yes,6,Yes,No,No,No internet service,No internet service,No internet service,No internet service,No internet service,No internet service,One year,Yes,Electronic check,33.23,195.72,No
6261-4840,Male,0,No,No,18,Yes,Yes,DSL,Yes,No,No,No,No,No,Month-to-month,No,Electronic check,52.45,1006.17,No
6262-3105,Male,0,Yes,No,13,Yes,Yes,Fiber optic,No,Yes,No,No,No,No,One year,Yes,Electronic check,77.06,1047.03,Yes
6263-9109,Male,1,Yes,Yes,24,Yes,No,Fiber optic,Yes,No,Yes,No,No,Yes,One year,Yes,Bank transfer (automatic),96.17,2449.28,Yes
6264-5857,Male,0,No,No,11,Yes,No,DSL,No,No,No,Yes,No,No,Month-to-month,Yes,Electronic check,61.12,752.81,No
6265-1884,Female,0,No,No,68,Yes,Yes,DSL,Yes,Yes,No,Yes,No,No,Month-to-month,Yes,Electronic check,61.49,4083.71,No
6266-7228,Male,0,Yes,Yes,57,Yes,Yes,No,No internet service,No internet service,No internet service,No internet service,No internet service,No internet service,Two year,Yes,Credit card (automatic),31.92,1809.87,No
6267-1386,Male,0,Yes,No,47,Yes,Yes,Fiber optic,No,Yes,No,Yes,No,No,Two year,Yes,Bank transfer (automatic),70.71,3298.45,No
6268-3467,Female,0,Yes,No,43,Yes,Yes,Fiber optic,Yes,No,No,No,No,No,Month-to-month,Yes,Mailed check,82.06,3452.44,No
6269-7491,Female,0,Yes,No,50,Yes,No,Fiber optic,No,Yes,Yes,No,Yes,Yes,Month-to-month,Yes,Electronic check,112.76,5644.19,Yes
6270-5553,Male,0,Yes,No,68,Yes,Yes,DSL,No,Yes,No,No,Yes,No,One year,No,Electronic check,60.56,4182.12,No
6271-7848,Male,0,No,No,9,Yes,No,Fiber optic,No,No,No,No,No,No,Month-to-month,Yes,Mailed check,72.19,628.19,Yes
6272-6140,Male,0,Yes,Yes,38,Yes,Yes,DSL,Yes,Yes,Yes,No,Yes,Yes,Month-to-month,Yes,Credit card (automatic),81.21,3101.87,No
6273-8586,Male,0,No,No,14,Yes,No,DSL,No,No,No,No,Yes,Yes,One year,Yes,Electronic check,68.03,957.31,No
6274-6062,Male,0,Yes,No,33,Yes,No,DSL,Yes,No,Yes,No,Yes,No,Month-to-month,Yes,Electronic check,59.33,1983.92,No
6275-1511,Female,0,Yes,Yes,65,Yes,Yes,Fiber optic,No,No,No,No,No,Yes,Month-to-month,Yes,Credit card (automatic),90.44,5795.84,No
6276-1641,Female,0,No,No,46,No,No phone service,DSL,No,Yes,Yes,No,No,No,Two year,Yes,Credit card (automatic),44.52,2171.91,No
6277-7991,Female,0,Yes,No,46,Yes,No,DSL,Yes,No,No,Yes,Yes,Yes,One year,Yes,Mailed check,65.72,3061.37,No
6278-1347,Female,0,Yes,Yes,7,Yes,No,No,No internet service,No internet service,No internet service,No internet service,No internet service,No internet service,Month-to-month,Yes,Mailed check,29.93,163.02,No
6279-4388,Male,0,No,No,59,Yes,Yes,Fiber optic,Yes,No,No,Yes,No,Yes,Two year,Yes,Bank transfer (automatic),98.93,6007.31,No
6280-1144,Male,1,Yes,No,52,Yes,No,No,No internet service,No internet service,No internet service,No internet service,No internet service,No internet service,Month-to-month,Yes,Electronic check,24.99,1264.21,No
6281-3729,Female,0,Yes,No,26,No,No phone service,No,No internet service,No internet service,No internet service,No internet service,No internet service,No internet service,Month-to-month,Yes,Electronic check,18.25,432.26,No
6282-6355,Female,0,No,Yes,24,Yes,Yes,Fiber optic,No,No,No,No,No,No,Month-to-month,Yes,Electronic check,85.42,2065.03,Yes
6283-2557,Male,1,Yes,No,42,Yes,No,Fiber optic,No,No,No,No,Yes,Yes,One year,No,Electronic check,82.15,3479.37,No
6284-5194,Male,0,No,No,55,Yes,No,No,No internet service,No internet service,No internet service,No internet service,No internet service,No internet service,One year,No,Mailed check,26.13,1519.97,No
6285-9963,Male,0,Yes,No,36,Yes,Yes,Fiber optic,No,No,Yes,Yes,Yes,No,Month-to-month,No,Electronic check,81.05,3015.77,No
6286-1634,Female,0,Yes,No,62,Yes,No,DSL,No,No,No,No,Yes,No,Month-to-month,Yes,Electronic check,57.46,3578.96,No
6287-1572,Male,0,Yes,No,14,Yes,No,DSL,No,Yes,No,Yes,No,No,Month-to-month,Yes,Electronic check,54.68,795.65,No
6288-3440,Male,0,No,No,50,Yes,No,No,No internet service,No internet service,No internet service,No internet service,No internet service,No internet service,Month-to-month,Yes,Credit card (automatic),29.98,1405.37,No
6289-8442,Male,0,Yes,Yes,60,Yes,No,DSL,No,No,No,No,Yes,No,Month-to-month,Yes,Electronic check,69.15,4283.7,No
6290-4651,Male,0,No,Yes,51,Yes,Yes,No,No internet service,No internet service,No internet service,No internet service,No internet service,No internet service,Two year,Yes,Electronic check,29.44,1436.37,No
6291-6754,Male,0,No,Yes,24,Yes,Yes,Fiber optic,No,Yes,No,No,No,Yes,Two year,Yes,Credit card (automatic),82.47,1997.73,No
6292-1304,Female,0,No,No,33,Yes,No,Fiber optic,No,Yes,No,Yes,No,No,One year,Yes,Mailed check,79.65,2713.25,No
6293-7614,Female,0,Yes,No,34,Yes,No,Fiber optic,No,Yes,No,No,No,No,Two year,No,Electronic check,89.53,2995.61,Yes
6294-1606,Female,1,No,No,22,Yes,No,Fiber optic,Yes,No,No,No,Yes,No,Two year,Yes,Bank transfer (automatic),106.1,2422.02,No
6295-7404,Male,0,No,Yes,9,Yes,No,DSL,No,No,No,No,No,Yes,One year,Yes,Mailed check,54.88,447.4,No
6296-2331,Male,0,Yes,No,13,No,No phone service,Fiber optic,No,Yes,No,Yes,No,Yes,Month-to-month,Yes,Electronic check,91.83,1228.61,Yes
6297-8725,Female,0,No,Yes,46,Yes,No,Fiber optic,No,Yes,Yes,No,Yes,No,Month-to-month,Yes,Mailed check,74.22,3439.87,No
6298-3664,Female,0,No,Yes,16,Yes,Yes,Fiber optic,No,No,No,Yes,No,Yes,Two year,No,Electronic check,105.25,1549.65,Yes
6299-2653,Female,0,No,No,57,Yes,No,Fiber optic,Yes,Yes,Yes,Yes,Yes,No,One year,Yes,Electronic check,85.33,4876.24,No
6300-4030,Female,0,No,No,57,Yes,No,Fiber optic,No,No,No,No,Yes,No,One year,Yes,Bank transfer (automatic),104.11,5892.13,No
6301-1007,Male,0,Yes,No,29,Yes,No,Fiber optic,No,Yes,No,No,Yes,No,Month-to-month,Yes,Bank transfer (automatic),84.16,2576.55,Yes
6302-2485,Male,1,Yes,No,26,Yes,Yes,No,No internet service,No internet service,No internet service,No internet service,No internet service,No internet service,Month-to-month,Yes,Mailed check,35.79,919.9,Yes
6303-6386,Female,0,No,No,71,Yes,No,DSL,No,Yes,No,No,No,No,Month-to-month,Yes,Electronic check,51.31,3631.64,No
6304-3706,Female,0,No,No,0,Yes,Yes,No,No internet service,No internet service,No internet service,No internet service,No internet service,No internet service,Month-to-month,Yes,Electronic check,33.52,,No
6305-4184,Male,0,No,No,18,No,No phone service,Fiber optic,No,Yes,No,No,No,No,One year,No,Bank transfer (automatic),88.09,1526.62,No
6306-8264,Male,0,Yes,No,50,Yes,No,Fiber optic,No,No,No,No,No,No,One year,No,Bank transfer (automatic),68.0,3486.23,No
6307-2113,Female,0,No,Yes,63,No,No phone service,Fiber optic,Yes,Yes,No,No,Yes,Yes,Month-to-month,Yes,Bank transfer (automatic),95.66,5798.28,No
6308-4562,Female,1,No,No,33,Yes,No,Fiber optic,Yes,No,Yes,Yes,Yes,No,Month-to-month,Yes,Electronic check,76.9,2580.06,No
6309-2675,Female,0,No,No,52,No,No phone service,DSL,No,No,No,Yes,No,No,Month-to-month,Yes,Electronic check,41.23,2187.28,No
6310-5345,Female,0,Yes,Yes,15,Yes,Yes,Fiber optic,Yes,Yes,No,Yes,Yes,Yes,Month-to-month,No,Electronic check,119.85,1682.15,No
6311-3985,Male,0,No,No,67,Yes,No,Fiber optic,No,Yes,Yes,Yes,Yes,No,Month-to-month,Yes,Credit card (automatic),87.39,5848.18,No
6312-1416,Male,0,Yes,No,42,Yes,No,DSL,No,No,No,No,No,No,Month-to-month,No,Electronic check,51.58,2169.95,No
6313-1632,Male,0,No,Yes,54,No,No phone service,DSL,No,No,No,No,Yes,Yes,Two year,Yes,Bank transfer (automatic),54.61,2936.5,No
6314-8670,Female,0,Yes,No,12,Yes,No,No,No internet service,No internet service,No internet service,No internet service,No internet service,No internet service,Month-to-month,Yes,Bank transfer (automatic),29.49,341.85,No
6315-1512,Female,0,No,Yes,36,Yes,Yes,No,No internet service,No internet service,No internet service,No internet service,No internet service,No internet service,Month-to-month,No,Bank transfer (automatic),29.78,954.43,No
6316-8043,Female,0,Yes,No,53,Yes,No,Fiber optic,No,No,Yes,No,No,No,Month-to-month,Yes,Electronic check,82.64,4338.25,No
6317-9243,Male,0,Yes,No,30,Yes,No,DSL,No,Yes,No,No,Yes,No,One year,No,Bank transfer (automatic),71.09,2186.59,No
6318-5191,Male,0,Yes,Yes,70,Yes,Yes,Fiber optic,No,Yes,No,No,No,No,Two year,No,Credit card (automatic),76.23,5350.53,No
6319-3808,Female,0,No,Yes,60,Yes,No,No,No internet service,No internet service,No internet service,No internet service,No internet service,No internet service,Month-to-month,Yes,Mailed check,31.75,1850.82,No
6320-7986,Male,1,No,No,9,Yes,No,Fiber optic,No,Yes,No,No,Yes,No,Two year,No,Bank transfer (automatic),71.56,636.75,No
6321-9839,Female,0,No,No,61,No,No phone service,No,No internet service,No internet service,No internet service,No internet service,No internet service,No internet service,One year,No,Mailed check,18.25,1120.04,No
6322-2083,Male,0,No,No,27,Yes,Yes,Fiber optic,No,Yes,No,Yes,Yes,Yes,Two year,Yes,Electronic check,97.29,2599.75,Yes
6323-9678,Female,0,Yes,No,42,Yes,Yes,Fiber optic,No,Yes,No,No,No,No,Month-to-month,Yes,Mailed check,76.92,3229.76,No
6324-9492,Male,0,Yes,Yes,29,Yes,Yes,DSL,No,Yes,No,No,No,Yes,Month-to-month,Yes,Bank transfer (automatic),65.56,1887.24,No
6325-2282,Male,0,Yes,No,51,Yes,No,Fiber optic,No,No,No,No,Yes,No,One year,Yes,Electronic check,100.97,5129.65,No
6326-1492,Female,0,Yes,No,31,Yes,Yes,No,No internet service,No internet service,No internet service,No internet service,No internet service,No internet service,Month-to-month,Yes,Mailed check,30.83,849.78,No
6327-7433,Female,0,No,No,33,Yes,No,DSL,No,No,No,No,No,No,One year,Yes,Electronic check,67.56,2314.25,No
6328-1698,Female,0,Yes,No,42,Yes,No,DSL,No,No,Yes,No,No,No,Two year,Yes,Credit card (automatic),57.48,2459.24,No
6329-6406,Female,0,No,No,15,Yes,Yes,No,No internet service,No internet service,No internet service,No internet service,No internet service,No internet service,One year,No,Credit card (automatic),26.02,318.14,Yes
6330-1582,Male,0,No,No,31,Yes,No,No,No internet service,No internet service,No internet service,No internet service,No internet service,No internet service,Month-to-month,Yes,Mailed check,32.24,1041.41,No
6331-7215,Male,1,No,No,3,Yes,Yes,DSL,No,No,Yes,No,No,Yes,Month-to-month,No,Mailed check,66.71,277.68,No
6332-3085,Male,1,Yes,Yes,4,No,No phone service,Fiber optic,No,Yes,No,Yes,Yes,No,Month-to-month,No,Credit card (automatic),83.32,320.56,No
6333-1865,Female,0,No,Yes,47,Yes,Yes,DSL,No,No,No,No,Yes,Yes,One year,Yes,Credit card (automatic),59.04,2823.95,No
6334-1599,Male,0,No,No,20,Yes,No,DSL,Yes,No,Yes,No,Yes,No,One year,Yes,Bank transfer (automatic),60.83,1185.16,No
6335-2696,Female,0,No,No,48,Yes,Yes,DSL,No,No,No,No,No,No,Month-to-month,Yes,Credit card (automatic),60.34,2968.99,No
6336-5866,Female,1,No,No,55,No,No phone service,Fiber optic,Yes,Yes,No,Yes,No,No,Month-to-month,No,Mailed check,77.01,4201.46,No
6337-1689,Male,0,Yes,Yes,48,Yes,Yes,DSL,No,Yes,No,Yes,No,Yes,Month-to-month,Yes,Electronic check,60.9,2851.47,No
6338-8219,Female,0,No,Yes,30,Yes,No,No,No internet service,No internet service,No internet service,No internet service,No internet service,No internet service,One year,Yes,Credit card (automatic),29.23,769.47,No
6339-6436,Male,0,No,No,41,Yes,Yes,DSL,No,No,No,No,Yes,No,Month-to-month,Yes,Credit card (automatic),64.53,2509.37,No
6340-3675,Female,0,No,No,57,Yes,Yes,DSL,No,No,No,No,Yes,Yes,Month-to-month,Yes,Credit card (automatic),63.04,3794.21,No
6341-9878,Female,0,No,Yes,24,Yes,No,DSL,No,No,No,No,Yes,No,Month-to-month,Yes,Credit card (automatic),67.2,1527.75,Yes
6342-6926,Male,0,No,Yes,30,Yes,Yes,Fiber optic,No,Yes,No,No,No,No,One year,Yes,Electronic check,80.49,2432.68,No
6343-7047,Male,0,Yes,No,17,Yes,No,No,No internet service,No internet service,No internet service,No internet service,No internet service,No internet service,Two year,No,Credit card (automatic),35.51,570.42,No
6344-2565,Male,1,Yes,Yes,14,Yes,No,DSL,Yes,No,No,No,Yes,Yes,Two year,Yes,Mailed check,70.6,1018.4,No
6345-7396,Female,0,No,No,4,Yes,Yes,Fiber optic,No,No,No,No,No,Yes,Two year,Yes,Electronic check,74.88,462.41,No
6346-6032,Female,1,No,No,5,Yes,Yes,DSL,Yes,No,No,No,No,Yes,Month-to-month,No,Bank transfer (automatic),70.48,329.29,Yes
6347-9860,Female,0,No,Yes,10,Yes,No,DSL,Yes,No,Yes,No,No,Yes,One year,Yes,Electronic check,67.71,597.98,No
6348-5301,Female,1,Yes,No,56,Yes,No,DSL,Yes,No,No,No,No,No,One year,No,Electronic check,67.2,3735.7,No
6349-7101,Male,0,No,Yes,45,No,No phone service,DSL,No,No,Yes,No,Yes,No,Month-to-month,No,Electronic check,57.02,2585.18,No
6350-4069,Female,0,No,No,6,Yes,No,No,No internet service,No internet service,No internet service,No internet service,No internet service,No internet service,One year,Yes,Credit card (automatic),25.33,191.95,No
6351-1361,Female,0,No,No,56,Yes,No,Fiber optic,No,Yes,No,No,Yes,Yes,Two year,No,Bank transfer (automatic),88.36,4922.38,No
6352-2151,Female,1,Yes,No,54,Yes,No,No,No internet service,No internet service,No internet service,No internet service,No internet service,No internet service,Two year,Yes,Credit card (automatic),35.02,1968.02,No
6353-8802,Female,0,Yes,Yes,66,Yes,Yes,No,No internet service,No internet service,No internet service,No internet service,No internet service,No internet service,Month-to-month,Yes,Electronic check,34.98,2292.17,No
6354-7642,Male,0,No,Yes,70,Yes,No,Fiber optic,No,Yes,Yes,No,Yes,No,Month-to-month,No,Credit card (automatic),92.01,6416.24,Yes
6355-4281,Male,0,No,Yes,6,Yes,No,Fiber optic,No,No,No,Yes,Yes,Yes,Month-to-month,Yes,Electronic check,101.9,531.47,Yes
6356-7279,Male,0,Yes,No,38,Yes,No,DSL,No,Yes,No,No,No,Yes,Two year,Yes,Electronic check,67.46,2700.36,No
6357-1039,Male,0,No,No,59,Yes,No,DSL,No,No,Yes,Yes,No,No,One year,Yes,Credit card (automatic),41.57,2408.26,No
6358-1334,Female,0,Yes,No,17,Yes,Yes,DSL,No,No,Yes,No,No,No,One year,Yes,Electronic check,42.65,848.89,No
6359-5564,Female,0,Yes,Yes,43,No,No phone service,DSL,Yes,Yes,No,No,No,No,One year,Yes,Credit card (automatic),41.48,1706.14,No
6360-6624,Male,0,Yes,No,6,Yes,Yes,DSL,No,No,No,No,No,Yes,Month-to-month,Yes,Bank transfer (automatic),69.52,360.14,No
6361-9432,Female,0,Yes,No,21,Yes,No,Fiber optic,Yes,No,No,No,Yes,No,One year,Yes,Mailed check,107.17,2263.9,No
6362-7836,Male,0,No,Yes,71,Yes,No,Fiber optic,No,No,No,No,Yes,No,Month-to-month,Yes,Credit card (automatic),68.86,4848.0,No
6363-3315,Female,0,Yes,No,52,Yes,Yes,Fiber optic,Yes,No,No,Yes,No,No,One year,No,Bank transfer (automatic),91.07,4716.66,No
6364-8335,Female,0,No,No,19,Yes,No,Fiber optic,No,Yes,No,No,No,Yes,Month-to-month,No,Electronic check,72.99,1235.74,No
6365-5423,Female,0,Yes,No,72,Yes,Yes,DSL,No,Yes,Yes,No,Yes,Yes,Month-to-month,Yes,Bank transfer (automatic),71.1,5028.35,No
6366-8433,Female,0,Yes,No,14,Yes,No,DSL,No,Yes,No,No,No,Yes,One year,Yes,Electronic check,55.83,818.88,No
6367-2563,Male,0,Yes,Yes,27,Yes,Yes,Fiber optic,No,Yes,No,Yes,Yes,Yes,Two year,Yes,Credit card (automatic),96.99,2654.29,No
6368-1236,Female,0,Yes,No,32,Yes,Yes,No,No internet service,No internet service,No internet service,No internet service,No internet service,No internet service,Month-to-month,Yes,Bank transfer (automatic),30.08,884.86,No
6369-1519,Female,0,No,No,45,Yes,No,Fiber optic,Yes,No,No,Yes,No,Yes,One year,Yes,Bank transfer (automatic),93.71,4204.16,No
6370-9916,Female,0,No,No,19,Yes,Yes,No,No internet service,No internet service,No internet service,No internet service,No internet service,No internet service,Two year,No,Mailed check,32.65,513.42,No
6371-1724,Female,0,No,No,19,Yes,Yes,Fiber optic,No,No,No,No,Yes,No,Month-to-month,Yes,Credit card (automatic),84.92,1651.37,Yes
6372-9453,Male,0,No,Yes,48,Yes,Yes,No,No internet service,No internet service,No internet service,No internet service,No internet service,No internet service,Two year,Yes,Bank transfer (automatic),32.86,1680.07,No
6373-7542,Male,1,No,No,14,Yes,No,Fiber optic,No,Yes,Yes,No,No,No,One year,Yes,Bank transfer (automatic),65.39,792.44,No
6374-2314,Male,0,No,No,10,Yes,Yes,No,No internet service,No internet service,No internet service,No internet service,No internet service,No internet service,Month-to-month,No,Mailed check,27.39,300.05,No
6375-8775,Female,0,No,No,10,Yes,Yes,DSL,No,Yes,No,No,No,No,Month-to-month,No,Mailed check,52.05,394.31,No
6376-2297,Female,0,No,No,23,Yes,No,No,No internet service,No internet service,No internet service,No internet service,No internet service,No internet service,Two year,Yes,Credit card (automatic),32.81,855.34,No
6377-2289,Female,0,Yes,No,2,Yes,Yes,Fiber optic,No,No,No,Yes,Yes,No,Month-to-month,Yes,Credit card (automatic),84.09,348.65,Yes
6378-6179,Female,0,Yes,No,2,Yes,No,Fiber optic,No,No,Yes,No,No,No,One year,Yes,Bank transfer (automatic),77.9,174.51,No
6379-3594,Male,1,No,No,52,No,No phone service,Fiber optic,No,No,No,No,Yes,Yes,Month-to-month,Yes,Credit card (automatic),73.38,3737.66,No
6380-3617,Male,0,No,Yes,39,Yes,Yes,Fiber optic,Yes,No,Yes,No,Yes,Yes,Month-to-month,Yes,Credit card (automatic),101.25,3935.39,No
6381-2755,Male,0,Yes,No,10,Yes,No,No,No internet service,No internet service,No internet service,No internet service,No internet service,No internet service,Two year,No,Bank transfer (automatic),28.9,309.39,No
6382-6468,Female,0,No,No,18,Yes,No,No,No internet service,No internet service,No internet service,No internet service,No internet service,No internet service,Month-to-month,Yes,Mailed check,29.66,583.45,No
6383-1241,Female,1,Yes,No,49,Yes,No,Fiber optic,Yes,Yes,Yes,No,No,No,One year,No,Mailed check,83.74,4023.39,No
6384-3205,Male,0,No,No,58,Yes,No,DSL,No,Yes,Yes,No,No,Yes,Two year,No,Mailed check,70.03,4026.78,No
6385-5980,Female,0,No,No,63,Yes,No,Fiber optic,No,Yes,Yes,Yes,Yes,No,Two year,Yes,Credit card (automatic),98.67,6292.79,No
6386-5378,Male,1,Yes,Yes,15,Yes,Yes,Fiber optic,No,No,No,No,No,No,Month-to-month,No,Bank transfer (automatic),83.28,1286.05,No
6387-7298,Female,1,No,No,61,Yes,No,Fiber optic,No,No,Yes,Yes,No,No,One year,Yes,Bank transfer (automatic),96.07,5809.75,No
6388-2945,Male,0,No,No,31,Yes,Yes,DSL,Yes,No,Yes,Yes,Yes,No,Month-to-month,Yes,Credit card (automatic),75.08,2470.36,No
6389-6830,Male,0,No,No,21,Yes,No,Fiber optic,No,Yes,Yes,Yes,Yes,No,One year,No,Bank transfer (automatic),74.44,1530.03,No
6390-7838,Male,0,No,No,42,Yes,No,Fiber optic,Yes,No,No,No,Yes,No,Two year,Yes,Credit card (automatic),79.07,3186.09,No
6391-4492,Female,0,No,No,9,Yes,Yes,DSL,No,No,Yes,No,No,Yes,Month-to-month,Yes,Electronic check,63.35,501.66,No
6392-3311,Male,0,No,No,33,Yes,No,DSL,No,No,Yes,No,No,No,Month-to-month,Yes,Mailed check,53.15,1886.41,No
6393-5994,Male,0,No,Yes,32,Yes,No,DSL,No,No,Yes,No,No,Yes,Month-to-month,Yes,Bank transfer (automatic),55.95,1871.78,Yes
6394-6209,Male,0,Yes,No,43,No,No phone service,No,No internet service,No internet service,No internet service,No internet service,No internet service,No internet service,Month-to-month,No,Credit card (automatic),18.25,832.02,No
6395-1846,Female,0,Yes,No,13,Yes,No,Fiber optic,No,Yes,No,No,No,Yes,Month-to-month,Yes,Mailed check,87.6,1215.53,Yes
6396-6085,Female,0,Yes,No,4,Yes,Yes,Fiber optic,No,Yes,Yes,No,No,No,Month-to-month,No,Electronic check,78.64,363.95,No
6397-2388,Male,0,Yes,No,27,Yes,No,DSL,No,Yes,No,No,No,No,Month-to-month,Yes,Electronic check,52.18,1343.92,Yes
6398-6118,Female,0,No,No,71,Yes,Yes,Fiber optic,No,Yes,No,Yes,Yes,Yes,Two year,No,Mailed check,90.85,6374.08,No
6399-9385,Female,0,No,Yes,41,Yes,No,DSL,Yes,No,No,No,No,No,One year,Yes,Credit card (automatic),68.42,2752.5,No
6400-5833,Female,0,No,No,39,No,No phone service,Fiber optic,Yes,No,No,No,No,Yes,One year,No,Mailed check,83.59,3298.58,No
6401-7852,Female,0,Yes,No,47,Yes,No,Fiber optic,Yes,Yes,Yes,No,No,Yes,Month-to-month,Yes,Bank transfer (automatic),90.16,4289.7,No
6402-3787,Female,0,No,Yes,37,Yes,No,DSL,No,Yes,No,No,Yes,No,Month-to-month,No,Mailed check,56.55,2178.74,No
6403-9303,Female,1,No,No,15,Yes,No,No,No internet service,No internet service,No internet service,No internet service,No internet service,No internet service,Month-to-month,Yes,Bank transfer (automatic),29.11,578.46,No
6404-8314,Female,0,Yes,Yes,71,Yes,No,No,No internet service,No internet service,No internet service,No internet service,No internet service,No internet service,Month-to-month,Yes,Credit card (automatic),29.6,2206.76,No
6405-9249,Female,1,No,No,16,Yes,No,Fiber optic,No,Yes,No,No,Yes,No,Month-to-month,Yes,Bank transfer (automatic),101.2,1719.64,Yes
6406-7673,Female,0,Yes,No,46,Yes,Yes,Fiber optic,No,No,No,No,No,No,Month-to-month,No,Credit card (automatic),67.77,3149.31,No
6407-6843,Female,0,No,Yes,63,Yes,No,DSL,Yes,Yes,Yes,No,No,No,Two year,No,Credit card (automatic),66.18,4154.99,No
6408-5724,Female,0,Yes,No,48,Yes,Yes,Fiber optic,Yes,Yes,No,Yes,No,No,Two year,Yes,Electronic check,94.06,4529.03,No
6409-9353,Female,0,No,No,68,Yes,No,Fiber optic,No,No,No,No,No,No,One year,No,Electronic check,63.88,4287.17,No
6410-8632,Female,0,No,Yes,12,No,No phone service,No,No internet service,No internet service,No internet service,No internet service,No internet service,No internet service,Month-to-month,No,Credit card (automatic),18.25,74.19,No
6411-4749,Female,0,No,No,46,Yes,No,Fiber optic,No,Yes,No,Yes,Yes,Yes,Month-to-month,Yes,Electronic check,86.92,4136.02,No
6412-1770,Female,0,Yes,Yes,6,Yes,Yes,Fiber optic,Yes,Yes,No,No,Yes,Yes,Two year,Yes,Electronic check,85.09,474.08,Yes
6413-1032,Female,0,Yes,No,40,Yes,Yes,DSL,No,No,No,No,No,Yes,Month-to-month,Yes,Mailed check,68.37,2730.24,No
6414-3101,Male,0,No,No,13,Yes,No,Fiber optic,No,No,No,No,Yes,No,Month-to-month,No,Bank transfer (automatic),99.02,1298.4,Yes
6415-1563,Female,0,Yes,Yes,48,Yes,Yes,Fiber optic,No,No,Yes,No,Yes,No,One year,Yes,Electronic check,90.09,4322.84,No
6416-2903,Male,0,Yes,No,23,Yes,No,No,No internet service,No internet service,No internet service,No internet service,No internet service,No internet service,One year,Yes,Bank transfer (automatic),27.62,581.68,No
6417-1985,Male,0,No,No,9,Yes,No,Fiber optic,No,No,No,Yes,No,No,Month-to-month,Yes,Electronic check,96.7,795.71,Yes
6418-9828,Male,0,No,Yes,63,Yes,No,Fiber optic,Yes,No,Yes,No,No,Yes,Month-to-month,Yes,Credit card (automatic),78.53,4792.87,No
6419-1858,Male,0,No,No,65,Yes,Yes,DSL,No,Yes,Yes,No,Yes,No,Month-to-month,No,Electronic check,64.18,4194.9,No
6420-6641,Male,0,Yes,No,12,Yes,No,Fiber optic,No,Yes,No,No,Yes,Yes,Month-to-month,Yes,Electronic check,103.12,1360.5,No
6421-4164,Male,0,No,Yes,15,Yes,Yes,Fiber optic,Yes,Yes,Yes,No,Yes,No,One year,Yes,Electronic check,102.93,1567.27,No
6422-2567,Male,0,No,No,2,Yes,Yes,No,No internet service,No internet service,No internet service,No internet service,No internet service,No internet service,One year,Yes,Credit card (automatic),32.33,2.96,No
6423-7310,Female,0,Yes,No,48,Yes,No,Fiber optic,No,No,Yes,No,No,Yes,One year,Yes,Electronic check,103.87,4962.55,No
6424-9734,Male,0,Yes,No,65,Yes,No,DSL,Yes,No,No,No,No,Yes,Month-to-month,Yes,Mailed check,62.46,4100.82,No
6425-8115,Female,0,Yes,No,16,Yes,No,No,No internet service,No internet service,No internet service,No internet service,No internet service,No internet service,Two year,Yes,Bank transfer (automatic),25.55,465.34,No
6426-9776,Female,0,No,No,32,Yes,No,DSL,No,No,No,Yes,No,No,Two year,Yes,Electronic check,49.59,1527.89,No
6427-6311,Male,0,Yes,Yes,51,Yes,Yes,Fiber optic,Yes,No,No,No,Yes,Yes,Month-to-month,No,Mailed check,106.8,5351.89,No
6428-7061,Male,0,No,Yes,32,Yes,Yes,No,No internet service,No internet service,No internet service,No internet service,No internet service,No internet service,Month-to-month,Yes,Electronic check,29.65,868.66,No
6429-2317,Female,0,Yes,No,55,Yes,Yes,Fiber optic,No,No,Yes,No,No,Yes,Month-to-month,No,Mailed check,89.06,4936.16,No
6430-8670,Female,0,Yes,No,55,Yes,Yes,No,No internet service,No internet service,No internet service,No internet service,No internet service,No internet service,Month-to-month,Yes,Bank transfer (automatic),33.19,1714.53,No
6431-7730,Male,0,No,Yes,54,No,No phone service,No,No internet service,No internet service,No internet service,No internet service,No internet service,No internet service,One year,No,Bank transfer (automatic),18.25,915.59,No
6432-3285,Male,0,No,Yes,52,No,No phone service,DSL,Yes,Yes,No,Yes,No,No,Month-to-month,No,Electronic check,49.41,2562.16,No
6433-4192,Female,0,No,No,31,Yes,No,Fiber optic,No,No,No,No,No,No,Two year,No,Electronic check,69.31,2283.62,No
6434-6497,Male,0,No,No,28,Yes,Yes,Fiber optic,Yes,Yes,Yes,No,No,No,Month-to-month,Yes,Electronic check,100.38,2765.74,No
6435-1116,Female,0,Yes,No,44,No,No phone service,Fiber optic,No,No,Yes,Yes,No,No,Two year,No,Mailed check,76.91,3446.47,No
6436-8360,Female,1,Yes,No,7,Yes,Yes,No,No internet service,No internet service,No internet service,No internet service,No internet service,No internet service,One year,No,Mailed check,27.99,89.83,No
6437-3525,Female,0,Yes,No,43,Yes,Yes,No,No internet service,No internet service,No internet service,No internet service,No internet service,No internet service,Month-to-month,Yes,Electronic check,31.48,1331.15,No
6438-1674,Male,0,Yes,Yes,2,Yes,No,Fiber optic,Yes,No,Yes,No,No,Yes,Month-to-month,Yes,Bank transfer (automatic),99.15,57.64,Yes
6439-3975,Female,0,No,No,52,Yes,No,DSL,No,Yes,No,No,No,No,One year,Yes,Electronic check,62.19,3251.59,No
6440-8521,Female,0,No,Yes,44,Yes,No,DSL,Yes,Yes,No,No,No,Yes,Month-to-month,No,Electronic check,67.6,2916.42,No
6441-3467,Female,0,Yes,No,36,Yes,Yes,DSL,No,No,No,No,Yes,Yes,One year,No,Electronic check,62.99,2283.29,No
6442-5852,Female,1,Yes,Yes,22,Yes,No,Fiber optic,Yes,No,Yes,No,Yes,No,Two year,Yes,Bank transfer (automatic),107.58,2308.39,No
6443-8306,Male,0,No,No,37,No,No phone service,Fiber optic,Yes,No,Yes,No,Yes,No,Month-to-month,No,Electronic check,70.04,2702.23,No
6444-1303,Female,0,No,No,46,Yes,No,DSL,Yes,No,No,No,Yes,Yes,Two year,No,Electronic check,87.64,4006.31,No
6445-7838,Male,0,Yes,No,49,Yes,Yes,Fiber optic,No,Yes,No,Yes,No,Yes,One year,Yes,Credit card (automatic),77.97,3796.6,No
6446-3597,Female,1,Yes,No,67,Yes,Yes,DSL,Yes,No,No,No,No,Yes,Two year,Yes,Electronic check,63.73,4230.36,No
6447-7259,Female,0,Yes,No,12,Yes,No,No,No internet service,No internet service,No internet service,No internet service,No internet service,No internet service,Month-to-month,Yes,Electronic check,26.68,330.58,No
6448-2692,Female,0,Yes,Yes,3,Yes,Yes,No,No internet service,No internet service,No internet service,No internet service,No internet service,No internet service,Two year,No,Mailed check,29.55,110.05,No
6449-2250,Female,0,Yes,No,47,Yes,No,DSL,No,Yes,Yes,No,No,No,Month-to-month,Yes,Electronic check,52.01,2378.67,No
6450-8093,Male,0,No,No,11,Yes,No,DSL,Yes,No,No,Yes,No,Yes,One year,No,Electronic check,58.36,625.37,Yes
6451-8269,Female,0,Yes,No,10,Yes,No,No,No internet service,No internet service,No internet service,No internet service,No internet service,No internet service,One year,Yes,Credit card (automatic),37.49,408.81,Yes
6452-9830,Male,0,No,No,20,Yes,Yes,DSL,No,No,Yes,No,Yes,No,Month-to-month,Yes,Electronic check,55.74,1230.19,No
6453-7093,Male,0,Yes,No,52,Yes,No,No,No internet service,No internet service,No internet service,No internet service,No internet service,No internet service,Month-to-month,Yes,Electronic check,32.56,1767.84,No
6454-5192,Female,0,Yes,Yes,4,Yes,Yes,DSL,No,No,No,No,No,No,Two year,Yes,Electronic check,63.26,286.04,No
6455-2753,Female,0,Yes,No,28,Yes,Yes,Fiber optic,No,Yes,No,Yes,No,No,One year,No,Mailed check,72.77,2138.45,No
6456-3656,Male,0,No,No,7,Yes,Yes,Fiber optic,No,No,No,No,No,Yes,Two year,Yes,Credit card (automatic),92.51,546.4,Yes
6457-6832,Female,0,No,Yes,61,Yes,Yes,Fiber optic,Yes,Yes,Yes,No,No,No,Two year,No,Electronic check,91.17,5669.75,No
6458-4114,Female,0,Yes,No,55,Yes,No,No,No internet service,No internet service,No internet service,No internet service,No internet service,No internet service,Month-to-month,No,Mailed check,29.47,1628.86,No
6459-5351,Female,0,No,No,6,Yes,Yes,No,No internet service,No internet service,No internet service,No internet service,No internet service,No internet service,Month-to-month,Yes,Bank transfer (automatic),30.44,136.11,No
6460-2512,Female,0,No,Yes,19,Yes,No,Fiber optic,No,Yes,Yes,No,No,Yes,Month-to-month,No,Electronic check,75.14,1403.64,Yes
6461-4953,Female,0,No,No,33,Yes,No,Fiber optic,No,Yes,Yes,Yes,No,No,One year,Yes,Bank transfer (automatic),92.1,3107.62,No
6462-3141,Male,0,No,No,33,Yes,No,Fiber optic,No,No,Yes,No,Yes,Yes,Month-to-month,Yes,Electronic check,103.34,3376.89,Yes
6463-2008,Male,0,No,Yes,12,Yes,No,Fiber optic,No,No,Yes,No,Yes,No,Month-to-month,Yes,Electronic check,77.96,942.68,Yes
6464-2187,Male,0,Yes,No,34,Yes,Yes,DSL,No,No,Yes,No,No,Yes,Month-to-month,Yes,Bank transfer (automatic),76.59,2638.68,Yes
6465-5664,Female,0,No,No,63,Yes,No,Fiber optic,No,No,Yes,No,No,No,Month-to-month,No,Electronic check,81.62,5211.99,No
6466-4297,Female,0,No,Yes,16,Yes,Yes,Fiber optic,No,No,No,No,Yes,Yes,Month-to-month,Yes,Credit card (automatic),98.66,1469.12,Yes
6467-1899,Male,0,No,No,9,No,No phone service,DSL,No,No,No,No,Yes,No,One year,Yes,Mailed check,49.33,418.29,No
6468-5628,Female,0,Yes,No,28,Yes,No,Fiber optic,No,No,Yes,No,Yes,No,One year,No,Electronic check,84.61,2433.12,No
6469-2478,Female,0,No,No,35,Yes,No,No,No internet service,No internet service,No internet service,No internet service,No internet service,No internet service,One year,Yes,Mailed check,32.22,1234.52,No
6470-1138,Male,0,Yes,No,20,Yes,Yes,No,No internet service,No internet service,No internet service,No internet service,No internet service,No internet service,One year,Yes,Electronic check,28.93,527.91,No
6471-2192,Female,0,No,Yes,7,Yes,Yes,Fiber optic,No,Yes,Yes,No,No,No,One year,Yes,Electronic check,76.66,673.24,No
6472-5036,Male,1,No,No,6,Yes,No,No,No internet service,No internet service,No internet service,No internet service,No internet service,No internet service,Month-to-month,Yes,Mailed check,31.4,200.85,No
6473-9586,Female,0,Yes,No,58,Yes,No,DSL,Yes,No,No,No,Yes,Yes,One year,Yes,Bank transfer (automatic),73.21,4138.33,No
6474-3174,Female,0,No,No,9,Yes,No,DSL,Yes,Yes,No,Yes,No,No,Two year,Yes,Electronic check,61.5,589.18,No
6475-3563,Male,0,No,No,20,Yes,Yes,Fiber optic,No,Yes,No,No,No,No,Two year,No,Electronic check,69.12,1359.74,No
6476-3183,Female,0,No,Yes,55,Yes,Yes,Fiber optic,No,Yes,Yes,No,No,Yes,Month-to-month,No,Electronic check,81.48,4419.06,Yes
6477-4196,Male,0,No,Yes,43,Yes,No,No,No internet service,No internet service,No internet service,No internet service,No internet service,No internet service,Month-to-month,No,Mailed check,35.03,1382.32,No
6478-7455,Female,0,No,Yes,1,Yes,Yes,No,No internet service,No internet service,No internet service,No internet service,No internet service,No internet service,Month-to-month,Yes,Mailed check,33.12,26.08,No
6479-3898,Female,0,Yes,Yes,12,Yes,No,Fiber optic,No,No,No,No,No,Yes,Month-to-month,No,Bank transfer (automatic),84.07,1043.05,Yes
6480-6917,Male,0,No,Yes,34,Yes,Yes,DSL,Yes,Yes,Yes,No,No,Yes,One year,Yes,Electronic check,66.29,2275.42,No
6481-9083,Male,0,No,No,25,Yes,No,DSL,No,No,Yes,No,Yes,No,Month-to-month,No,Electronic check,52.93,1295.34,No
6482-9514,Male,0,No,Yes,72,Yes,Yes,Fiber optic,No,No,No,No,No,No,Two year,No,Bank transfer (automatic),52.09,3645.24,No
6483-6066,Male,0,No,Yes,8,Yes,Yes,Fiber optic,No,Yes,Yes,No,No,No,One year,Yes,Bank transfer (automatic),60.49,576.33,No
6484-7418,Male,0,No,Yes,1,Yes,Yes,No,No internet service,No internet service,No internet service,No internet service,No internet service,No internet service,Month-to-month,Yes,Bank transfer (automatic),37.64,64.6,No
6485-9271,Male,0,Yes,No,40,Yes,No,DSL,Yes,No,Yes,No,No,No,Month-to-month,No,Bank transfer (automatic),62.23,2209.74,No
6486-8079,Female,0,Yes,Yes,70,Yes,No,No,No internet service,No internet service,No internet service,No internet service,No internet service,No internet service,Month-to-month,No,Mailed check,33.56,2294.75,No
6487-3699,Male,0,No,No,0,No,No phone service,Fiber optic,No,Yes,No,No,No,Yes,Month-to-month,Yes,Electronic check,69.69,,No
6488-2188,Male,0,Yes,Yes,60,Yes,No,Fiber optic,No,No,Yes,Yes,No,Yes,Month-to-month,No,Credit card (automatic),86.62,5296.08,No
6489-2033,Female,0,Yes,Yes,72,Yes,Yes,DSL,No,Yes,No,No,No,Yes,Month-to-month,Yes,Electronic check,62.23,4556.26,No
6490-8937,Male,1,Yes,No,30,Yes,No,DSL,No,No,No,No,Yes,No,Month-to-month,Yes,Credit card (automatic),52.17,1593.34,No
6491-6005,Female,0,No,No,30,Yes,Yes,Fiber optic,No,Yes,Yes,No,Yes,No,Two year,Yes,Mailed check,88.49,2589.73,No
6492-3666,Female,0,Yes,No,72,Yes,Yes,No,No internet service,No internet service,No internet service,No internet service,No internet service,No internet service,Month-to-month,Yes,Mailed check,26.59,2017.42,No
6493-4109,Female,0,Yes,No,45,Yes,No,Fiber optic,No,No,No,No,Yes,Yes,Month-to-month,Yes,Electronic check,111.15,5069.43,Yes
6494-3534,Male,1,Yes,No,39,Yes,No,Fiber optic,No,Yes,No,Yes,No,No,Two year,Yes,Credit card (automatic),89.29,3476.68,No
6495-8216,Female,0,Yes,Yes,20,Yes,No,Fiber optic,No,No,No,Yes,No,Yes,Month-to-month,No,Credit card (automatic),75.36,1528.86,Yes
6496-6511,Female,1,Yes,No,68,Yes,Yes,DSL,No,No,No,No,No,No,Month-to-month,No,Bank transfer (automatic),48.45,3309.47,No
6497-8913,Female,0,Yes,Yes,18,Yes,No,DSL,No,No,No,Yes,No,No,Month-to-month,Yes,Electronic check,52.14,894.35,No
6498-3715,Female,1,No,No,28,Yes,No,No,No internet service,No internet service,No internet service,No internet service,No internet service,No internet service,One year,Yes,Electronic check,31.98,877.96,No
6499-5252,Female,0,Yes,No,61,Yes,No,Fiber optic,Yes,Yes,Yes,No,Yes,No,One year,Yes,Bank transfer (automatic),97.48,6000.32,No
6500-2095,Male,0,Yes,Yes,37,Yes,No,No,No internet service,No internet service,No internet service,No internet service,No internet service,No internet service,Month-to-month,No,Electronic check,31.56,1166.84,No
6501-9741,Male,0,No,No,55,Yes,Yes,Fiber optic,Yes,Yes,No,No,No,No,Month-to-month,Yes,Credit card (automatic),85.39,4703.36,No
6502-5606,Female,0,Yes,No,72,Yes,Yes,DSL,No,No,Yes,No,Yes,No,Two year,Yes,Electronic check,54.86,3881.64,No
6503-5976,Male,1,Yes,No,46,Yes,No,Fiber optic,No,No,Yes,Yes,No,Yes,One year,Yes,Mailed check,95.7,4477.64,No
6504-4722,Male,0,Yes,No,11,Yes,Yes,Fiber optic,No,Yes,Yes,Yes,No,No,Two year,Yes,Credit card (automatic),84.18,967.29,No
6505-3438,Female,0,Yes,No,54,Yes,No,Fiber optic,No,Yes,Yes,Yes,Yes,No,Month-to-month,Yes,Bank transfer (automatic),88.15,4659.5,No
6506-9534,Male,0,No,No,43,Yes,No,DSL,Yes,Yes,No,Yes,Yes,No,Month-to-month,Yes,Mailed check,76.15,3288.98,No
6507-5400,Male,0,No,Yes,12,Yes,No,DSL,Yes,No,No,No,Yes,No,Month-to-month,No,Mailed check,93.71,1111.61,Yes
6508-7072,Female,0,Yes,Yes,8,Yes,No,Fiber optic,Yes,Yes,Yes,No,No,No,Month-to-month,Yes,Electronic check,82.4,802.08,Yes
6509-1335,Male,0,No,No,68,Yes,Yes,Fiber optic,No,Yes,No,No,No,No,Month-to-month,Yes,Bank transfer (automatic),76.16,5126.22,No
6510-3483,Female,1,No,No,7,Yes,No,DSL,Yes,Yes,No,No,No,No,Month-to-month,No,Bank transfer (automatic),55.14,340.37,No
6511-8235,Female,1,No,No,33,Yes,Yes,Fiber optic,Yes,No,No,Yes,No,No,Month-to-month,Yes,Credit card (automatic),76.46,2451.44,No
6512-1790,Male,0,No,No,71,Yes,Yes,Fiber optic,Yes,Yes,Yes,No,No,Yes,One year,Yes,Bank transfer (automatic),104.75,7593.11,No
6513-1912,Female,0,No,No,63,Yes,Yes,Fiber optic,No,No,Yes,Yes,No,No,One year,Yes,Electronic check,80.53,5205.68,No
6514-8287,Female,1,No,No,61,Yes,Yes,DSL,No,No,Yes,Yes,Yes,Yes,Two year,No,Electronic check,68.37,4223.07,No
6515-3778,Male,1,No,No,53,Yes,No,No,No internet service,No internet service,No internet service,No internet service,No internet service,No internet service,Month-to-month,Yes,Electronic check,37.94,1968.85,No
6516-3464,Male,0,Yes,No,34,Yes,Yes,DSL,Yes,No,No,Yes,Yes,Yes,Month-to-month,Yes,Electronic check,73.82,2361.63,No
6517-6087,Female,0,No,No,20,Yes,No,DSL,Yes,Yes,Yes,Yes,No,No,Month-to-month,No,Credit card (automatic),57.14,1080.14,No
6518-2754,Female,0,No,No,65,Yes,Yes,DSL,No,Yes,No,No,No,No,Month-to-month,No,Mailed check,32.1,1907.32,No
6519-1386,Female,0,No,No,41,Yes,Yes,DSL,No,Yes,No,No,No,No,Month-to-month,Yes,Credit card (automatic),46.9,1810.75,No
6520-1040,Female,0,Yes,No,28,Yes,No,Fiber optic,Yes,No,Yes,No,No,Yes,Month-to-month,Yes,Electronic check,85.07,2316.74,Yes
6521-1713,Male,0,Yes,No,70,Yes,Yes,DSL,Yes,Yes,No,Yes,Yes,No,Month-to-month,Yes,Bank transfer (automatic),52.88,3725.72,No
6522-2426,Male,0,Yes,No,27,Yes,No,DSL,No,No,Yes,Yes,Yes,Yes,Month-to-month,No,Electronic check,72.49,1981.03,No
6523-7264,Female,0,No,No,2,Yes,No,DSL,Yes,No,No,Yes,Yes,No,Month-to-month,Yes,Bank transfer (automatic),64.38,154.0,No
6524-3681,Female,0,No,No,43,Yes,No,DSL,No,No,No,No,No,Yes,Month-to-month,Yes,Electronic check,62.92,2801.22,No
6525-1645,Male,0,No,No,31,Yes,Yes,Fiber optic,No,No,No,No,Yes,No,Two year,Yes,Electronic check,73.83,2251.58,No
6526-1129,Male,1,Yes,No,45,No,No phone service,DSL,No,No,No,Yes,Yes,Yes,Two year,No,Electronic check,59.43,2555.1,No
6527-5293,Female,0,Yes,No,45,Yes,No,DSL,Yes,Yes,No,Yes,No,No,One year,Yes,Mailed check,56.0,2400.9,No
6528-8560,Male,0,Yes,Yes,45,Yes,No,No,No internet service,No internet service,No internet service,No internet service,No internet service,No internet service,Month-to-month,Yes,Mailed check,34.22,1416.79,No
6529-4047,Female,1,Yes,No,24,Yes,No,Fiber optic,No,Yes,No,No,Yes,Yes,Month-to-month,No,Bank transfer (automatic),87.33,2153.25,No
6530-1574,Female,0,No,No,18,Yes,Yes,DSL,Yes,Yes,Yes,No,No,No,Month-to-month,No,Credit card (automatic),47.67,766.1,No
6531-3052,Male,0,No,No,23,Yes,No,Fiber optic,Yes,No,No,Yes,No,No,One year,No,Electronic check,79.58,1662.87,Yes
6532-5493,Male,0,No,No,70,Yes,No,DSL,No,No,No,Yes,No,No,Month-to-month,Yes,Mailed check,48.77,3436.35,No
6533-2698,Male,0,No,No,54,Yes,Yes,DSL,No,Yes,Yes,No,Yes,Yes,Two year,Yes,Electronic check,82.21,4393.32,No
6534-9805,Male,1,Yes,No,28,Yes,No,DSL,No,No,No,No,No,No,Month-to-month,Yes,Mailed check,46.38,1293.92,No
6535-7869,Female,1,No,No,66,Yes,No,DSL,No,Yes,Yes,No,Yes,No,Month-to-month,Yes,Electronic check,57.6,3804.39,No
6536-4100,Male,0,No,No,55,Yes,Yes,DSL,No,No,No,Yes,No,No,Two year,Yes,Mailed check,49.49,2624.47,No
6537-9562,Female,0,No,No,39,Yes,Yes,DSL,Yes,No,Yes,No,No,No,Month-to-month,No,Mailed check,60.42,2499.55,No
6538-3924,Female,0,No,No,58,Yes,Yes,Fiber optic,No,No,No,No,Yes,No,Two year,No,Credit card (automatic),89.93,5159.72,No
6539-2261,Male,0,Yes,No,69,Yes,No,DSL,Yes,No,Yes,Yes,Yes,No,Two year,Yes,Electronic check,62.92,4168.75,No
6540-9443,Female,0,Yes,Yes,41,Yes,No,DSL,No,Yes,No,No,No,Yes,One year,Yes,Electronic check,59.67,2555.87,No
6541-9636,Female,0,No,No,7,Yes,No,No,No internet service,No internet service,No internet service,No internet service,No internet service,No internet service,Month-to-month,Yes,Mailed check,32.62,272.41,No
6542-3813,Male,1,No,No,31,No,No phone service,Fiber optic,No,No,No,No,No,No,Two year,No,Credit card (automatic),66.86,1909.91,No
6543-6352,Male,0,No,No,16,Yes,Yes,Fiber optic,Yes,No,Yes,Yes,No,Yes,Two year,No,Bank transfer (automatic),87.02,1258.47,No
6544-2559,Male,0,Yes,No,51,Yes,Yes,Fiber optic,No,No,No,Yes,Yes,No,One year,No,Electronic check,79.08,4181.95,No
6545-6774,Female,0,No,Yes,6,Yes,Yes,Fiber optic,Yes,Yes,No,No,Yes,Yes,One year,Yes,Bank transfer (automatic),119.54,652.98,Yes
6546-7210,Male,0,Yes,No,34,Yes,No,Fiber optic,Yes,Yes,Yes,No,Yes,No,Month-to-month,Yes,Electronic check,87.81,2883.76,Yes
6547-7388,Female,0,No,No,31,Yes,No,Fiber optic,No,No,Yes,No,Yes,Yes,Month-to-month,No,Credit card (automatic),78.9,2526.34,No
6548-6118,Male,0,Yes,No,28,Yes,Yes,No,No internet service,No internet service,No internet service,No internet service,No internet service,No internet service,Two year,Yes,Electronic check,28.5,936.09,No
6549-7336,Male,0,No,No,45,Yes,No,Fiber optic,No,Yes,No,No,Yes,No,Month-to-month,Yes,Electronic check,86.98,3796.35,No
6550-5994,Male,0,Yes,Yes,39,Yes,Yes,DSL,No,No,Yes,No,No,No,One year,Yes,Electronic check,56.74,2243.24,No
6551-8377,Male,0,Yes,Yes,14,Yes,No,DSL,Yes,Yes,No,No,No,No,One year,Yes,Electronic check,60.53,924.22,No
6552-2616,Female,0,Yes,Yes,58,Yes,Yes,DSL,No,No,No,No,Yes,No,One year,Yes,Electronic check,53.88,3027.25,No
6553-5350,Female,0,No,No,32,Yes,Yes,Fiber optic,Yes,Yes,Yes,No,Yes,No,Month-to-month,No,Credit card (automatic),74.44,2361.49,No
6554-4747,Male,0,No,No,11,Yes,No,No,No internet service,No internet service,No internet service,No internet service,No internet service,No internet service,Two year,Yes,Mailed check,30.61,218.05,Yes
6555-5799,Male,0,No,Yes,49,Yes,No,Fiber optic,Yes,No,No,No,Yes,No,Month-to-month,Yes,Mailed check,93.73,4562.43,No
6556-2278,Female,0,No,No,28,Yes,Yes,Fiber optic,Yes,Yes,No,Yes,Yes,Yes,Month-to-month,Yes,Electronic check,104.4,2991.89,Yes
6557-3914,Female,0,No,No,46,Yes,Yes,Fiber optic,No,No,No,No,Yes,No,Two year,No,Electronic check,93.0,4295.24,No
6558-9586,Female,0,No,No,55,Yes,No,Fiber optic,No,Yes,No,Yes,No,Yes,Month-to-month,No,Electronic check,89.75,4873.2,No
6559-1947,Female,0,Yes,No,45,Yes,No,Fiber optic,No,No,Yes,No,No,No,One year,Yes,Mailed check,67.11,3017.68,No
6560-6717,Male,0,No,No,68,Yes,Yes,Fiber optic,No,Yes,No,No,No,No,Month-to-month,Yes,Electronic check,77.16,5063.78,No
6561-6981,Female,0,No,Yes,44,Yes,Yes,Fiber optic,No,No,No,Yes,No,Yes,One year,No,Mailed check,68.32,2934.14,No
6562-5270,Female,0,No,No,27,Yes,No,Fiber optic,Yes,Yes,Yes,Yes,No,Yes,Month-to-month,No,Credit card (automatic),90.78,2621.52,No
6563-1302,Male,0,Yes,Yes,72,Yes,Yes,Fiber optic,Yes,No,No,No,No,No,One year,Yes,Credit card (automatic),91.93,6654.55,No
6564-1309,Female,1,Yes,No,37,Yes,Yes,Fiber optic,No,Yes,No,No,Yes,Yes,Month-to-month,Yes,Credit card (automatic),108.26,4090.41,No
6565-3480,Female,0,Yes,No,52,Yes,Yes,Fiber optic,No,Yes,No,No,Yes,No,Two year,No,Electronic check,85.75,4384.34,No
6566-1922,Male,0,No,No,24,Yes,No,No,No internet service,No internet service,No internet service,No internet service,No internet service,No internet service,Month-to-month,Yes,Electronic check,27.78,577.14,No
6567-1847,Female,1,No,Yes,66,Yes,No,Fiber optic,No,Yes,Yes,No,Yes,Yes,Month-to-month,Yes,Mailed check,82.94,5395.99,No
6568-2440,Male,0,No,No,68,Yes,No,Fiber optic,Yes,Yes,Yes,No,Yes,Yes,Month-to-month,Yes,Bank transfer (automatic),112.32,7643.49,No
6569-2716,Male,0,No,No,69,Yes,No,No,No internet service,No internet service,No internet service,No internet service,No internet service,No internet service,Month-to-month,No,Electronic check,30.62,2236.1,No
6570-8545,Male,0,No,No,28,Yes,No,No,No internet service,No internet service,No internet service,No internet service,No internet service,No internet service,Two year,Yes,Bank transfer (automatic),34.36,1008.76,No
6571-6747,Female,1,Yes,No,62,Yes,Yes,Fiber optic,Yes,No,No,No,No,No,Month-to-month,Yes,Electronic check,91.01,5632.74,No
6572-1273,Male,0,Yes,Yes,49,Yes,No,No,No internet service,No internet service,No internet service,No internet service,No internet service,No internet service,Month-to-month,Yes,Electronic check,33.32,1667.4,No
6573-6655,Male,0,No,No,6,Yes,Yes,No,No internet service,No internet service,No internet service,No internet service,No internet service,No internet service,Month-to-month,No,Credit card (automatic),27.6,303.05,No
6574-2230,Female,1,Yes,No,66,Yes,No,DSL,Yes,Yes,No,No,No,Yes,Month-to-month,No,Bank transfer (automatic),69.75,4524.8,No
6575-4789,Male,0,Yes,No,38,Yes,Yes,Fiber optic,No,No,No,No,Yes,Yes,Month-to-month,Yes,Bank transfer (automatic),100.18,3950.43,No
6576-1342,Male,0,Yes,No,38,Yes,No,Fiber optic,Yes,Yes,Yes,Yes,No,No,Month-to-month,Yes,Credit card (automatic),87.39,3361.53,No
6577-1811,Male,0,Yes,No,27,Yes,No,Fiber optic,No,Yes,No,No,No,No,Two year,No,Electronic check,91.76,2604.51,Yes
6578-2193,Female,0,No,No,62,Yes,No,No,No internet service,No internet service,No internet service,No internet service,No internet service,No internet service,Two year,No,Bank transfer (automatic),34.71,2180.85,No
6579-4899,Male,0,No,Yes,7,Yes,No,DSL,No,No,No,Yes,Yes,Yes,Month-to-month,No,Bank transfer (automatic),85.76,730.82,Yes
6580-5167,Female,1,No,No,28,No,No phone service,Fiber optic,No,Yes,No,No,No,No,Month-to-month,Yes,Bank transfer (automatic),67.7,1921.56,No
6581-4174,Female,0,No,No,41,No,No phone service,Fiber optic,Yes,No,Yes,Yes,Yes,Yes,Month-to-month,Yes,Electronic check,94.07,3927.82,No
6582-6580,Female,0,Yes,No,14,Yes,Yes,Fiber optic,No,No,No,Yes,Yes,No,Month-to-month,No,Electronic check,78.14,1135.18,Yes
6583-7483,Female,0,Yes,No,15,Yes,No,Fiber optic,Yes,No,No,No,No,Yes,Month-to-month,Yes,Mailed check,105.16,1605.69,No
6584-7557,Female,0,No,No,44,Yes,Yes,Fiber optic,No,Yes,No,No,No,No,Month-to-month,Yes,Credit card (automatic),84.12,3621.14,No
6585-6210,Male,1,Yes,Yes,42,Yes,No,DSL,No,Yes,No,Yes,Yes,Yes,Month-to-month,Yes,Bank transfer (automatic),60.63,2514.63,No
6586-5909,Male,0,No,No,59,Yes,Yes,DSL,No,No,Yes,No,No,No,Two year,Yes,Mailed check,54.37,3282.04,No
6587-5423,Female,0,Yes,No,59,Yes,No,DSL,No,No,Yes,No,No,No,Month-to-month,No,Mailed check,52.95,3070.69,No
6588-3141,Female,1,No,No,1,Yes,No,DSL,No,Yes,Yes,Yes,No,No,Month-to-month,Yes,Bank transfer (automatic),56.08,79.2,Yes
6589-5382,Male,1,No,Yes,28,Yes,Yes,Fiber optic,Yes,No,No,Yes,Yes,No,Two year,No,Credit card (automatic),77.34,2198.83,No
6590-1090,Male,0,No,No,61,Yes,No,No,No internet service,No internet service,No internet service,No internet service,No internet service,No internet service,Month-to-month,No,Electronic check,27.44,1500.63,No
6591-9695,Male,0,No,No,69,Yes,No,DSL,No,No,No,Yes,No,Yes,Two year,Yes,Mailed check,60.53,4046.38,No
6592-4330,Female,0,No,No,6,Yes,No,Fiber optic,Yes,No,Yes,No,No,No,One year,No,Credit card (automatic),89.17,639.16,No
6593-7805,Female,0,Yes,Yes,55,Yes,Yes,DSL,Yes,No,No,Yes,No,No,Month-to-month,Yes,Mailed check,72.74,4086.31,No
6594-9609,Female,0,No,Yes,16,Yes,No,Fiber optic,No,Yes,Yes,No,Yes,Yes,Month-to-month,No,Mailed check,92.73,1503.38,Yes
6595-5472,Female,1,No,No,58,Yes,Yes,DSL,No,No,No,Yes,Yes,Yes,One year,No,Bank transfer (automatic),67.76,3912.75,No
6596-8755,Male,0,No,No,32,Yes,No,DSL,Yes,Yes,Yes,Yes,Yes,No,One year,Yes,Bank transfer (automatic),57.62,1812.38,No
6597-5312,Female,0,No,No,8,Yes,No,No,No internet service,No internet service,No internet service,No internet service,No internet service,No internet service,Month-to-month,Yes,Mailed check,29.23,183.84,Yes
6598-2190,Male,0,Yes,No,14,Yes,Yes,Fiber optic,Yes,No,Yes,No,No,Yes,One year,Yes,Credit card (automatic),86.68,1162.14,No
6599-1238,Male,0,Yes,No,68,Yes,Yes,DSL,Yes,No,Yes,No,Yes,No,Month-to-month,Yes,Electronic check,66.31,4482.07,No
6600-2220,Male,0,No,Yes,56,Yes,Yes,DSL,Yes,No,No,No,No,No,Month-to-month,No,Electronic check,57.4,3343.63,No
6601-9481,Female,0,Yes,No,2,No,No phone service,No,No internet service,No internet service,No internet service,No internet service,No internet service,No internet service,Month-to-month,No,Mailed check,18.25,1.51,No
6602-5275,Female,0,No,No,69,Yes,Yes,Fiber optic,No,Yes,Yes,Yes,No,No,Month-to-month,No,Bank transfer (automatic),85.77,5921.15,No
6603-3872,Female,0,No,No,61,Yes,No,No,No internet service,No internet service,No internet service,No internet service,No internet service,No internet service,One year,Yes,Electronic check,26.22,1452.26,No
6604-5014,Female,0,No,No,39,Yes,No,Fiber optic,Yes,No,No,No,No,Yes,Month-to-month,No,Electronic check,89.67,3429.49,No
6605-3303,Male,0,Yes,No,2,Yes,No,Fiber optic,Yes,No,No,No,Yes,No,Two year,Yes,Mailed check,102.82,175.06,Yes
6606-8834,Male,0,Yes,No,31,Yes,No,Fiber optic,No,No,No,No,No,No,Month-to-month,Yes,Mailed check,82.84,2571.26,No
6607-9993,Female,0,No,No,11,Yes,No,Fiber optic,No,Yes,No,No,Yes,No,Two year,Yes,Bank transfer (automatic),103.83,1121.55,Yes
6608-1764,Male,0,No,No,26,Yes,Yes,No,No internet service,No internet service,No internet service,No internet service,No internet service,No internet service,Two year,No,Bank transfer (automatic),30.99,658.41,No
6609-7467,Male,0,No,No,23,Yes,No,DSL,No,No,No,No,No,No,Month-to-month,No,Credit card (automatic),51.58,1204.27,No
6610-4020,Female,0,Yes,No,52,Yes,No,Fiber optic,No,No,No,Yes,Yes,Yes,Two year,Yes,Bank transfer (automatic),88.88,4659.64,No
6611-1426,Male,0,Yes,No,53,Yes,Yes,DSL,No,No,Yes,No,Yes,Yes,Month-to-month,Yes,Electronic check,74.7,4104.68,No
6612-9298,Male,0,No,No,12,Yes,Yes,No,No internet service,No internet service,No internet service,No internet service,No internet service,No internet service,Month-to-month,No,Credit card (automatic),31.83,352.95,No
6613-1556,Male,1,No,Yes,65,Yes,No,Fiber optic,No,No,Yes,No,No,Yes,Month-to-month,Yes,Electronic check,83.75,5454.85,No
6614-2852,Male,0,No,No,48,Yes,Yes,DSL,No,Yes,Yes,No,No,Yes,Month-to-month,No,Bank transfer (automatic),54.02,2569.86,No
6615-1229,Female,0,No,No,48,Yes,Yes,Fiber optic,No,No,Yes,No,No,No,Month-to-month,Yes,Electronic check,71.93,3451.63,No
6616-5241,Male,0,No,No,56,Yes,No,Fiber optic,No,Yes,No,Yes,No,Yes,One year,Yes,Mailed check,99.42,5591.64,No
6617-6395,Male,0,No,No,53,Yes,No,No,No internet service,No internet service,No internet service,No internet service,No internet service,No internet service,Month-to-month,Yes,Mailed check,27.38,1521.6,No
6618-3885,Female,0,No,Yes,57,Yes,No,Fiber optic,Yes,Yes,Yes,No,No,No,Month-to-month,Yes,Mailed check,71.94,4132.43,No
6619-1644,Male,1,No,Yes,21,Yes,No,DSL,No,No,No,No,Yes,No,Two year,Yes,Mailed check,59.62,1178.87,No
6620-2045,Male,0,No,No,50,Yes,Yes,Fiber optic,No,No,No,No,No,No,One year,No,Mailed check,80.49,3939.27,No
6621-9399,Female,0,Yes,No,71,Yes,No,DSL,Yes,Yes,No,No,No,Yes,One year,No,Bank transfer (automatic),71.4,5021.84,No
6622-8252,Female,0,No,No,55,Yes,Yes,Fiber optic,No,Yes,No,Yes,No,No,Month-to-month,No,Bank transfer (automatic),71.41,3857.43,No
6623-9431,Male,0,No,Yes,29,Yes,No,Fiber optic,Yes,No,No,Yes,No,Yes,Month-to-month,Yes,Mailed check,97.14,2762.77,No
6624-5776,Male,1,No,Yes,46,Yes,No,Fiber optic,No,Yes,No,Yes,Yes,Yes,Month-to-month,No,Credit card (automatic),107.33,4835.14,Yes
6625-5913,Female,0,Yes,No,66,Yes,No,Fiber optic,No,Yes,No,Yes,Yes,No,One year,Yes,Mailed check,92.98,6203.83,No
6626-8073,Female,0,Yes,Yes,47,Yes,No,DSL,No,No,Yes,Yes,Yes,No,Month-to-month,No,Bank transfer (automatic),74.27,3443.62,No
6627-6549,Male,1,No,No,56,Yes,No,No,No internet service,No internet service,No internet service,No internet service,No internet service,No internet service,Two year,Yes,Electronic check,34.66,1913.15,No
6628-4927,Female,1,No,No,64,Yes,Yes,No,No internet service,No internet service,No internet service,No internet service,No internet service,No internet service,Month-to-month,Yes,Credit card (automatic),27.99,1881.04,No
6629-3626,Female,0,Yes,No,26,Yes,Yes,Fiber optic,Yes,No,Yes,Yes,Yes,No,Month-to-month,No,Electronic check,81.75,2067.85,No
6630-5369,Female,0,Yes,No,24,Yes,No,Fiber optic,Yes,No,No,Yes,Yes,Yes,Two year,No,Bank transfer (automatic),96.55,2341.36,No
6631-1575,Female,0,No,Yes,25,Yes,Yes,Fiber optic,No,No,No,No,No,No,Two year,Yes,Credit card (automatic),67.67,1804.24,No
6632-2731,Male,1,No,No,26,Yes,Yes,Fiber optic,No,Yes,Yes,No,Yes,Yes,Month-to-month,Yes,Mailed check,103.55,2571.23,Yes
6633-7636,Female,0,Yes,No,49,Yes,Yes,DSL,No,No,Yes,No,No,No,Month-to-month,Yes,Electronic check,57.44,2834.06,No
6634-8811,Male,0,Yes,No,35,Yes,No,Fiber optic,Yes,Yes,No,No,No,Yes,Month-to-month,No,Mailed check,105.89,3772.02,Yes
6635-1915,Male,0,Yes,No,68,Yes,No,DSL,No,No,Yes,No,Yes,Yes,Month-to-month,Yes,Credit card (automatic),71.2,4823.24,No
6636-1872,Male,0,Yes,No,50,Yes,Yes,No,No internet service,No internet service,No internet service,No internet service,No internet service,No internet service,One year,Yes,Credit card (automatic),30.32,1417.59,No
6637-1769,Male,0,Yes,Yes,49,Yes,No,No,No internet service,No internet service,No internet service,No internet service,No internet service,No internet service,One year,Yes,Electronic check,30.42,1477.48,No
6638-8123,Male,0,No,No,69,Yes,Yes,DSL,No,No,No,Yes,No,Yes,Two year,No,Credit card (automatic),71.21,5014.23,No
6639-3800,Male,0,No,Yes,62,Yes,No,Fiber optic,Yes,No,No,No,No,Yes,One year,Yes,Bank transfer (automatic),75.35,4602.35,No
6640-3940,Male,0,Yes,Yes,2,No,No phone service,DSL,No,No,No,No,No,No,One year,No,Bank transfer (automatic),44.8,126.25,No
6641-1112,Female,0,Yes,No,70,Yes,No,DSL,No,No,No,Yes,Yes,No,Two year,No,Electronic check,64.9,4491.07,No
6642-9752,Male,0,No,Yes,64,Yes,No,DSL,Yes,No,Yes,Yes,Yes,No,Month-to-month,Yes,Mailed check,84.52,5516.49,No
6643-4905,Female,0,Yes,Yes,24,Yes,No,Fiber optic,Yes,No,No,No,No,No,Two year,Yes,Electronic check,94.6,2260.06,No
6644-8176,Female,0,No,Yes,17,Yes,No,No,No internet service,No internet service,No internet service,No internet service,No internet service,No internet service,Month-to-month,No,Bank transfer (automatic),30.29,415.2,No
6645-7368,Female,0,Yes,No,39,Yes,Yes,DSL,No,Yes,Yes,No,Yes,No,One year,Yes,Mailed check,56.79,2218.79,No
6646-2275,Male,0,No,No,72,Yes,Yes,No,No internet service,No internet service,No internet service,No internet service,No internet service,No internet service,One year,Yes,Bank transfer (automatic),32.68,2264.61,No
6647-8211,Male,0,No,No,44,Yes,Yes,Fiber optic,Yes,No,No,No,No,Yes,Two year,No,Bank transfer (automatic),82.14,3600.31,No
6648-5952,Female,0,Yes,Yes,42,Yes,No,DSL,Yes,No,Yes,No,Yes,Yes,Month-to-month,Yes,Bank transfer (automatic),76.2,3236.75,No
6649-6438,Male,0,No,Yes,15,Yes,No,Fiber optic,Yes,Yes,Yes,No,No,Yes,Month-to-month,Yes,Electronic check,81.73,1223.83,No
6650-2802,Female,0,No,No,65,No,No phone service,Fiber optic,No,No,Yes,No,No,No,Month-to-month,No,Electronic check,57.44,3775.37,No
6651-8621,Female,0,Yes,Yes,58,Yes,No,Fiber optic,No,No,No,Yes,No,Yes,Two year,No,Mailed check,73.49,4390.82,No
6652-9384,Female,0,No,No,4,Yes,No,Fiber optic,Yes,No,No,No,No,Yes,Month-to-month,No,Mailed check,110.87,399.82,Yes
6653-4658,Male,0,Yes,Yes,19,Yes,No,DSL,No,No,No,No,No,No,Two year,Yes,Electronic check,50.87,964.06,No
6654-1832,Female,0,No,No,64,Yes,No,Fiber optic,No,No,Yes,Yes,Yes,Yes,Month-to-month,Yes,Electronic check,105.72,6781.29,No
6655-8638,Female,0,No,Yes,51,Yes,No,Fiber optic,Yes,No,Yes,No,No,Yes,One year,No,Electronic check,103.06,5300.48,Yes
6656-8985,Male,0,Yes,No,29,Yes,No,No,No internet service,No internet service,No internet service,No internet service,No internet service,No internet service,Month-to-month,Yes,Mailed check,27.43,865.37,No
6657-5557,Female,1,Yes,No,38,Yes,Yes,Fiber optic,No,No,Yes,No,No,No,Month-to-month,No,Credit card (automatic),84.12,3171.79,No
6658-6211,Male,0,Yes,Yes,9,Yes,No,DSL,No,No,Yes,No,Yes,Yes,Two year,No,Electronic check,72.19,539.87,No
6659-3007,Male,0,No,No,61,Yes,No,No,No internet service,No internet service,No internet service,No internet service,No internet service,No internet service,One year,No,Electronic check,27.56,1713.67,No
6660-1607,Female,0,Yes,No,46,Yes,Yes,DSL,No,No,No,No,No,Yes,One year,No,Electronic check,68.24,3137.42,No
6661-9496,Male,0,Yes,No,37,Yes,No,DSL,No,No,No,Yes,Yes,Yes,One year,Yes,Bank transfer (automatic),72.48,2807.25,No
6662-5346,Male,0,No,No,44,Yes,No,Fiber optic,No,No,No,No,No,Yes,Month-to-month,No,Electronic check,104.43,4593.07,No
6663-3474,Female,0,No,Yes,42,No,No phone service,DSL,No,Yes,Yes,Yes,Yes,No,Month-to-month,No,Electronic check,51.38,2156.67,No
6664-7238,Female,0,No,No,31,Yes,No,Fiber optic,Yes,Yes,Yes,Yes,No,Yes,Two year,No,Credit card (automatic),68.77,2116.45,No
6665-1235,Female,1,No,Yes,13,Yes,Yes,Fiber optic,Yes,Yes,Yes,No,Yes,Yes,One year,Yes,Bank transfer (automatic),86.69,975.37,No
6666-1719,Female,0,Yes,No,35,Yes,No,No,No internet service,No internet service,No internet service,No internet service,No internet service,No internet service,Two year,Yes,Credit card (automatic),28.86,991.14,No
6667-3183,Female,0,No,No,58,Yes,Yes,Fiber optic,No,Yes,No,No,No,No,Two year,No,Bank transfer (automatic),91.11,5237.04,No
6668-5055,Female,0,No,Yes,3,Yes,No,Fiber optic,No,No,No,Yes,Yes,No,Two year,Yes,Electronic check,87.68,66.55,No
6669-4299,Male,1,Yes,No,29,Yes,No,No,No internet service,No internet service,No internet service,No internet service,No internet service,No internet service,Two year,Yes,Bank transfer (automatic),32.35,948.71,No
6670-2685,Female,0,No,No,59,Yes,No,Fiber optic,Yes,No,Yes,No,No,No,Month-to-month,Yes,Electronic check,70.09,4119.56,No
6671-4161,Female,0,No,Yes,42,Yes,No,DSL,No,No,No,No,Yes,No,One year,Yes,Electronic check,63.88,2511.57,No
6672-4004,Female,0,Yes,No,1,Yes,No,Fiber optic,No,No,No,No,No,No,Month-to-month,Yes,Mailed check,88.93,35.68,Yes
6673-5721,Male,0,Yes,No,61,Yes,Yes,No,No internet service,No internet service,No internet service,No internet service,No internet service,No internet service,One year,No,Credit card (automatic),29.98,1891.85,No
6674-6064,Female,0,Yes,No,3,Yes,No,Fiber optic,Yes,Yes,Yes,No,Yes,Yes,Two year,Yes,Credit card (automatic),84.45,206.81,No
6675-8947,Female,0,No,No,34,Yes,Yes,Fiber optic,No,No,No,No,Yes,Yes,Two year,No,Electronic check,102.44,3433.86,Yes
6676-8260,Female,0,Yes,No,8,Yes,No,Fiber optic,No,No,No,No,No,Yes,Month-to-month,Yes,Mailed check,80.72,603.18,No
6677-3630,Female,0,No,No,20,Yes,No,DSL,No,No,No,No,No,Yes,One year,Yes,Bank transfer (automatic),73.56,1544.12,No
6678-9123,Female,0,Yes,No,28,Yes,No,Fiber optic,No,Yes,No,Yes,No,No,Month-to-month,Yes,Bank transfer (automatic),75.59,2236.19,No
6679-5686,Male,0,No,No,19,Yes,Yes,Fiber optic,No,No,Yes,No,No,Yes,One year,No,Electronic check,77.61,1555.52,No
6680-2688,Male,0,No,No,63,Yes,Yes,Fiber optic,Yes,Yes,No,No,No,No,Month-to-month,Yes,Mailed check,88.66,5622.62,No
6681-4060,Female,1,Yes,No,41,Yes,Yes,Fiber optic,No,No,No,No,No,No,Month-to-month,Yes,Bank transfer (automatic),81.25,3443.32,No
6682-7675,Female,1,Yes,Yes,26,Yes,No,Fiber optic,No,No,Yes,No,Yes,Yes,Month-to-month,Yes,Credit card (automatic),97.62,2468.91,Yes
6683-8395,Female,0,No,No,21,Yes,No,Fiber optic,No,Yes,No,No,Yes,No,Month-to-month,No,Electronic check,88.56,1939.86,No
6684-4366,Female,0,Yes,No,36,Yes,No,No,No internet service,No internet service,No internet service,No internet service,No internet service,No internet service,Month-to-month,Yes,Electronic check,33.2,1271.98,No
6685-2418,Female,0,Yes,No,24,Yes,No,Fiber optic,No,No,No,No,No,Yes,Two year,Yes,Bank transfer (automatic),105.48,2358.55,No
6686-2726,Male,1,No,Yes,58,Yes,Yes,No,No internet service,No internet service,No internet service,No internet service,No internet service,No internet service,Month-to-month,Yes,Mailed check,26.53,1584.79,No
6687-1931,Female,0,No,No,17,Yes,Yes,DSL,No,No,Yes,No,No,Yes,Two year,Yes,Bank transfer (automatic),57.04,1132.44,No
6688-7287,Female,0,No,Yes,50,Yes,No,DSL,No,No,Yes,Yes,Yes,No,One year,Yes,Electronic check,52.48,2672.01,No
6689-5526,Female,0,No,No,32,Yes,Yes,No,No internet service,No internet service,No internet service,No internet service,No internet service,No internet service,Month-to-month,Yes,Bank transfer (automatic),27.71,1004.7,No
6690-5060,Male,0,No,No,19,Yes,Yes,Fiber optic,No,Yes,Yes,Yes,Yes,No,Month-to-month,No,Electronic check,95.32,1813.6,Yes
6691-7046,Male,0,No,No,34,Yes,Yes,No,No internet service,No internet service,No internet service,No internet service,No internet service,No internet service,Month-to-month,No,Electronic check,27.64,907.66,No
6692-8457,Female,0,Yes,No,8,Yes,No,Fiber optic,No,No,No,No,No,No,Month-to-month,Yes,Credit card (automatic),83.58,667.82,No
6693-8158,Female,0,No,No,38,Yes,Yes,DSL,No,Yes,No,Yes,No,Yes,Month-to-month,Yes,Electronic check,82.09,3129.73,Yes
6694-2234,Male,0,No,No,52,Yes,No,Fiber optic,No,Yes,Yes,No,Yes,No,Month-to-month,Yes,Mailed check,103.13,5314.69,No
6695-6306,Male,1,No,No,43,Yes,No,DSL,Yes,Yes,No,No,Yes,Yes,One year,No,Mailed check,83.27,3590.15,No
6696-8941,Male,0,No,Yes,1,Yes,No,Fiber optic,Yes,No,No,No,Yes,Yes,One year,Yes,Mailed check,102.37,123.71,Yes
6697-7963,Male,0,Yes,Yes,42,Yes,Yes,Fiber optic,Yes,No,No,No,No,No,Month-to-month,No,Credit card (automatic),89.26,3779.88,No
6698-3964,Male,0,No,Yes,1,Yes,Yes,Fiber optic,No,No,No,Yes,Yes,No,Two year,No,Mailed check,86.13,243.06,No
6699-4533,Female,0,No,Yes,26,Yes,No,Fiber optic,No,No,No,No,No,No,Two year,No,Bank transfer (automatic),89.16,2392.32,No
6700-9010,Male,0,Yes,No,46,Yes,Yes,Fiber optic,Yes,No,No,No,Yes,No,One year,Yes,Mailed check,86.08,3955.32,No
6701-1295,Female,0,Yes,No,65,Yes,No,No,No internet service,No internet service,No internet service,No internet service,No internet service,No internet service,Two year,Yes,Bank transfer (automatic),36.11,2354.95,No
6702-5728,Female,1,No,No,71,Yes,Yes,DSL,Yes,No,No,No,Yes,No,Two year,No,Credit card (automatic),66.38,4819.3,No
6703-2044,Female,1,Yes,No,37,Yes,No,DSL,Yes,No,No,Yes,Yes,Yes,Month-to-month,Yes,Credit card (automatic),71.23,2626.83,No
6704-9050,Female,0,No,No,15,Yes,No,DSL,Yes,Yes,Yes,No,No,Yes,Two year,Yes,Credit card (automatic),61.52,820.61,No
6705-1348,Female,0,No,No,60,Yes,No,Fiber optic,No,Yes,No,No,No,No,One year,No,Credit card (automatic),87.19,5192.24,No
6706-1210,Female,0,No,Yes,25,Yes,No,DSL,No,Yes,No,No,No,Yes,Month-to-month,No,Bank transfer (automatic),61.48,1574.95,Yes
6707-3960,Female,0,No,No,40,Yes,Yes,Fiber optic,Yes,No,Yes,Yes,No,No,Month-to-month,Yes,Bank transfer (automatic),73.32,2878.25,No
6708-2801,Male,0,Yes,No,14,Yes,Yes,DSL,Yes,No,No,No,Yes,Yes,Two year,Yes,Bank transfer (automatic),78.38,1090.05,No
6709-5458,Male,1,Yes,No,27,Yes,Yes,DSL,No,No,Yes,No,Yes,No,Month-to-month,No,Electronic check,59.56,1635.56,No
6710-3695,Female,0,No,Yes,35,Yes,No,Fiber optic,No,Yes,Yes,Yes,No,Yes,Two year,No,Credit card (automatic),91.07,3185.69,No
6711-4206,Male,0,Yes,No,53,Yes,Yes,No,No internet service,No internet service,No internet service,No internet service,No internet service,No internet service,Two year,No,Bank transfer (automatic),32.44,1586.43,No
6712-6083,Female,1,No,No,65,Yes,No,DSL,No,Yes,No,Yes,No,No,Month-to-month,Yes,Bank transfer (automatic),45.94,2982.73,No
6713-6044,Male,1,Yes,No,12,Yes,Yes,DSL,No,No,No,No,No,No,Month-to-month,No,Bank transfer (automatic),51.35,600.66,No
6714-9413,Male,0,Yes,No,40,Yes,Yes,DSL,No,No,No,No,No,No,Month-to-month,Yes,Bank transfer (automatic),55.76,2168.85,No
6715-5325,Male,0,No,No,70,Yes,No,No,No internet service,No internet service,No internet service,No internet service,No internet service,No internet service,Two year,Yes,Electronic check,27.39,1932.12,No
6716-6077,Female,0,No,No,1,Yes,Yes,Fiber optic,No,No,Yes,No,Yes,Yes,Month-to-month,No,Credit card (automatic),89.22,67.72,Yes
6717-7100,Male,0,No,No,41,Yes,Yes,No,No internet service,No internet service,No internet service,No internet service,No internet service,No internet service,Month-to-month,No,Electronic check,28.29,1110.96,No
6718-2567,Female,0,Yes,No,56,Yes,Yes,DSL,No,Yes,No,No,Yes,No,Month-to-month,Yes,Bank transfer (automatic),56.02,3103.21,Yes
6719-7001,Male,0,No,No,7,Yes,No,DSL,No,Yes,No,Yes,No,Yes,Month-to-month,Yes,Mailed check,69.57,412.48,No
6720-8756,Male,0,No,No,48,Yes,Yes,Fiber optic,Yes,Yes,No,No,Yes,No,Two year,Yes,Electronic check,109.55,5268.33,No
6721-3862,Female,0,No,Yes,30,Yes,Yes,Fiber optic,Yes,No,Yes,No,No,Yes,Month-to-month,Yes,Credit card (automatic),86.66,2534.17,No
6722-2604,Female,0,Yes,No,43,Yes,Yes,No,No internet service,No internet service,No internet service,No internet service,No internet service,No internet service,Two year,No,Mailed check,31.42,1300.54,No
6723-4115,Female,0,Yes,No,52,Yes,No,DSL,No,No,No,No,No,No,Month-to-month,No,Credit card (automatic),59.05,3019.82,No
6724-3475,Male,0,No,Yes,10,Yes,No,No,No internet service,No internet service,No internet service,No internet service,No internet service,No internet service,Month-to-month,Yes,Mailed check,31.02,164.73,No
6725-6265,Male,0,No,No,4,Yes,Yes,Fiber optic,No,No,Yes,No,No,No,Two year,Yes,Credit card (automatic),96.74,332.45,No
6726-8772,Male,0,Yes,No,23,Yes,No,Fiber optic,Yes,No,Yes,No,No,No,Two year,Yes,Electronic check,63.61,1439.72,No
6727-6367,Male,1,Yes,No,19,Yes,Yes,No,No internet service,No internet service,No internet service,No internet service,No internet service,No internet service,Two year,Yes,Credit card (automatic),29.64,546.61,No
6728-2129,Male,0,No,No,21,Yes,No,Fiber optic,Yes,No,No,Yes,No,Yes,One year,Yes,Credit card (automatic),89.73,1985.43,No
6729-3831,Male,0,No,Yes,67,No,No phone service,Fiber optic,No,Yes,Yes,No,Yes,No,One year,No,Credit card (automatic),89.05,5986.29,No
6730-7203,Female,0,No,Yes,50,Yes,No,Fiber optic,Yes,Yes,No,No,No,No,Two year,No,Bank transfer (automatic),100.99,5039.64,No
6731-3972,Male,1,No,No,26,Yes,Yes,DSL,No,No,No,No,Yes,No,Month-to-month,No,Credit card (automatic),67.56,1780.27,No
6732-6276,Female,0,No,Yes,44,Yes,No,DSL,No,No,No,No,No,No,Month-to-month,No,Electronic check,48.36,2129.96,No
6733-7245,Male,0,No,No,11,Yes,No,No,No internet service,No internet service,No internet service,No internet service,No internet service,No internet service,One year,Yes,Bank transfer (automatic),27.18,332.22,No
6734-3962,Male,1,No,No,13,Yes,Yes,No,No internet service,No internet service,No internet service,No internet service,No internet service,No internet service,Two year,No,Mailed check,22.85,237.12,No
6735-6826,Female,0,Yes,Yes,7,Yes,No,No,No internet service,No internet service,No internet service,No internet service,No internet service,No internet service,Month-to-month,Yes,Electronic check,33.96,220.24,No
6736-4582,Male,0,No,Yes,31,Yes,No,Fiber optic,Yes,Yes,No,No,No,Yes,Two year,Yes,Bank transfer (automatic),84.56,2539.29,Yes
6737-2215,Female,0,No,No,45,No,No phone service,Fiber optic,No,Yes,Yes,No,Yes,No,Two year,Yes,Mailed check,61.85,2775.14,No
6738-4349,Male,1,No,No,37,Yes,No,DSL,No,No,Yes,No,No,No,One year,No,Electronic check,57.64,2092.94,No
6739-4968,Female,0,Yes,No,40,Yes,No,Fiber optic,No,No,Yes,Yes,Yes,No,Month-to-month,No,Electronic check,108.37,4418.32,Yes
6740-1021,Female,0,No,No,11,Yes,No,Fiber optic,Yes,No,No,No,No,No,Two year,Yes,Electronic check,85.86,957.37,No
6741-9033,Male,0,No,Yes,47,Yes,No,Fiber optic,No,No,Yes,No,No,No,Two year,No,Credit card (automatic),67.03,3290.26,No
6742-5750,Female,0,Yes,No,40,Yes,Yes,Fiber optic,No,No,Yes,No,No,No,Month-to-month,No,Electronic check,85.58,3462.49,Yes
6743-1326,Male,0,No,No,69,No,No phone service,DSL,Yes,Yes,No,No,Yes,No,Month-to-month,Yes,Mailed check,62.09,4419.29,No
6744-8811,Female,0,Yes,No,18,Yes,No,Fiber optic,Yes,No,Yes,Yes,Yes,No,Two year,Yes,Electronic check,103.23,1980.96,No
6745-8695,Female,0,Yes,No,4,Yes,Yes,Fiber optic,No,Yes,No,Yes,Yes,Yes,Month-to-month,Yes,Mailed check,108.76,394.93,Yes
6746-1108,Female,0,Yes,No,33,Yes,Yes,No,No internet service,No internet service,No internet service,No internet service,No internet service,No internet service,Two year,No,Bank transfer (automatic),32.25,1152.9,No
6747-2468,Female,0,No,No,14,Yes,Yes,Fiber optic,No,No,No,No,No,Yes,Month-to-month,Yes,Bank transfer (automatic),103.25,1505.06,Yes
6748-4273,Female,1,Yes,No,12,Yes,Yes,Fiber optic,Yes,Yes,Yes,Yes,Yes,No,One year,Yes,Mailed check,87.7,910.81,Yes
6749-5564,Male,0,No,No,17,Yes,No,Fiber optic,No,No,Yes,No,No,Yes,Month-to-month,No,Electronic check,100.49,1623.46,No
6750-7531,Male,0,No,No,49,Yes,Yes,DSL,Yes,No,No,Yes,No,No,Month-to-month,No,Mailed check,58.21,2796.02,No
6751-4818,Male,0,No,No,31,Yes,No,DSL,No,No,Yes,No,No,No,Month-to-month,No,Electronic check,63.99,1931.34,No
6752-6504,Female,0,No,No,63,Yes,No,No,No internet service,No internet service,No internet service,No internet service,No internet service,No internet service,One year,No,Mailed check,33.29,2101.49,No
6753-1091,Male,0,No,Yes,8,No,No phone service,DSL,No,Yes,Yes,No,Yes,No,One year,Yes,Electronic check,60.27,492.64,Yes
6754-6926,Male,0,Yes,Yes,68,Yes,No,Fiber optic,Yes,Yes,No,Yes,No,No,Month-to-month,No,Mailed check,84.44,5702.6,No
6755-9237,Male,0,Yes,No,29,Yes,No,Fiber optic,No,Yes,No,Yes,Yes,No,Two year,Yes,Electronic check,74.7,2058.78,No
6756-5735,Male,0,Yes,No,38,Yes,No,No,No internet service,No internet service,No internet service,No internet service,No internet service,No internet service,Month-to-month,Yes,Electronic check,29.61,1159.58,No
6757-5093,Female,0,No,No,59,Yes,No,Fiber optic,Yes,No,No,No,No,No,Month-to-month,Yes,Bank transfer (automatic),97.44,5586.01,No
6758-3673,Female,0,Yes,Yes,35,Yes,Yes,Fiber optic,Yes,Yes,Yes,No,Yes,Yes,Month-to-month,No,Electronic check,109.72,3746.66,No
6759-9587,Male,0,No,Yes,11,No,No phone service,Fiber optic,No,No,No,No,Yes,Yes,Two year,Yes,Mailed check,91.74,993.87,No
6760-1298,Male,0,No,No,17,Yes,No,DSL,No,No,No,Yes,Yes,Yes,Month-to-month,No,Credit card (automatic),62.28,903.1,No
6761-3580,Male,0,No,No,66,Yes,No,Fiber optic,No,No,Yes,Yes,Yes,Yes,Month-to-month,Yes,Electronic check,93.87,6181.25,No
6762-2248,Male,0,Yes,No,5,Yes,Yes,DSL,Yes,No,Yes,No,Yes,Yes,Month-to-month,No,Bank transfer (automatic),75.82,312.68,Yes
6763-8795,Male,0,Yes,No,66,Yes,No,Fiber optic,No,No,Yes,Yes,No,No,Two year,Yes,Bank transfer (automatic),77.51,5187.18,No
6764-5342,Female,0,Yes,No,49,Yes,No,DSL,No,Yes,No,No,No,Yes,One year,No,Credit card (automatic),69.82,3315.53,No
6765-9300,Female,0,No,No,37,Yes,No,No,No internet service,No internet service,No internet service,No internet service,No internet service,No internet service,One year,No,Credit card (automatic),28.67,1101.32,No
6766-6985,Female,1,No,No,23,Yes,Yes,DSL,No,No,Yes,No,No,No,Two year,Yes,Credit card (automatic),54.45,1303.53,Yes
6767-6010,Male,0,No,No,62,Yes,No,DSL,No,Yes,Yes,No,No,No,Month-to-month,Yes,Credit card (automatic),51.9,3269.7,No
6768-5656,Male,0,No,Yes,2,Yes,Yes,Fiber optic,No,No,Yes,No,No,No,Month-to-month,No,Bank transfer (automatic),85.11,195.41,Yes
6769-2823,Female,0,No,No,51,No,No phone service,DSL,Yes,No,Yes,No,No,No,Month-to-month,No,Mailed check,52.84,2769.84,No
6770-6057,Male,0,Yes,Yes,15,Yes,Yes,DSL,No,No,Yes,Yes,No,Yes,Month-to-month,Yes,Bank transfer (automatic),36.61,553.59,No
6771-7166,Male,0,Yes,No,26,Yes,No,No,No internet service,No internet service,No internet service,No internet service,No internet service,No internet service,One year,Yes,Electronic check,22.93,525.28,No
6772-9687,Male,1,Yes,No,4,Yes,No,DSL,No,No,Yes,No,Yes,No,Month-to-month,Yes,Bank transfer (automatic),69.22,412.48,No
6773-5940,Male,0,Yes,No,41,Yes,Yes,Fiber optic,No,No,Yes,No,Yes,No,Month-to-month,No,Bank transfer (automatic),89.75,3732.7,No
6774-9448,Male,0,Yes,No,10,Yes,Yes,Fiber optic,No,Yes,No,No,Yes,No,Month-to-month,Yes,Electronic check,96.78,982.94,Yes
6775-9499,Male,0,No,No,8,Yes,No,DSL,No,Yes,Yes,No,Yes,No,Month-to-month,No,Electronic check,58.65,487.64,No
6776-5702,Female,0,Yes,Yes,24,Yes,No,DSL,Yes,Yes,No,No,No,Yes,Two year,Yes,Electronic check,65.19,1558.89,No
6777-4953,Female,1,Yes,No,36,Yes,No,Fiber optic,Yes,No,Yes,Yes,No,No,Two year,Yes,Electronic check,85.11,3079.42,No
6778-2284,Male,1,Yes,No,68,Yes,No,No,No internet service,No internet service,No internet service,No internet service,No internet service,No internet service,Month-to-month,No,Mailed check,32.16,2291.03,No
6779-3416,Female,0,Yes,No,60,Yes,No,Fiber optic,No,Yes,No,No,No,No,Month-to-month,No,Credit card (automatic),64.95,3817.01,No
6780-8910,Male,1,Yes,Yes,29,Yes,Yes,DSL,Yes,No,No,Yes,Yes,Yes,One year,Yes,Electronic check,60.97,1820.91,No
6781-2244,Male,0,Yes,No,42,Yes,Yes,DSL,No,Yes,Yes,Yes,Yes,No,Two year,Yes,Electronic check,75.04,3105.83,No
6782-4573,Male,0,Yes,No,56,Yes,Yes,Fiber optic,No,No,Yes,No,Yes,No,One year,No,Credit card (automatic),100.38,5474.67,No
6783-7287,Female,0,No,No,27,Yes,Yes,Fiber optic,Yes,No,Yes,Yes,Yes,Yes,One year,No,Mailed check,98.85,2507.38,No
6784-3165,Male,0,Yes,No,56,No,No phone service,Fiber optic,No,No,No,Yes,No,Yes,Month-to-month,Yes,Electronic check,81.08,4440.77,No
6785-9766,Female,0,Yes,No,48,No,No phone service,Fiber optic,Yes,No,No,Yes,Yes,No,One year,Yes,Bank transfer (automatic),68.58,3218.4,No
6786-6844,Male,0,No,No,51,Yes,No,No,No internet service,No internet service,No internet service,No internet service,No internet service,No internet service,One year,No,Credit card (automatic),33.09,1564.65,No
6787-1255,Male,0,Yes,No,71,Yes,Yes,No,No internet service,No internet service,No internet service,No internet service,No internet service,No internet service,Month-to-month,No,Credit card (automatic),30.7,2199.05,No
6788-3224,Male,0,No,Yes,27,Yes,Yes,Fiber optic,No,Yes,Yes,No,Yes,Yes,Month-to-month,Yes,Electronic check,92.0,2411.66,No
6789-7663,Male,0,Yes,No,4,Yes,Yes,No,No internet service,No internet service,No internet service,No internet service,No internet service,No internet service,One year,No,Bank transfer (automatic),28.66,201.42,No
6790-8767,Female,1,No,Yes,39,Yes,Yes,Fiber optic,No,Yes,No,No,No,No,Month-to-month,Yes,Mailed check,79.44,3207.47,No
6791-9341,Female,0,No,No,24,Yes,Yes,DSL,No,Yes,No,No,Yes,No,Month-to-month,No,Bank transfer (automatic),57.12,1443.5,Yes
6792-8659,Male,0,No,No,4,Yes,No,Fiber optic,No,No,No,Yes,Yes,Yes,Month-to-month,Yes,Electronic check,69.35,348.37,No
6793-1672,Female,0,Yes,No,11,Yes,Yes,Fiber optic,No,Yes,Yes,No,No,No,Month-to-month,Yes,Credit card (automatic),88.84,1137.33,No
6794-7566,Female,0,Yes,No,38,No,No phone service,No,No internet service,No internet service,No internet service,No internet service,No internet service,No internet service,Month-to-month,Yes,Credit card (automatic),18.25,692.07,No
6795-1991,Male,0,Yes,No,69,Yes,No,No,No internet service,No internet service,No internet service,No internet service,No internet service,No internet service,One year,Yes,Bank transfer (automatic),31.37,2183.11,No
6796-1688,Male,0,No,Yes,24,Yes,Yes,Fiber optic,No,Yes,No,No,No,No,Two year,Yes,Electronic check,79.94,1957.32,No
6797-7226,Male,0,Yes,Yes,39,Yes,No,Fiber optic,No,Yes,No,No,No,Yes,Month-to-month,Yes,Credit card (automatic),82.56,3309.28,No
6798-5303,Male,0,No,Yes,12,Yes,No,DSL,Yes,Yes,No,Yes,Yes,No,One year,Yes,Bank transfer (automatic),68.96,753.57,No
6799-6831,Female,0,Yes,No,9,Yes,Yes,Fiber optic,Yes,No,No,No,No,Yes,Month-to-month,Yes,Electronic check,94.5,889.85,Yes
6800-8662,Male,0,No,No,57,Yes,Yes,Fiber optic,No,Yes,Yes,No,Yes,Yes,One year,No,Bank transfer (automatic),85.61,4798.26,No
6801-1619,Male,0,Yes,No,44,Yes,No,Fiber optic,No,No,Yes,No,No,No,Month-to-month,No,Mailed check,65.84,3046.71,No
6802-5747,Female,0,Yes,Yes,13,Yes,Yes,DSL,No,No,No,No,Yes,Yes,Month-to-month,No,Bank transfer (automatic),91.17,1196.6,Yes
6803-8508,Female,0,No,Yes,36,Yes,Yes,Fiber optic,Yes,No,No,No,Yes,No,Two year,No,Bank transfer (automatic),101.38,3667.48,No
6804-4962,Male,0,No,Yes,42,Yes,Yes,DSL,No,Yes,No,Yes,Yes,No,Two year,Yes,Electronic check,56.96,2327.44,No
6805-5710,Male,1,Yes,No,4,Yes,Yes,Fiber optic,Yes,Yes,No,Yes,No,Yes,Two year,Yes,Mailed check,72.15,227.08,No
6806-5480,Female,0,Yes,No,21,Yes,No,DSL,No,No,Yes,Yes,Yes,Yes,Month-to-month,No,Mailed check,76.23,1576.29,No
6807-9163,Female,0,No,Yes,63,No,No phone service,No,No internet service,No internet service,No internet service,No internet service,No internet service,No internet service,Month-to-month,Yes,Mailed check,18.25,1238.06,No
6808-1448,Female,0,No,No,26,Yes,No,No,No internet service,No internet service,No internet service,No internet service,No internet service,No internet service,Month-to-month,Yes,Mailed check,27.45,869.08,No
6809-8901,Female,0,No,Yes,51,Yes,Yes,Fiber optic,No,Yes,Yes,No,No,No,Two year,No,Electronic check,73.08,3668.89,No
6810-8346,Female,0,No,No,44,Yes,No,DSL,No,No,Yes,No,Yes,Yes,Month-to-month,No,Credit card (automatic),69.68,3095.9,No
6811-8311,Male,0,No,No,0,Yes,No,Fiber optic,No,No,No,Yes,No,Yes,Month-to-month,Yes,Mailed check,82.99,,No
6812-4710,Male,0,No,No,69,Yes,No,DSL,No,Yes,No,No,Yes,No,Month-to-month,Yes,Bank transfer (automatic),66.36,4728.63,No
6813-5642,Female,1,Yes,Yes,70,Yes,No,DSL,Yes,No,Yes,No,No,Yes,One year,No,Bank transfer (automatic),74.18,5109.17,No
6814-4320,Female,0,No,Yes,48,Yes,No,Fiber optic,Yes,No,No,No,No,No,One year,Yes,Credit card (automatic),73.63,3566.63,No
6815-3265,Female,0,No,Yes,11,No,No phone service,DSL,Yes,No,Yes,Yes,No,Yes,One year,No,Credit card (automatic),57.24,754.76,No
6816-8878,Male,1,Yes,No,61,No,No phone service,No,No internet service,No internet service,No internet service,No internet service,No internet service,No internet service,Two year,No,Bank transfer (automatic),18.25,1011.28,No
6817-5553,Male,0,No,No,0,Yes,No,No,No internet service,No internet service,No internet service,No internet service,No internet service,No internet service,Month-to-month,Yes,Mailed check,28.79,,No
6818-7509,Female,0,Yes,No,37,Yes,Yes,No,No internet service,No internet service,No internet service,No internet service,No internet service,No internet service,Month-to-month,Yes,Mailed check,26.22,1044.9,No
6819-1907,Female,0,Yes,No,31,Yes,Yes,DSL,No,No,No,No,No,No,One year,Yes,Mailed check,74.7,2247.28,No
6820-8099,Male,0,No,Yes,50,Yes,No,Fiber optic,Yes,No,No,No,No,Yes,One year,No,Mailed check,95.62,4699.85,No
6821-6928,Male,0,No,No,10,Yes,No,DSL,No,No,Yes,No,Yes,No,Month-to-month,No,Electronic check,68.28,758.66,No
6822-9977,Male,0,Yes,No,63,Yes,No,Fiber optic,Yes,No,No,No,No,Yes,One year,Yes,Mailed check,99.84,6325.28,Yes
6823-2205,Female,0,No,No,41,Yes,No,Fiber optic,No,No,No,Yes,No,No,Month-to-month,Yes,Bank transfer (automatic),62.22,2502.75,No
6824-5859,Male,0,Yes,No,19,Yes,No,Fiber optic,No,Yes,No,Yes,No,No,Month-to-month,Yes,Mailed check,85.93,1805.68,Yes
6825-5600,Male,0,No,Yes,22,Yes,Yes,DSL,No,Yes,No,Yes,No,No,Month-to-month,No,Mailed check,40.81,727.37,No
6826-5845,Male,1,Yes,No,50,Yes,No,DSL,No,Yes,No,Yes,Yes,No,Month-to-month,Yes,Credit card (automatic),60.06,2881.41,No
6827-1489,Female,0,No,Yes,13,No,No phone service,DSL,Yes,No,No,No,Yes,No,One year,Yes,Bank transfer (automatic),53.11,769.64,No
6828-5257,Male,0,Yes,Yes,21,Yes,No,DSL,No,No,Yes,No,No,No,Month-to-month,Yes,Mailed check,62.18,1187.71,No
6829-3695,Female,1,Yes,Yes,71,Yes,No,DSL,Yes,No,No,No,No,Yes,Two year,Yes,Electronic check,60.5,4264.82,No
6830-6555,Male,1,No,Yes,64,Yes,No,No,No internet service,No internet service,No internet service,No internet service,No internet service,No internet service,One year,No,Credit card (automatic),29.19,1952.19,No
6831-3088,Male,0,Yes,Yes,24,No,No phone service,DSL,No,Yes,No,No,Yes,No,Month-to-month,No,Electronic check,61.28,1342.17,No
6832-4915,Male,0,Yes,No,40,Yes,No,DSL,Yes,No,No,No,No,No,Two year,No,Bank transfer (automatic),56.24,2292.94,No
6833-6579,Male,0,Yes,No,30,Yes,No,No,No internet service,No internet service,No internet service,No internet service,No internet service,No internet service,Month-to-month,Yes,Electronic check,30.55,946.53,No
6834-1576,Female,0,No,No,14,Yes,Yes,No,No internet service,No internet service,No internet service,No internet service,No internet service,No internet service,Month-to-month,Yes,Bank transfer (automatic),33.26,477.7,No
6835-8080,Male,0,Yes,Yes,21,Yes,No,Fiber optic,No,No,Yes,Yes,Yes,Yes,Two year,Yes,Bank transfer (automatic),112.13,2592.23,Yes
6836-7440,Female,0,No,Yes,7,Yes,Yes,No,No internet service,No internet service,No internet service,No internet service,No internet service,No internet service,Month-to-month,No,Bank transfer (automatic),24.19,216.09,Yes
6837-1515,Female,0,Yes,Yes,61,Yes,Yes,DSL,Yes,No,No,No,Yes,No,Month-to-month,No,Electronic check,65.17,4018.01,No
6838-1582,Male,0,No,Yes,17,Yes,No,Fiber optic,No,Yes,No,No,Yes,No,One year,No,Credit card (automatic),89.03,1552.16,No
6839-8651,Male,0,No,No,14,Yes,Yes,No,No internet service,No internet service,No internet service,No internet service,No internet service,No internet service,Month-to-month,Yes,Mailed check,31.91,382.06,No
6840-3549,Female,0,Yes,Yes,46,Yes,Yes,Fiber optic,No,No,No,No,No,No,One year,Yes,Electronic check,85.09,3987.83,No
6841-8746,Male,0,No,Yes,9,Yes,Yes,DSL,No,No,No,Yes,Yes,Yes,One year,Yes,Electronic check,72.62,684.53,No
6842-5492,Male,0,Yes,No,69,Yes,Yes,Fiber optic,Yes,Yes,No,No,Yes,Yes,Month-to-month,Yes,Mailed check,112.63,7719.72,No
6843-4080,Female,1,Yes,No,64,Yes,Yes,Fiber optic,Yes,Yes,Yes,No,Yes,Yes,Two year,Yes,Bank transfer (automatic),90.98,5811.92,No
6844-3461,Male,1,No,Yes,30,Yes,Yes,No,No internet service,No internet service,No internet service,No internet service,No internet service,No internet service,Month-to-month,No,Electronic check,35.37,1025.52,Yes
6845-6930,Male,0,No,No,13,Yes,No,Fiber optic,No,Yes,Yes,No,Yes,Yes,Month-to-month,No,Mailed check,107.71,1352.71,No
6846-1987,Female,0,No,No,10,Yes,No,DSL,No,Yes,Yes,Yes,Yes,Yes,Month-to-month,Yes,Credit card (automatic),73.85,750.27,No
6847-4623,Male,1,No,No,62,Yes,Yes,Fiber optic,No,No,Yes,No,Yes,No,Month-to-month,Yes,Bank transfer (automatic),93.05,5717.13,No
6848-4112,Male,1,Yes,No,32,Yes,No,DSL,No,No,No,No,Yes,Yes,Month-to-month,Yes,Electronic check,73.08,2309.47,No
6849-2387,Male,1,No,No,42,Yes,Yes,DSL,No,Yes,Yes,No,No,No,Month-to-month,Yes,Mailed check,72.75,3045.25,No
6850-4175,Male,0,Yes,No,9,Yes,Yes,DSL,No,No,No,No,Yes,Yes,One year,Yes,Electronic check,70.16,599.94,No
6851-5757,Male,0,No,Yes,60,Yes,No,Fiber optic,Yes,No,Yes,Yes,Yes,No,Two year,Yes,Electronic check,79.14,4711.5,No
6852-7097,Male,0,No,No,37,Yes,No,Fiber optic,No,No,No,Yes,Yes,Yes,Month-to-month,Yes,Bank transfer (automatic),98.58,3678.39,No
6853-1777,Male,0,Yes,No,5,No,No phone service,Fiber optic,Yes,No,No,No,No,No,One year,Yes,Electronic check,59.97,337.15,No
6854-8850,Male,0,No,No,5,Yes,Yes,DSL,No,No,No,No,No,Yes,One year,No,Bank transfer (automatic),60.96,233.58,No
6855-8905,Male,0,No,No,70,Yes,No,Fiber optic,No,No,No,Yes,No,Yes,One year,No,Credit card (automatic),79.44,5400.7,No
6856-7227,Male,0,No,No,4,Yes,Yes,Fiber optic,No,No,No,No,No,No,Two year,Yes,Electronic check,82.34,352.29,No
6857-9317,Male,0,No,No,21,Yes,No,Fiber optic,No,No,Yes,Yes,No,No,One year,Yes,Electronic check,98.87,2035.95,No
6858-4851,Male,0,No,No,0,Yes,No,No,No internet service,No internet service,No internet service,No internet service,No internet service,No internet service,Two year,No,Electronic check,32.86,,No
6859-8393,Male,0,No,No,4,Yes,Yes,No,No internet service,No internet service,No internet service,No internet service,No internet service,No internet service,Two year,Yes,Bank transfer (automatic),26.18,154.53,No
6860-7544,Male,0,No,No,59,No,No phone service,DSL,No,No,Yes,No,No,No,One year,Yes,Electronic check,45.0,2727.48,No
6861-6062,Female,0,No,No,55,Yes,No,No,No internet service,No internet service,No internet service,No internet service,No internet service,No internet service,Month-to-month,Yes,Bank transfer (automatic),32.54,1500.58,No
6862-2615,Female,1,Yes,No,24,No,No phone service,No,No internet service,No internet service,No internet service,No internet service,No internet service,No internet service,Two year,No,Bank transfer (automatic),18.25,563.62,No
6863-6017,Male,0,Yes,Yes,13,Yes,Yes,Fiber optic,Yes,No,No,No,No,No,Month-to-month,No,Mailed check,88.57,1091.0,Yes
6864-9111,Male,0,No,No,18,Yes,No,No,No internet service,No internet service,No internet service,No internet service,No internet service,No internet service,Month-to-month,No,Electronic check,31.82,454.35,No
6865-9860,Female,0,No,No,25,Yes,Yes,Fiber optic,Yes,Yes,Yes,No,No,Yes,Month-to-month,No,Electronic check,92.83,2248.73,Yes
6866-5032,Male,0,No,No,56,Yes,Yes,No,No internet service,No internet service,No internet service,No internet service,No internet service,No internet service,Two year,No,Bank transfer (automatic),24.96,1241.75,No
6867-3230,Female,0,Yes,Yes,43,Yes,Yes,Fiber optic,No,Yes,No,No,No,No,Two year,Yes,Electronic check,77.69,3388.18,Yes
6868-7726,Female,0,Yes,Yes,32,Yes,Yes,No,No internet service,No internet service,No internet service,No internet service,No internet service,No internet service,Month-to-month,Yes,Bank transfer (automatic),33.36,1157.6,No
6869-1683,Female,1,No,Yes,5,Yes,Yes,DSL,No,No,No,No,No,No,Month-to-month,Yes,Electronic check,66.3,279.42,Yes
6870-2359,Female,0,Yes,Yes,8,Yes,Yes,Fiber optic,Yes,No,Yes,No,Yes,No,Month-to-month,Yes,Electronic check,101.28,871.24,Yes
6871-6056,Male,1,Yes,No,14,Yes,No,DSL,Yes,No,No,Yes,No,Yes,Two year,Yes,Credit card (automatic),54.7,792.83,No
6872-9910,Male,0,Yes,No,15,Yes,No,No,No internet service,No internet service,No internet service,No internet service,No internet service,No internet service,Month-to-month,No,Credit card (automatic),32.57,513.57,No
6873-3958,Female,0,No,No,35,Yes,No,DSL,No,No,Yes,No,No,No,Month-to-month,No,Electronic check,58.72,1918.05,No
6874-4989,Female,0,No,No,62,Yes,No,Fiber optic,Yes,Yes,No,Yes,Yes,Yes,One year,Yes,Mailed check,91.12,5680.83,No
6875-3900,Female,0,Yes,No,30,Yes,Yes,No,No internet service,No internet service,No internet service,No internet service,No internet service,No internet service,Month-to-month,Yes,Bank transfer (automatic),35.94,1161.49,No
6876-4964,Male,1,No,No,24,Yes,No,Fiber optic,Yes,Yes,Yes,No,No,No,Month-to-month,No,Bank transfer (automatic),79.71,1861.32,Yes
6877-1063,Female,0,Yes,No,40,Yes,No,Fiber optic,No,No,No,No,No,Yes,One year,Yes,Credit card (automatic),88.67,3650.38,No
6878-6351,Female,0,No,No,5,Yes,Yes,Fiber optic,Yes,Yes,Yes,Yes,No,Yes,Month-to-month,Yes,Mailed check,74.47,434.57,Yes
6879-6365,Female,0,No,No,53,Yes,No,Fiber optic,No,No,Yes,No,No,No,Month-to-month,No,Bank transfer (automatic),87.53,4804.18,No
6880-3839,Female,1,No,No,4,Yes,No,No,No internet service,No internet service,No internet service,No internet service,No internet service,No internet service,Month-to-month,Yes,Bank transfer (automatic),29.35,90.05,No
6881-3376,Male,0,Yes,Yes,25,Yes,No,No,No internet service,No internet service,No internet service,No internet service,No internet service,No internet service,Month-to-month,No,Mailed check,34.35,928.76,No
6882-7853,Male,0,Yes,No,69,Yes,No,Fiber optic,No,No,No,Yes,No,No,Two year,Yes,Credit card (automatic),93.54,6525.65,No
6883-2690,Female,0,Yes,No,29,Yes,No,Fiber optic,Yes,No,No,No,Yes,No,Two year,Yes,Electronic check,78.07,2215.34,No
6884-1423,Female,0,No,No,54,Yes,No,Fiber optic,No,No,Yes,No,Yes,No,Month-to-month,Yes,Bank transfer (automatic),88.67,4636.51,No
6885-1363,Male,0,Yes,No,19,Yes,No,No,No internet service,No internet service,No internet service,No internet service,No internet service,No internet service,Two year,No,Electronic check,25.42,431.86,No
6886-8934,Female,0,No,No,62,No,No phone service,Fiber optic,No,Yes,No,No,No,No,Two year,No,Electronic check,60.78,3851.11,No
6887-4278,Male,1,Yes,No,24,Yes,Yes,Fiber optic,No,Yes,No,No,Yes,No,Two year,Yes,Credit card (automatic),80.73,2001.39,No
6888-1916,Male,0,No,Yes,16,Yes,Yes,Fiber optic,No,No,Yes,Yes,Yes,Yes,Two year,Yes,Bank transfer (automatic),92.65,1524.57,No
6889-8909,Female,0,No,Yes,3,Yes,No,DSL,No,No,No,No,No,No,Two year,Yes,Bank transfer (automatic),63.08,238.65,No
6890-2337,Male,0,Yes,No,22,Yes,Yes,No,No internet service,No internet service,No internet service,No internet service,No internet service,No internet service,Month-to-month,No,Mailed check,30.71,724.37,No
6891-4029,Male,0,No,No,42,Yes,Yes,DSL,Yes,No,Yes,No,No,Yes,Month-to-month,No,Credit card (automatic),66.08,2731.6,No
6892-1186,Female,0,No,No,4,Yes,Yes,DSL,No,Yes,No,No,Yes,Yes,Month-to-month,Yes,Electronic check,68.72,342.16,No
6893-7110,Male,1,No,Yes,12,Yes,No,Fiber optic,No,No,Yes,No,No,No,One year,No,Electronic check,86.12,969.39,No
6894-7293,Male,0,No,Yes,25,Yes,No,Fiber optic,No,No,No,No,No,Yes,Month-to-month,Yes,Electronic check,77.08,1910.47,Yes
6895-7808,Male,0,No,Yes,52,Yes,No,Fiber optic,No,No,Yes,Yes,Yes,No,Month-to-month,No,Electronic check,91.82,4745.73,No
6896-3367,Male,1,No,No,43,No,No phone service,DSL,No,No,No,Yes,Yes,No,Month-to-month,No,Credit card (automatic),38.59,1766.36,No
6897-3952,Male,0,No,No,3,Yes,No,DSL,Yes,No,No,Yes,No,No,Month-to-month,No,Credit card (automatic),56.06,129.26,No
6898-9442,Male,0,Yes,Yes,2,Yes,No,DSL,No,No,No,Yes,No,Yes,Month-to-month,Yes,Bank transfer (automatic),47.81,66.29,No
6899-8393,Male,0,No,No,4,No,No phone service,Fiber optic,No,No,No,No,No,Yes,Two year,Yes,Bank transfer (automatic),62.07,260.64,No
6900-1334,Female,0,No,No,24,Yes,No,No,No internet service,No internet service,No internet service,No internet service,No internet service,No internet service,Two year,Yes,Electronic check,27.67,652.88,No
6901-7226,Male,0,Yes,No,20,Yes,No,No,No internet service,No internet service,No internet service,No internet service,No internet service,No internet service,Two year,No,Mailed check,31.54,539.9,No
6902-8313,Female,0,No,Yes,8,Yes,No,Fiber optic,Yes,No,No,Yes,No,Yes,Month-to-month,Yes,Electronic check,93.4,822.81,Yes
6903-6032,Male,0,Yes,No,32,Yes,No,Fiber optic,No,No,No,Yes,Yes,No,Month-to-month,Yes,Electronic check,64.12,1885.55,No
6904-6758,Male,0,Yes,No,43,Yes,No,Fiber optic,No,Yes,No,No,No,No,One year,Yes,Credit card (automatic),94.45,4099.35,No
6905-1008,Female,1,No,Yes,50,Yes,No,No,No internet service,No internet service,No internet service,No internet service,No internet service,No internet service,Month-to-month,Yes,Credit card (automatic),27.38,1455.61,No
6906-1270,Male,0,Yes,Yes,72,Yes,Yes,Fiber optic,Yes,No,Yes,Yes,No,Yes,Month-to-month,No,Bank transfer (automatic),99.16,7082.91,No
6907-1315,Male,1,No,No,50,Yes,Yes,DSL,No,Yes,No,No,Yes,Yes,Month-to-month,Yes,Electronic check,50.06,2439.12,No
6908-2430,Female,0,Yes,No,71,Yes,Yes,DSL,Yes,No,No,Yes,Yes,No,One year,Yes,Credit card (automatic),70.57,4912.67,No
6909-9916,Male,1,No,No,71,Yes,No,Fiber optic,Yes,No,No,No,No,Yes,Two year,Yes,Bank transfer (automatic),80.25,5634.5,No
6910-6708,Male,0,No,No,61,Yes,No,Fiber optic,No,No,No,Yes,No,Yes,One year,Yes,Electronic check,95.93,5737.19,No
6911-8039,Male,1,No,Yes,25,Yes,Yes,No,No internet service,No internet service,No internet service,No internet service,No internet service,No internet service,Month-to-month,Yes,Bank transfer (automatic),31.76,935.47,No
6912-3659,Female,0,No,No,3,Yes,No,DSL,No,No,No,No,No,Yes,One year,Yes,Electronic check,56.56,80.93,No
6913-9437,Male,0,Yes,No,4,Yes,No,No,No internet service,No internet service,No internet service,No internet service,No internet service,No internet service,Month-to-month,Yes,Mailed check,30.77,168.27,No
6914-2790,Male,0,Yes,No,63,Yes,Yes,No,No internet service,No internet service,No internet service,No internet service,No internet service,No internet service,One year,Yes,Electronic check,31.29,2117.98,No
6915-9119,Female,0,No,Yes,62,Yes,No,Fiber optic,No,No,No,Yes,No,No,One year,Yes,Bank transfer (automatic),84.06,5023.92,No
6916-1277,Male,0,No,No,22,Yes,No,DSL,Yes,Yes,No,No,Yes,Yes,Month-to-month,No,Bank transfer (automatic),72.88,1680.64,No
6917-1183,Male,1,No,No,53,Yes,Yes,DSL,No,Yes,Yes,Yes,No,No,Two year,Yes,Mailed check,54.4,2814.47,No
6918-1709,Male,0,No,Yes,33,Yes,No,Fiber optic,No,No,No,No,No,No,Month-to-month,Yes,Credit card (automatic),78.92,2626.16,No
6919-8125,Female,1,Yes,No,4,Yes,No,DSL,Yes,Yes,No,No,Yes,No,Month-to-month,Yes,Credit card (automatic),69.06,254.83,No
6920-3317,Male,0,Yes,No,47,No,No phone service,No,No internet service,No internet service,No internet service,No internet service,No internet service,No internet service,Month-to-month,No,Bank transfer (automatic),18.25,795.44,No
6921-5059,Male,1,No,No,6,Yes,Yes,Fiber optic,No,No,No,Yes,Yes,No,Two year,Yes,Electronic check,78.08,452.24,Yes
6922-5241,Female,1,No,Yes,9,No,No phone service,No,No internet service,No internet service,No internet service,No internet service,No internet service,No internet service,Month-to-month,Yes,Credit card (automatic),18.25,132.45,No
6923-8105,Female,0,No,Yes,34,Yes,Yes,Fiber optic,No,Yes,No,Yes,Yes,No,One year,Yes,Credit card (automatic),86.48,3032.92,Yes
6924-4138,Male,0,No,No,5,Yes,No,DSL,No,No,No,No,No,Yes,Month-to-month,Yes,Mailed check,65.7,291.09,Yes
6925-1060,Male,0,No,No,24,Yes,Yes,Fiber optic,Yes,No,No,No,No,Yes,Month-to-month,Yes,Credit card (automatic),75.8,1831.06,No
6926-4477,Female,0,No,Yes,54,Yes,No,Fiber optic,No,No,No,No,No,Yes,Month-to-month,No,Mailed check,92.05,4949.4,No
6927-3593,Male,0,Yes,Yes,43,Yes,No,DSL,No,No,No,No,Yes,No,Two year,No,Electronic check,61.3,2585.91,No
6928-7577,Male,0,No,No,4,Yes,No,DSL,No,No,Yes,No,No,Yes,Month-to-month,Yes,Mailed check,68.47,291.91,No
6929-7761,Female,0,Yes,No,15,Yes,No,Fiber optic,No,No,Yes,No,No,No,One year,No,Credit card (automatic),97.5,1510.93,No
6930-1827,Male,0,Yes,Yes,72,Yes,Yes,Fiber optic,No,Yes,No,Yes,No,No,One year,Yes,Electronic check,100.41,7203.56,No
6931-8136,Male,0,No,No,70,Yes,Yes,DSL,Yes,No,No,No,Yes,Yes,Month-to-month,No,Credit card (automatic),59.34,4313.89,No
6932-1634,Female,0,Yes,No,67,Yes,Yes,Fiber optic,No,No,Yes,No,Yes,No,Month-to-month,No,Credit card (automatic),90.61,6127.81,No
6933-6576,Female,0,Yes,Yes,37,No,No phone service,No,No internet service,No internet service,No internet service,No internet service,No internet service,No internet service,Two year,Yes,Electronic check,18.25,742.4,No
6934-4503,Female,1,No,Yes,31,Yes,No,Fiber optic,No,Yes,No,No,Yes,Yes,Month-to-month,No,Mailed check,92.44,2923.08,Yes
6935-3711,Male,1,No,No,54,Yes,Yes,DSL,No,No,Yes,No,Yes,No,Month-to-month,Yes,Credit card (automatic),78.32,4398.13,Yes
6936-5348,Female,1,Yes,No,69,Yes,No,Fiber optic,No,Yes,No,No,Yes,No,Two year,No,Credit card (automatic),84.14,5872.02,No
6937-3792,Male,0,No,No,9,Yes,Yes,Fiber optic,Yes,No,No,No,No,Yes,Month-to-month,Yes,Credit card (automatic),96.51,1013.28,Yes
6938-8143,Female,0,No,No,65,Yes,No,No,No internet service,No internet service,No internet service,No internet service,No internet service,No internet service,Month-to-month,Yes,Electronic check,37.8,2518.14,No
6939-9699,Female,0,Yes,No,45,Yes,No,Fiber optic,Yes,No,No,No,Yes,No,Month-to-month,No,Electronic check,102.6,4600.34,No
6940-8341,Female,0,No,No,10,Yes,Yes,DSL,No,No,No,No,Yes,No,Month-to-month,Yes,Mailed check,67.31,549.67,Yes
6941-4952,Male,1,No,No,63,Yes,No,DSL,No,Yes,No,Yes,Yes,Yes,Month-to-month,Yes,Electronic check,86.4,5497.47,No
6942-5529,Male,0,No,No,2,Yes,No,DSL,No,Yes,No,No,No,Yes,Month-to-month,Yes,Mailed check,54.42,6.93,Yes
6943-5023,Female,0,No,No,1,Yes,No,Fiber optic,No,Yes,No,No,No,Yes,Month-to-month,No,Mailed check,80.18,90.67,No
6944-8141,Male,1,No,Yes,26,Yes,No,DSL,Yes,Yes,Yes,Yes,No,Yes,Two year,No,Bank transfer (automatic),62.4,1623.7,No
6945-5970,Male,0,No,No,39,Yes,Yes,No,No internet service,No internet service,No internet service,No internet service,No internet service,No internet service,Two year,Yes,Electronic check,24.97,970.34,No
6946-5212,Male,0,Yes,No,31,Yes,No,Fiber optic,Yes,No,Yes,No,No,No,Month-to-month,No,Electronic check,84.27,2684.82,No
6947-4685,Female,0,No,No,18,Yes,No,Fiber optic,No,No,No,Yes,Yes,No,Two year,Yes,Bank transfer (automatic),91.11,1553.86,Yes
6948-4375,Male,0,No,Yes,47,Yes,Yes,DSL,No,No,No,Yes,Yes,Yes,One year,Yes,Credit card (automatic),60.27,2908.75,No
6949-5973,Male,0,Yes,No,34,Yes,No,DSL,No,Yes,No,No,No,Yes,Month-to-month,No,Mailed check,70.73,2313.54,No
6950-7200,Male,0,No,No,8,Yes,No,Fiber optic,No,No,Yes,Yes,No,Yes,One year,Yes,Credit card (automatic),82.74,740.88,Yes
6951-4890,Male,0,No,Yes,59,Yes,Yes,Fiber optic,Yes,No,Yes,No,No,Yes,One year,Yes,Electronic check,94.06,5566.97,Yes
6952-8259,Female,0,Yes,No,22,Yes,Yes,Fiber optic,No,No,No,No,No,No,Two year,Yes,Electronic check,78.2,1775.36,No
6953-8439,Male,0,Yes,No,50,Yes,No,Fiber optic,No,No,Yes,No,Yes,Yes,Month-to-month,No,Credit card (automatic),78.94,4104.41,Yes
6954-4861,Male,0,No,No,25,Yes,Yes,No,No internet service,No internet service,No internet service,No internet service,No internet service,No internet service,Month-to-month,No,Credit card (automatic),26.72,580.8,No
6955-9180,Male,0,Yes,No,55,No,No phone service,Fiber optic,No,No,Yes,Yes,Yes,Yes,One year,Yes,Mailed check,110.14,5922.24,No
6956-2557,Male,0,No,No,20,Yes,Yes,DSL,No,No,No,Yes,No,Yes,One year,Yes,Credit card (automatic),73.49,1510.33,No
6957-9388,Female,0,Yes,Yes,15,Yes,Yes,DSL,No,Yes,No,Yes,Yes,No,Two year,No,Credit card (automatic),55.55,781.69,No
6958-3646,Male,0,No,No,5,Yes,No,No,No internet service,No internet service,No internet service,No internet service,No internet service,No internet service,Two year,No,Mailed check,32.76,255.68,No
6959-6078,Female,0,No,No,60,No,No phone service,DSL,No,No,No,No,Yes,Yes,Month-to-month,No,Electronic check,46.86,2744.3,No
6960-3551,Male,0,Yes,Yes,52,Yes,No,DSL,No,No,No,Yes,No,Yes,Month-to-month,Yes,Mailed check,75.86,4015.99,No
6961-4978,Male,0,No,No,44,Yes,Yes,No,No internet service,No internet service,No internet service,No internet service,No internet service,No internet service,Month-to-month,Yes,Mailed check,33.54,1501.67,No
6962-4060,Male,0,Yes,No,44,No,No phone service,DSL,Yes,No,No,Yes,Yes,Yes,Month-to-month,Yes,Electronic check,61.21,2640.62,No
6963-7346,Female,1,Yes,No,5,Yes,No,Fiber optic,No,No,No,No,Yes,No,Month-to-month,Yes,Electronic check,83.76,515.4,Yes
6964-1730,Male,1,No,No,30,Yes,No,DSL,No,Yes,No,No,Yes,No,Two year,No,Mailed check,60.34,1735.61,No
6965-8544,Female,1,Yes,No,62,Yes,Yes,Fiber optic,No,No,Yes,No,No,No,Month-to-month,Yes,Electronic check,86.77,5391.06,No
6966-9133,Male,0,No,No,21,Yes,No,DSL,No,No,Yes,Yes,No,No,Month-to-month,No,Mailed check,64.57,1305.25,No
6967-6066,Male,1,No,No,4,Yes,Yes,No,No internet service,No internet service,No internet service,No internet service,No internet service,No internet service,Month-to-month,No,Credit card (automatic),27.69,158.05,No
6968-5924,Female,0,Yes,No,61,Yes,No,DSL,Yes,No,Yes,No,No,Yes,Month-to-month,Yes,Bank transfer (automatic),70.27,4321.78,No
6969-7299,Male,0,Yes,No,2,Yes,No,DSL,Yes,No,No,No,Yes,No,Month-to-month,No,Bank transfer (automatic),61.05,123.72,No
6970-2791,Male,1,No,No,50,Yes,No,No,No internet service,No internet service,No internet service,No internet service,No internet service,No internet service,Month-to-month,Yes,Credit card (automatic),30.15,1397.96,No
6971-7746,Female,0,Yes,No,60,Yes,No,Fiber optic,Yes,No,Yes,Yes,No,Yes,Month-to-month,Yes,Mailed check,70.35,4202.54,No
6972-2967,Female,0,No,No,54,Yes,No,Fiber optic,No,No,No,No,No,Yes,Two year,Yes,Mailed check,81.63,4347.45,No
6973-7086,Female,0,Yes,No,0,No,No phone service,Fiber optic,No,No,Yes,No,Yes,No,Two year,No,Electronic check,73.24,,No
6974-3749,Female,0,No,Yes,65,Yes,No,Fiber optic,No,No,No,No,No,Yes,Month-to-month,No,Credit card (automatic),84.92,5479.31,No
6975-7714,Male,0,Yes,Yes,6,Yes,No,No,No internet service,No internet service,No internet service,No internet service,No internet service,No internet service,Month-to-month,No,Bank transfer (automatic),32.26,296.98,No
6976-8118,Male,0,No,Yes,62,Yes,Yes,Fiber optic,No,No,Yes,Yes,Yes,No,Month-to-month,No,Bank transfer (automatic),80.5,4997.57,No
6977-2877,Male,0,No,No,1,No,No phone service,Fiber optic,Yes,No,No,Yes,No,Yes,Month-to-month,Yes,Electronic check,86.42,138.07,No
6978-6556,Female,0,Yes,No,35,Yes,No,DSL,No,Yes,No,No,No,No,One year,Yes,Electronic check,58.74,2145.37,No
6979-5484,Male,0,No,No,64,No,No phone service,Fiber optic,No,No,No,Yes,No,No,Two year,Yes,Bank transfer (automatic),77.86,4903.94,No
6980-3646,Male,0,Yes,No,19,Yes,No,No,No internet service,No internet service,No internet service,No internet service,No internet service,No internet service,Month-to-month,No,Mailed check,30.21,759.06,No
6981-6293,Male,0,Yes,Yes,3,Yes,Yes,DSL,No,Yes,No,Yes,No,No,Two year,Yes,Bank transfer (automatic),57.75,174.29,No
6982-9932,Female,0,Yes,No,6,Yes,Yes,Fiber optic,No,No,Yes,Yes,No,No,One year,No,Electronic check,76.36,330.24,No
6983-1022,Female,0,No,Yes,27,Yes,Yes,DSL,No,No,No,Yes,Yes,No,Two year,No,Credit card (automatic),61.26,1680.22,No
6984-9610,Male,0,No,No,26,Yes,No,Fiber optic,Yes,Yes,No,Yes,Yes,Yes,Month-to-month,No,Bank transfer (automatic),90.51,2380.35,No
6985-8702,Male,0,Yes,Yes,15,Yes,No,Fiber optic,Yes,No,No,No,Yes,No,Month-to-month,Yes,Bank transfer (automatic),93.95,1343.74,Yes
6986-5763,Female,0,No,Yes,33,Yes,Yes,Fiber optic,Yes,Yes,No,No,Yes,No,Month-to-month,No,Bank transfer (automatic),109.37,3815.26,Yes
6987-6489,Male,0,No,Yes,24,Yes,Yes,No,No internet service,No internet service,No internet service,No internet service,No internet service,No internet service,Month-to-month,Yes,Electronic check,31.72,629.12,No
6988-4322,Male,0,Yes,No,43,Yes,Yes,Fiber optic,No,Yes,Yes,No,No,Yes,Month-to-month,Yes,Electronic check,91.7,3970.01,No
6989-2162,Male,0,Yes,Yes,21,Yes,No,No,No internet service,No internet service,No internet service,No internet service,No internet service,No internet service,Two year,Yes,Bank transfer (automatic),26.94,593.79,No
6990-6142,Female,0,Yes,No,22,Yes,Yes,Fiber optic,No,No,Yes,No,No,No,Two year,No,Mailed check,78.66,1824.48,No
6991-8346,Male,0,Yes,No,64,Yes,Yes,DSL,No,No,No,No,No,Yes,Two year,Yes,Mailed check,81.77,5302.85,No
6992-3079,Female,0,No,No,57,Yes,No,Fiber optic,No,Yes,Yes,No,No,No,Two year,Yes,Mailed check,68.26,3870.76,No
6993-7452,Male,1,No,Yes,56,Yes,Yes,Fiber optic,Yes,Yes,No,Yes,No,No,Month-to-month,No,Bank transfer (automatic),79.51,4381.06,No
6994-7731,Female,0,Yes,No,27,Yes,No,Fiber optic,No,Yes,Yes,No,No,No,One year,Yes,Mailed check,88.05,2441.18,No
6995-7823,Female,1,No,Yes,64,Yes,No,Fiber optic,No,Yes,Yes,No,No,Yes,One year,No,Bank transfer (automatic),93.92,5982.04,No
6996-4059,Male,0,Yes,No,24,Yes,Yes,Fiber optic,No,No,No,No,Yes,No,One year,Yes,Credit card (automatic),100.19,2458.92,Yes
6997-4527,Male,0,No,No,52,Yes,No,DSL,Yes,No,Yes,No,No,Yes,One year,No,Electronic check,64.0,3310.09,No
6998-4745,Male,0,No,No,54,Yes,No,Fiber optic,Yes,No,No,Yes,Yes,Yes,Month-to-month,Yes,Mailed check,98.08,5295.62,No
6999-8686,Male,0,Yes,Yes,24,Yes,Yes,Fiber optic,Yes,Yes,Yes,No,Yes,Yes,Month-to-month,No,Mailed check,97.55,2487.14,No
7000-9103,Male,1,No,No,44,Yes,Yes,No,No internet service,No internet service,No internet service,No internet service,No internet service,No internet service,Month-to-month,Yes,Bank transfer (automatic),29.91,1217.95,No
7001-4725,Male,0,Yes,No,13,Yes,Yes,Fiber optic,Yes,No,Yes,No,Yes,No,Month-to-month,Yes,Electronic check,86.23,1057.56,No
7002-9728,Female,0,No,Yes,28,Yes,Yes,DSL,No,No,No,Yes,Yes,No,Two year,Yes,Electronic check,59.61,1711.91,No
7003-6134,Male,1,Yes,No,38,Yes,Yes,Fiber optic,Yes,Yes,No,No,No,No,Month-to-month,Yes,Electronic check,80.77,3008.13,No
7004-4465,Female,1,No,No,48,Yes,No,Fiber optic,Yes,No,No,No,Yes,Yes,Month-to-month,Yes,Mailed check,93.92,4630.66,No
7005-1005,Male,0,No,No,26,Yes,Yes,Fiber optic,No,No,No,No,No,No,Two year,No,Electronic check,84.15,1936.11,No
7006-6499,Female,0,No,No,51,Yes,No,No,No internet service,No internet service,No internet service,No internet service,No internet service,No internet service,Month-to-month,Yes,Mailed check,27.8,1308.08,No
7007-6803,Female,0,No,Yes,46,Yes,No,Fiber optic,No,No,Yes,Yes,No,No,Month-to-month,Yes,Electronic check,85.74,3933.45,No
7008-9714,Male,0,No,Yes,63,Yes,No,Fiber optic,No,Yes,No,No,Yes,Yes,Month-to-month,Yes,Mailed check,109.66,6966.06,No
7009-7462,Female,1,Yes,No,2,No,No phone service,Fiber optic,No,No,No,Yes,Yes,No,Two year,Yes,Electronic check,77.79,124.7,No
7010-1267,Male,0,No,No,37,Yes,No,Fiber optic,No,No,Yes,No,No,No,Month-to-month,Yes,Credit card (automatic),95.12,3532.26,No
7011-6103,Female,0,Yes,Yes,52,Yes,No,Fiber optic,No,No,No,No,Yes,Yes,Month-to-month,Yes,Mailed check,104.84,5567.04,Yes
7012-7684,Female,0,No,No,30,Yes,Yes,DSL,Yes,Yes,No,Yes,Yes,Yes,Two year,No,Electronic check,81.79,2535.52,No
7013-5468,Male,0,No,No,21,Yes,Yes,DSL,Yes,Yes,No,No,Yes,No,One year,Yes,Electronic check,71.32,1481.95,No
7014-4863,Male,0,Yes,Yes,42,Yes,Yes,DSL,No,No,No,No,No,Yes,Two year,No,Electronic check,61.71,2610.24,No
7015-8288,Male,0,Yes,Yes,33,Yes,Yes,No,No internet service,No internet service,No internet service,No internet service,No internet service,No internet service,One year,No,Mailed check,24.49,775.46,No
7016-6501,Male,0,Yes,No,31,Yes,Yes,No,No internet service,No internet service,No internet service,No internet service,No internet service,No internet service,Month-to-month,Yes,Credit card (automatic),28.09,1074.77,No
7017-7131,Male,0,Yes,No,71,No,No phone service,No,No internet service,No internet service,No internet service,No internet service,No internet service,No internet service,Month-to-month,Yes,Mailed check,18.25,1198.88,No
7018-5176,Female,0,No,No,30,Yes,Yes,DSL,Yes,Yes,Yes,No,Yes,No,Month-to-month,Yes,Bank transfer (automatic),77.74,2290.22,No
7019-3502,Male,0,Yes,Yes,15,No,No phone service,No,No internet service,No internet service,No internet service,No internet service,No internet service,No internet service,One year,Yes,Credit card (automatic),18.25,359.07,No
7020-5671,Female,0,No,No,1,No,No phone service,No,No internet service,No internet service,No internet service,No internet service,No internet service,No internet service,Month-to-month,Yes,Bank transfer (automatic),18.25,23.66,No
7021-9630,Female,0,Yes,No,8,Yes,Yes,DSL,No,No,No,No,No,No,Month-to-month,Yes,Electronic check,51.12,527.12,Yes
7022-6423,Female,0,No,No,39,Yes,No,Fiber optic,No,No,No,No,No,No,Two year,Yes,Mailed check,94.9,3878.74,No
7023-7364,Female,1,Yes,No,15,Yes,No,No,No internet service,No internet service,No internet service,No internet service,No internet service,No internet service,Month-to-month,No,Electronic check,33.0,526.78,No
7024-2117,Female,0,Yes,Yes,7,Yes,Yes,Fiber optic,No,No,Yes,Yes,No,No,Month-to-month,Yes,Mailed check,83.32,558.81,No
7025-9890,Male,0,No,No,25,Yes,Yes,No,No internet service,No internet service,No internet service,No internet service,No internet service,No internet service,Two year,No,Bank transfer (automatic),33.8,728.33,No
7026-3202,Female,0,Yes,No,17,No,No phone service,Fiber optic,No,Yes,No,No,Yes,No,Two year,Yes,Electronic check,74.39,1160.49,No
7027-9740,Male,0,No,Yes,39,Yes,Yes,Fiber optic,No,No,No,No,No,No,Month-to-month,No,Mailed check,81.58,2986.68,No
7028-5011,Male,0,No,No,4,Yes,No,DSL,Yes,Yes,Yes,No,No,Yes,Two year,Yes,Bank transfer (automatic),80.15,319.22,No
7029-9269,Female,0,Yes,No,71,Yes,Yes,DSL,No,Yes,No,No,No,No,Two year,Yes,Mailed check,52.22,3835.26,No
7030-9025,Female,0,Yes,Yes,66,Yes,Yes,Fiber optic,No,Yes,Yes,No,No,Yes,Month-to-month,No,Bank transfer (automatic),80.13,5209.8,No
7031-7797,Male,0,Yes,Yes,63,Yes,No,DSL,No,No,No,Yes,Yes,No,Month-to-month,No,Credit card (automatic),61.22,3914.19,No
7032-9246,Male,0,Yes,No,12,Yes,No,Fiber optic,Yes,No,No,No,Yes,No,One year,No,Electronic check,64.83,825.79,Yes
7033-6484,Female,0,No,No,52,Yes,Yes,No,No internet service,No internet service,No internet service,No internet service,No internet service,No internet service,One year,No,Credit card (automatic),30.34,1481.35,No
7034-8638,Male,0,Yes,No,0,Yes,Yes,DSL,No,No,Yes,Yes,No,Yes,One year,Yes,Mailed check,68.4,,No
7035-2549,Female,0,Yes,No,52,Yes,Yes,Fiber optic,No,Yes,No,No,Yes,No,Month-to-month,Yes,Credit card (automatic),100.59,5230.3,No
7036-1632,Male,0,No,Yes,58,Yes,No,No,No internet service,No internet service,No internet service,No internet service,No internet service,No internet service,One year,No,Credit card (automatic),29.64,1865.81,No
7037-5889,Female,0,Yes,No,20,Yes,No,No,No internet service,No internet service,No internet service,No internet service,No internet service,No internet service,Two year,No,Bank transfer (automatic),23.57,446.86,No
7038-8287,Male,0,No,No,33,Yes,No,No,No internet service,No internet service,No internet service,No internet service,No internet service,No internet service,Month-to-month,Yes,Bank transfer (automatic),30.26,1129.38,No
7039-7887,Female,0,No,Yes,67,Yes,Yes,Fiber optic,No,No,No,No,Yes,No,Month-to-month,Yes,Mailed check,89.47,5792.51,No
7040-5750,Female,0,No,Yes,14,Yes,No,DSL,No,Yes,No,No,Yes,No,One year,Yes,Mailed check,49.45,715.89,No
7041-5687,Female,0,No,No,39,Yes,Yes,No,No internet service,No internet service,No internet service,No internet service,No internet service,No internet service,Month-to-month,No,Bank transfer (automatic),32.95,1108.1,No
7042-6487,Female,0,Yes,No,22,Yes,Yes,No,No internet service,No internet service,No internet service,No internet service,No internet service,No internet service,Month-to-month,No,Mailed check,28.53,464.16,No
